-- Configuring done (4.8s)
-- Generating done (9.9s)
-- Build files have been written to: /home/bigyang/amg-compress/raptor-compress/build
[  1%] Built target gtest
[  2%] Built target gtest_main
[  2%] Built target gmock
[  3%] Built target gmock_main
[ 26%] Built target raptor
[ 50%] Built target test_par_strength
[ 50%] Built target test_interpolation
[ 50%] Built target test_tap_splitting
[ 50%] Built target test_tap_spmv_random
[ 50%] Built target test_par_transpose
[ 50%] Built target test_par_block_matrix
[ 57%] Built target test_par_scale_aniso
[ 50%] Built target test_matrix
[ 50%] Built target test_par_rap
[ 57%] Built target test_repartition
[ 57%] Built target test_par_spmv_aniso
[ 50%] Built target test_spmv_laplacian
[ 50%] Built target test_ruge_stuben
[ 57%] Built target test_par_block_conversion
[ 50%] Built target test_tap_spmv_aniso
[ 57%] Built target test_tap_rap
[ 50%] Built target test_par_spmv_random
[ 57%] Built target test_par_interpolation
[ 57%] Built target test_strength
[ 50%] Built target test_rap
[ 50%] Built target test_par_matrix
[ 57%] Built target test_splitting
[ 50%] Built target test_tap_spmv_laplacian
[ 50%] Built target test_par_splitting
[ 50%] Built target test_transpose
[ 50%] Built target test_par_add
[ 57%] Built target test_par_comm
[ 50%] Built target test_spmv_aniso
[ 50%] Built target test_par_vector
[ 50%] Built target test_par_spmv_laplacian
[ 50%] Built target test_spmv_random
[ 50%] Built target test_tap_comm
[ 58%] Built target test_tap_interpolation
[ 63%] Built target test_prolongation
[ 63%] Built target test_tap_ruge_stuben
[ 63%] Built target test_tap_aggregate
[ 63%] Built target test_mis
[ 63%] Built target test_tap_candidates
[ 63%] Built target test_tap_mis
[ 63%] Built target test_candidates
[ 81%] Built target test_stencil
[ 81%] Built target test_aggregate
[ 81%] Built target test_par_candidates
[ 81%] Built target test_par_prolongation
[ 81%] Built target test_par_smoothed_aggregation
[ 81%] Built target test_laplacian
[ 81%] Built target test_smoothed_aggregation
[ 81%] Built target test_par_laplacian
[ 81%] Built target test_matrix_market
[ 81%] Built target test_tap_prolongation
[ 81%] Built target test_par_mis
[ 81%] Built target test_bicgstab
[ 81%] Built target test_par_cg
[ 81%] Built target test_aniso
[ 81%] Built target test_amg
[ 81%] Building CXX object examples/CMakeFiles/example.dir/example.cpp.o
[ 81%] Built target test_par_ruge_stuben
[ 81%] Built target test_par_bicgstab
[ 81%] Built target test_cg
[ 81%] Built target test_par_aniso
[ 85%] Built target test_par_aggregate
[ 85%] Built target benchmark_spmv
[ 85%] Built target test_par_amg
[ 85%] Built target test_par_matrix_market
[ 86%] Built target matop_example
[ 86%] Built target benchmark_setup
[ 90%] Built target csr_example
[ 90%] Built target coo_example
[ 90%] Built target benchmark_reader
[ 99%] Built target profile_tap_sas
[ 99%] Built target profile_tap_steps
[ 99%] Built target profile_tap_amg
[ 99%] Built target profile_tap_spgemm
[ 99%] Built target profile_tap_rss
[ 99%] Built target model_tap_steps
[ 94%] Built target benchmark_solve
[ 99%] Built target benchmark_setup_sweeps
[ 94%] Built target benchmark_tap_spmv
[ 94%] Built target benchmark_tap_spgemm
[ 94%] Built target benchmark_amg
  argv[1] = 1e-7
  argv[2] = 1e-7
  argv[3] = 1
  argv[4] = 15000
  argv[1] = 1e-7
  argv[2] = 1e-7
  argv[3] = 1
  argv[4] = 15000
N is>>>>>15000
TIme matrix setup before2538.95
N is>>>>>15000
TIme matrix setup before2538.96
TIme matrix setup after2538.96
TIme matrix setup after2538.95
Level	NumRows	NNZ
-----	-------	---
0	225000000	2024820004
1	136924523	2049656491
2	80607701	2016480581
3	38783370	1303347654
4	18776673	731529471
5	8917891	379231169
6	4201538	187846282
7	1961138	90340094
8	898986	41934852
9	398762	18474048
10	168825	7601496
11	67677	2908004
12	25740	1040505
13	9442	357784
14	3367	116239
15	1171	35704
16	402	10184
17	136	2450
18	45	517
cr:923.077,iter:0,level:0,rank:0,datasize:15000,operation:
cr:923.077,iter:0,level:0,rank:0,datasize:15000,operation:Pre-Smoothing
SZ is downgraded to lossless mode.
cr:1.04669,iter:0,level:0,rank:0,datasize:15000,operation:Residual
cr:1142.48,iter:0,level:1,rank:0,datasize:18851,operation:Pre-Smoothing
SZ is downgraded to lossless mode.
cr:1.04691,iter:0,level:1,rank:0,datasize:18851,operation:Residual
SZ is downgraded to lossless mode.
cr:1451.88,iter:0,level:2,rank:0,datasize:23956,operation:Pre-Smoothing
SZ is downgraded to lossless mode.
cr:1.04627,iter:0,level:2,rank:0,datasize:23956,operation:Residual
SZ is downgraded to lossless mode.
cr:1581.15,iter:0,level:3,rank:0,datasize:26089,operation:Pre-Smoothing
SZ is downgraded to lossless mode.
cr:1.04614,iter:0,level:3,rank:0,datasize:26089,operation:Residual
SZ is downgraded to lossless mode.
cr:1379.15,iter:0,level:4,rank:0,datasize:22756,operation:Pre-Smoothing
SZ is downgraded to lossless mode.
cr:1.04566,iter:0,level:4,rank:0,datasize:22756,operation:Residual
SZ is downgraded to lossless mode.
cr:1127.58,iter:0,level:5,rank:0,datasize:18605,operation:Pre-Smoothing
SZ is downgraded to lossless mode.
SZ is downgraded to lossless mode.
cr:1.04586,iter:0,level:5,rank:0,datasize:18605,operation:Residual
cr:888.489,iter:0,level:6,rank:0,datasize:14549,operation:Pre-Smoothing
SZ is downgraded to lossless mode.
cr:1.04581,iter:0,level:6,rank:0,datasize:14549,operation:Residual
SZ is downgraded to lossless mode.
cr:683.237,iter:0,level:7,rank:0,datasize:11188,operation:Pre-Smoothing
SZ is downgraded to lossless mode.
SZ is downgraded to lossless mode.
cr:1.04547,iter:0,level:7,rank:0,datasize:11188,operation:Residual
cr:501.538,iter:0,level:8,rank:0,datasize:8150,operation:Pre-Smoothing
SZ is downgraded to lossless mode.
SZ is downgraded to lossless mode.
cr:1.04516,iter:0,level:8,rank:0,datasize:8150,operation:Residual
cr:363.843,iter:0,level:9,rank:0,datasize:5776,operation:Pre-Smoothing
SZ is downgraded to lossless mode.
SZ is downgraded to lossless mode.
cr:1.04458,iter:0,level:9,rank:0,datasize:5776,operation:Residual
cr:295.028,iter:0,level:10,rank:0,datasize:3946,operation:Pre-Smoothing
SZ is downgraded to lossless mode.
cr:1.04433,iter:0,level:10,rank:0,datasize:3946,operation:Residual
SZ is downgraded to lossless mode.
cr:188.187,iter:0,level:11,rank:0,datasize:2517,operation:Pre-Smoothing
SZ is downgraded to lossless mode.
cr:1.04224,iter:0,level:11,rank:0,datasize:2517,operation:Residual
SZ is downgraded to lossless mode.
cr:116.561,iter:0,level:12,rank:0,datasize:1559,operation:Pre-Smoothing
SZ is downgraded to lossless mode.
cr:1.03951,iter:0,level:12,rank:0,datasize:1559,operation:Residual
SZ is downgraded to lossless mode.
cr:68.9346,iter:0,level:13,rank:0,datasize:922,operation:Pre-Smoothing
SZ is downgraded to lossless mode.
SZ is downgraded to lossless mode.
cr:1.03392,iter:0,level:13,rank:0,datasize:922,operation:Residual
cr:41.7944,iter:0,level:14,rank:0,datasize:559,operation:Pre-Smoothing
cr:1.02217,iter:0,level:14,rank:0,datasize:559,operation:Residual
cr:24.3107,iter:0,level:15,rank:0,datasize:313,operation:Pre-Smoothing
cr:1.01418,iter:0,level:15,rank:0,datasize:313,operation:Residual
cr:12.2182,iter:0,level:16,rank:0,datasize:168,operation:Pre-Smoothing
cr:0.986784,iter:0,level:16,rank:0,datasize:168,operation:Residual
cr:4.8,iter:0,level:17,rank:0,datasize:66,operation:Pre-Smoothing
cr:0.901024,iter:0,level:17,rank:0,datasize:66,operation:Residual
cr:0.583942,iter:0,level:18,rank:0,datasize:10,operation:Interpolation
cr:0.901024,iter:0,level:18,rank:0,datasize:66,operation:Post-smoothing
cr:0.737327,iter:0,level:18,rank:0,datasize:20,operation:Interpolation
cr:0.998514,iter:0,level:18,rank:0,datasize:168,operation:Post-smoothing
cr:0.861244,iter:0,level:18,rank:0,datasize:45,operation:Interpolation
cr:1.04551,iter:0,level:18,rank:0,datasize:313,operation:Post-smoothing
cr:0.879668,iter:0,level:18,rank:0,datasize:53,operation:Interpolation
cr:1.07294,iter:0,level:18,rank:0,datasize:559,operation:Post-smoothing
cr:0.972129,iter:0,level:18,rank:0,datasize:109,operation:Interpolation
cr:1.08152,iter:0,level:18,rank:0,datasize:922,operation:Post-smoothing
cr:1.01325,iter:0,level:18,rank:0,datasize:172,operation:Interpolation
cr:1.08452,iter:0,level:18,rank:0,datasize:1559,operation:Post-smoothing
cr:1.03586,iter:0,level:18,rank:0,datasize:278,operation:Interpolation
SZ is downgraded to lossless mode.
SZ is downgraded to lossless mode.
cr:1.08737,iter:0,level:18,rank:0,datasize:2517,operation:Post-smoothing
cr:1.06285,iter:0,level:18,rank:0,datasize:446,operation:Interpolation
SZ is downgraded to lossless mode.
cr:1.08645,iter:0,level:18,rank:0,datasize:3946,operation:Post-smoothing
SZ is downgraded to lossless mode.
cr:1.06848,iter:0,level:18,rank:0,datasize:630,operation:Interpolation
SZ is downgraded to lossless mode.
SZ is downgraded to lossless mode.
cr:1.08513,iter:0,level:18,rank:0,datasize:5776,operation:Post-smoothing
cr:1.07439,iter:0,level:18,rank:0,datasize:1029,operation:Interpolation
SZ is downgraded to lossless mode.
cr:1.08234,iter:0,level:18,rank:0,datasize:8150,operation:Post-smoothing
SZ is downgraded to lossless mode.
cr:1.07628,iter:0,level:18,rank:0,datasize:1471,operation:Interpolation
SZ is downgraded to lossless mode.
cr:1.08003,iter:0,level:18,rank:0,datasize:11188,operation:Post-smoothing
SZ is downgraded to lossless mode.
cr:1.07633,iter:0,level:18,rank:0,datasize:1893,operation:Interpolation
SZ is downgraded to lossless mode.
SZ is downgraded to lossless mode.
cr:1.0772,iter:0,level:18,rank:0,datasize:14549,operation:Post-smoothing
cr:1.0747,iter:0,level:18,rank:0,datasize:2586,operation:Interpolation
SZ is downgraded to lossless mode.
SZ is downgraded to lossless mode.
cr:1.0748,iter:0,level:18,rank:0,datasize:18605,operation:Post-smoothing
cr:1.07206,iter:0,level:18,rank:0,datasize:3379,operation:Interpolation
SZ is downgraded to lossless mode.
SZ is downgraded to lossless mode.
cr:1.07214,iter:0,level:18,rank:0,datasize:22756,operation:Post-smoothing
cr:1.0702,iter:0,level:18,rank:0,datasize:4524,operation:Interpolation
SZ is downgraded to lossless mode.
SZ is downgraded to lossless mode.
cr:1.0689,iter:0,level:18,rank:0,datasize:26089,operation:Post-smoothing
SZ is downgraded to lossless mode.
cr:1.06781,iter:0,level:18,rank:0,datasize:6309,operation:Interpolation
SZ is downgraded to lossless mode.
SZ is downgraded to lossless mode.
SZ is downgraded to lossless mode.
cr:1.06665,iter:0,level:18,rank:0,datasize:23956,operation:Post-smoothing
SZ is downgraded to lossless mode.
cr:1.06616,iter:0,level:18,rank:0,datasize:7767,operation:Interpolation
SZ is downgraded to lossless mode.
SZ is downgraded to lossless mode.
SZ is downgraded to lossless mode.
cr:1.06109,iter:0,level:18,rank:0,datasize:18851,operation:Post-smoothing
cr:1.06018,iter:0,level:18,rank:0,datasize:7371,operation:Interpolation
cr:1.05201,iter:0,level:18,rank:0,datasize:15000,operation:Post-smoothing
cr:1.05165,iter:0,level:18,rank:0,datasize:15000,operation:Residual-Norm
cr:1.05165,iter:1,level:0,rank:0,datasize:15000,operation:Pre-Smoothing
cr:1.05124,iter:1,level:0,rank:0,datasize:15000,operation:Residual
cr:1142.48,iter:1,level:1,rank:0,datasize:18851,operation:Pre-Smoothing
SZ is downgraded to lossless mode.
cr:1.04551,iter:1,level:1,rank:0,datasize:18851,operation:Residual
SZ is downgraded to lossless mode.
cr:1451.88,iter:1,level:2,rank:0,datasize:23956,operation:Pre-Smoothing
SZ is downgraded to lossless mode.
cr:1.04576,iter:1,level:2,rank:0,datasize:23956,operation:Residual
SZ is downgraded to lossless mode.
cr:1581.15,iter:1,level:3,rank:0,datasize:26089,operation:Pre-Smoothing
SZ is downgraded to lossless mode.
cr:1.04562,iter:1,level:3,rank:0,datasize:26089,operation:Residual
SZ is downgraded to lossless mode.
cr:1379.15,iter:1,level:4,rank:0,datasize:22756,operation:Pre-Smoothing
SZ is downgraded to lossless mode.
SZ is downgraded to lossless mode.
cr:1.04557,iter:1,level:4,rank:0,datasize:22756,operation:Residual
cr:1127.58,iter:1,level:5,rank:0,datasize:18605,operation:Pre-Smoothing
SZ is downgraded to lossless mode.
SZ is downgraded to lossless mode.
cr:1.0452,iter:1,level:5,rank:0,datasize:18605,operation:Residual
cr:888.489,iter:1,level:6,rank:0,datasize:14549,operation:Pre-Smoothing
SZ is downgraded to lossless mode.
cr:1.04546,iter:1,level:6,rank:0,datasize:14549,operation:Residual
SZ is downgraded to lossless mode.
cr:683.237,iter:1,level:7,rank:0,datasize:11188,operation:Pre-Smoothing
SZ is downgraded to lossless mode.
SZ is downgraded to lossless mode.
cr:1.04523,iter:1,level:7,rank:0,datasize:11188,operation:Residual
cr:501.538,iter:1,level:8,rank:0,datasize:8150,operation:Pre-Smoothing
SZ is downgraded to lossless mode.
SZ is downgraded to lossless mode.
cr:1.04539,iter:1,level:8,rank:0,datasize:8150,operation:Residual
cr:363.843,iter:1,level:9,rank:0,datasize:5776,operation:Pre-Smoothing
SZ is downgraded to lossless mode.
SZ is downgraded to lossless mode.
cr:1.04458,iter:1,level:9,rank:0,datasize:5776,operation:Residual
cr:295.028,iter:1,level:10,rank:0,datasize:3946,operation:Pre-Smoothing
SZ is downgraded to lossless mode.
SZ is downgraded to lossless mode.
cr:1.04385,iter:1,level:10,rank:0,datasize:3946,operation:Residual
cr:188.187,iter:1,level:11,rank:0,datasize:2517,operation:Pre-Smoothing
SZ is downgraded to lossless mode.
SZ is downgraded to lossless mode.
cr:1.04175,iter:1,level:11,rank:0,datasize:2517,operation:Residual
cr:116.561,iter:1,level:12,rank:0,datasize:1559,operation:Pre-Smoothing
SZ is downgraded to lossless mode.
SZ is downgraded to lossless mode.
cr:1.04011,iter:1,level:12,rank:0,datasize:1559,operation:Residual
cr:68.9346,iter:1,level:13,rank:0,datasize:922,operation:Pre-Smoothing
SZ is downgraded to lossless mode.
SZ is downgraded to lossless mode.
cr:1.03334,iter:1,level:13,rank:0,datasize:922,operation:Residual
cr:41.7944,iter:1,level:14,rank:0,datasize:559,operation:Pre-Smoothing
SZ is downgraded to lossless mode.
cr:1.02311,iter:1,level:14,rank:0,datasize:559,operation:Residual
cr:24.3107,iter:1,level:15,rank:0,datasize:313,operation:Pre-Smoothing
cr:1.015,iter:1,level:15,rank:0,datasize:313,operation:Residual
cr:12.2182,iter:1,level:16,rank:0,datasize:168,operation:Pre-Smoothing
cr:0.984615,iter:1,level:16,rank:0,datasize:168,operation:Residual
cr:4.8,iter:1,level:17,rank:0,datasize:66,operation:Pre-Smoothing
cr:0.901024,iter:1,level:17,rank:0,datasize:66,operation:Residual
cr:0.583942,iter:1,level:18,rank:0,datasize:10,operation:Interpolation
cr:0.901024,iter:1,level:18,rank:0,datasize:66,operation:Post-smoothing
cr:0.737327,iter:1,level:18,rank:0,datasize:20,operation:Interpolation
cr:0.991882,iter:1,level:18,rank:0,datasize:168,operation:Post-smoothing
cr:0.861244,iter:1,level:18,rank:0,datasize:45,operation:Interpolation
cr:1.04464,iter:1,level:18,rank:0,datasize:313,operation:Post-smoothing
cr:0.879668,iter:1,level:18,rank:0,datasize:53,operation:Interpolation
cr:1.06324,iter:1,level:18,rank:0,datasize:559,operation:Post-smoothing
cr:0.95719,iter:1,level:18,rank:0,datasize:109,operation:Interpolation
SZ is downgraded to lossless mode.
SZ is downgraded to lossless mode.
cr:1.07225,iter:1,level:18,rank:0,datasize:922,operation:Post-smoothing
cr:1.00073,iter:1,level:18,rank:0,datasize:172,operation:Interpolation
SZ is downgraded to lossless mode.
cr:1.07462,iter:1,level:18,rank:0,datasize:SZ is downgraded to lossless mode.
1559,operation:Post-smoothing
cr:1.02773,iter:1,level:18,rank:0,datasize:278,operation:Interpolation
SZ is downgraded to lossless mode.
SZ is downgraded to lossless mode.
cr:1.07719,iter:1,level:18,rank:0,datasize:2517,operation:Post-smoothing
cr:1.0522,iter:1,level:18,rank:0,datasize:446,operation:Interpolation
SZ is downgraded to lossless mode.
cr:1.07774,iter:1,level:18,rank:0,datasize:3946,operation:Post-smoothing
SZ is downgraded to lossless mode.
cr:1.06016,iter:1,level:18,rank:0,datasize:630,operation:Interpolation
SZ is downgraded to lossless mode.
SZ is downgraded to lossless mode.
cr:1.07608,iter:1,level:18,rank:0,datasize:5776,operation:Post-smoothing
cr:1.06743,iter:1,level:18,rank:0,datasize:1029,operation:Interpolation
SZ is downgraded to lossless mode.
SZ is downgraded to lossless mode.
cr:1.07499,iter:1,level:18,rank:0,datasize:8150,operation:Post-smoothing
SZ is downgraded to lossless mode.
SZ is downgraded to lossless mode.
cr:1.07011,iter:1,level:18,rank:0,datasize:1471,operation:Interpolation
SZ is downgraded to lossless mode.
SZ is downgraded to lossless mode.
cr:1.0735,iter:1,level:18,rank:0,datasize:11188,operation:Post-smoothing
SZ is downgraded to lossless mode.
SZ is downgraded to lossless mode.
cr:1.0701,iter:1,level:18,rank:0,datasize:1893,operation:Interpolation
SZ is downgraded to lossless mode.
SZ is downgraded to lossless mode.
cr:1.07177,iter:1,level:18,rank:0,datasize:14549,operation:Post-smoothing
SZ is downgraded to lossless mode.
SZ is downgraded to lossless mode.
cr:1.06953,iter:1,level:18,rank:0,datasize:2586,operation:Interpolation
SZ is downgraded to lossless mode.
SZ is downgraded to lossless mode.
cr:1.07032,iter:1,level:18,rank:0,datasize:18605,operation:Post-smoothing
SZ is downgraded to lossless mode.
SZ is downgraded to lossless mode.
cr:1.06888,iter:1,level:18,rank:0,datasize:3379,operation:Interpolation
SZ is downgraded to lossless mode.
SZ is downgraded to lossless mode.
cr:1.06912,iter:1,level:18,rank:0,datasize:22756,operation:Post-smoothing
SZ is downgraded to lossless mode.
SZ is downgraded to lossless mode.
cr:1.06714,iter:1,level:18,rank:0,datasize:4524,operation:Interpolation
SZ is downgraded to lossless mode.
SZ is downgraded to lossless mode.
cr:1.06783,iter:1,level:18,rank:0,datasize:26089,operation:Post-smoothing
SZ is downgraded to lossless mode.
cr:1.06726,iter:1,level:18,rank:0,datasize:6309,operation:Interpolation
SZ is downgraded to lossless mode.
SZ is downgraded to lossless mode.
cr:1.06668,iter:1,level:18,rank:0,datasize:23956,operation:Post-smoothing
SZ is downgraded to lossless mode.
SZ is downgraded to lossless mode.
cr:1.06552,iter:1,level:18,rank:0,datasize:7767,operation:Interpolation
SZ is downgraded to lossless mode.
SZ is downgraded to lossless mode.
SZ is downgraded to lossless mode.
cr:1.06425,iter:1,level:18,rank:0,datasize:18851,operation:Post-smoothing
SZ is downgraded to lossless mode.
cr:1.06297,iter:1,level:18,rank:0,datasize:7371,operation:Interpolation
SZ is downgraded to lossless mode.
cr:1.05626,iter:1,level:18,rank:0,datasize:15000,operation:Post-smoothing
cr:1.05635,iter:1,level:18,rank:0,datasize:15000,operation:Residual-Norm
cr:1.05635,iter:2,level:0,rank:0,datasize:15000,operation:Pre-Smoothing
cr:1.05646,iter:2,level:0,rank:0,datasize:15000,operation:Residual
cr:1142.48,iter:2,level:1,rank:0,datasize:18851,operation:Pre-Smoothing
SZ is downgraded to lossless mode.
cr:1.04552,iter:2,level:1,rank:0,datasize:18851,operation:Residual
SZ is downgraded to lossless mode.
cr:1451.88,iter:2,level:2,rank:0,datasize:23956,operation:Pre-Smoothing
SZ is downgraded to lossless mode.
cr:1.04565,iter:2,level:2,rank:0,datasize:23956,operation:Residual
SZ is downgraded to lossless mode.
cr:1581.15,iter:2,level:3,rank:0,datasize:26089,operation:Pre-Smoothing
SZ is downgraded to lossless mode.
cr:1.0457,iter:2,level:3,rank:0,datasize:26089,operation:Residual
SZ is downgraded to lossless mode.
cr:1379.15,iter:2,level:4,rank:0,datasize:22756,operation:Pre-Smoothing
SZ is downgraded to lossless mode.
SZ is downgraded to lossless mode.
cr:1.04587,iter:2,level:4,rank:0,datasize:22756,operation:Residual
cr:1127.58,iter:2,level:5,rank:0,datasize:18605,operation:Pre-Smoothing
SZ is downgraded to lossless mode.
SZ is downgraded to lossless mode.
cr:1.04536,iter:2,level:5,rank:0,datasize:18605,operation:Residual
cr:888.489,iter:2,level:6,rank:0,datasize:14549,operation:Pre-Smoothing
SZ is downgraded to lossless mode.
cr:1.04527,iter:2,level:6,rank:0,datasize:14549,operation:Residual
SZ is downgraded to lossless mode.
cr:683.237,iter:2,level:7,rank:0,datasize:11188,operation:Pre-Smoothing
SZ is downgraded to lossless mode.
SZ is downgraded to lossless mode.
cr:1.04495,iter:2,level:7,rank:0,datasize:11188,operation:Residual
cr:501.538,iter:2,level:8,rank:0,datasize:8150,operation:Pre-Smoothing
SZ is downgraded to lossless mode.
SZ is downgraded to lossless mode.
cr:1.04459,iter:2,level:8,rank:0,datasize:8150,operation:Residual
cr:363.843,iter:2,level:9,rank:0,datasize:5776,operation:Pre-Smoothing
SZ is downgraded to lossless mode.
SZ is downgraded to lossless mode.
cr:1.04437,iter:2,level:9,rank:0,datasize:5776,operation:Residual
cr:295.028,iter:2,level:10,rank:0,datasize:3946,operation:Pre-Smoothing
SZ is downgraded to lossless mode.
cr:1.04309,iter:2,level:10,rank:0,datasize:3946,operation:Residual
SZ is downgraded to lossless mode.
cr:188.187,iter:2,level:11,rank:0,datasize:2517,operation:Pre-Smoothing
SZ is downgraded to lossless mode.
SZ is downgraded to lossless mode.
cr:1.0417,iter:2,level:11,rank:0,datasize:2517,operation:Residual
cr:116.561,iter:2,level:12,rank:0,datasize:1559,operation:Pre-Smoothing
SZ is downgraded to lossless mode.
SZ is downgraded to lossless mode.
cr:1.0389,iter:2,level:12,rank:0,datasize:1559,operation:Residual
cr:68.9346,iter:2,level:13,rank:0,datasize:922,operation:Pre-Smoothing
SZ is downgraded to lossless mode.
SZ is downgraded to lossless mode.
cr:1.03334,iter:2,level:13,rank:0,datasize:922,operation:Residual
cr:41.7944,iter:2,level:14,rank:0,datasize:559,operation:Pre-Smoothing
SZ is downgraded to lossless mode.
SZ is downgraded to lossless mode.
cr:1.02428,iter:2,level:14,rank:0,datasize:559,operation:Residual
cr:24.3107,iter:2,level:15,rank:0,datasize:313,operation:Pre-Smoothing
cr:1.01541,iter:2,level:15,rank:0,datasize:313,operation:Residual
cr:12.2182,iter:2,level:16,rank:0,datasize:168,operation:Pre-Smoothing
cr:0.988235,iter:2,level:16,rank:0,datasize:168,operation:Residual
cr:4.8,iter:2,level:17,rank:0,datasize:66,operation:Pre-Smoothing
cr:0.901024,iter:2,level:17,rank:0,datasize:66,operation:Residual
cr:0.583942,iter:2,level:18,rank:0,datasize:10,operation:Interpolation
cr:0.901024,iter:2,level:18,rank:0,datasize:66,operation:Post-smoothing
cr:0.737327,iter:2,level:18,rank:0,datasize:20,operation:Interpolation
cr:0.995556,iter:2,level:18,rank:0,datasize:168,operation:Post-smoothing
cr:0.861244,iter:2,level:18,rank:0,datasize:45,operation:Interpolation
cr:1.04203,iter:2,level:18,rank:0,datasize:313,operation:Post-smoothing
cr:0.879668,iter:2,level:18,rank:0,datasize:53,operation:Interpolation
cr:1.06223,iter:2,level:18,rank:0,datasize:559,operation:Post-smoothing
SZ is downgraded to lossless mode.
cr:0.954048,iter:2,level:18,rank:0,datasize:109,operation:Interpolation
SZ is downgraded to lossless mode.
SZ is downgraded to lossless mode.
cr:1.07272,iter:2,level:18,rank:0,datasize:922,operation:Post-smoothing
cr:1.00658,iter:2,level:18,rank:0,datasize:172,operation:Interpolation
SZ is downgraded to lossless mode.
SZ is downgraded to lossless mode.
cr:1.07666,iter:2,level:18,rank:0,datasize:1559,operation:Post-smoothing
cr:1.03058,iter:2,level:18,rank:0,datasize:278,operation:Interpolation
SZ is downgraded to lossless mode.
SZ is downgraded to lossless mode.
cr:1.07887,iter:2,level:18,rank:0,datasize:2517,operation:Post-smoothing
cr:1.05127,iter:2,level:18,rank:0,datasize:446,operation:Interpolation
SZ is downgraded to lossless mode.
cr:1.07803,iter:2,level:18,rank:0,datasize:SZ is downgraded to lossless mode.
3946,operation:Post-smoothing
SZ is downgraded to lossless mode.
SZ is downgraded to lossless mode.
cr:1.05905,iter:2,level:18,rank:0,datasize:630,operation:Interpolation
SZ is downgraded to lossless mode.
SZ is downgraded to lossless mode.
cr:1.07673,iter:2,level:18,rank:0,datasize:5776,operation:Post-smoothing
SZ is downgraded to lossless mode.
SZ is downgraded to lossless mode.
cr:1.06812,iter:2,level:18,rank:0,datasize:1029,operation:Interpolation
SZ is downgraded to lossless mode.
cr:1.07541,iter:2,level:18,rank:0,datasize:8150,operation:Post-smoothing
SZ is downgraded to lossless mode.
SZ is downgraded to lossless mode.
cr:1.06914,iter:2,level:18,rank:0,datasize:1471,operation:Interpolation
SZ is downgraded to lossless mode.
SZ is downgraded to lossless mode.
SZ is downgraded to lossless mode.
cr:1.07262,iter:2,level:18,rank:0,datasize:11188,operation:Post-smoothing
SZ is downgraded to lossless mode.
SZ is downgraded to lossless mode.
cr:1.0701,iter:2,level:18,rank:0,datasize:1893,operation:Interpolation
SZ is downgraded to lossless mode.
SZ is downgraded to lossless mode.
cr:1.07011,iter:2,level:18,rank:0,datasize:14549,operation:Post-smoothing
SZ is downgraded to lossless mode.
SZ is downgraded to lossless mode.
cr:1.06865,iter:2,level:18,rank:0,datasize:2586,operation:Interpolation
SZ is downgraded to lossless mode.
SZ is downgraded to lossless mode.
cr:1.06898,iter:2,level:18,rank:0,datasize:18605,operation:Post-smoothing
SZ is downgraded to lossless mode.
SZ is downgraded to lossless mode.
cr:1.06656,iter:2,level:18,rank:0,datasize:3379,operation:Interpolation
SZ is downgraded to lossless mode.
SZ is downgraded to lossless mode.
cr:1.06734,iter:2,level:18,rank:0,datasize:22756,operation:Post-smoothing
SZ is downgraded to lossless mode.
SZ is downgraded to lossless mode.
cr:1.06588,iter:2,level:18,rank:0,datasize:4524,operation:Interpolation
SZ is downgraded to lossless mode.
SZ is downgraded to lossless mode.
cr:1.06598,iter:2,level:18,rank:0,datasize:26089,operation:Post-smoothing
SZ is downgraded to lossless mode.
cr:1.06427,iter:2,level:18,rank:0,datasize:6309,operation:Interpolation
SZ is downgraded to lossless mode.
SZ is downgraded to lossless mode.
cr:1.06391,iter:2,level:18,rank:0,datasize:23956,operation:Post-smoothing
SZ is downgraded to lossless mode.
SZ is downgraded to lossless mode.
cr:1.06319,iter:2,level:18,rank:0,datasize:7767,operation:Interpolation
SZ is downgraded to lossless mode.
SZ is downgraded to lossless mode.
SZ is downgraded to lossless mode.
cr:1.06164,iter:2,level:18,rank:0,datasize:18851,operation:Post-smoothing
SZ is downgraded to lossless mode.
cr:1.06031,iter:2,level:18,rank:0,datasize:7371,operation:Interpolation
SZ is downgraded to lossless mode.
cr:1.05941,iter:2,level:18,rank:0,datasize:15000,operation:Post-smoothing
cr:1.0592,iter:2,level:18,rank:0,datasize:15000,operation:Residual-Norm
cr:1.0592,iter:3,level:0,rank:0,datasize:15000,operation:Pre-Smoothing
cr:1.05912,iter:3,level:0,rank:0,datasize:15000,operation:Residual
cr:1142.48,iter:3,level:1,rank:0,datasize:18851,operation:Pre-Smoothing
SZ is downgraded to lossless mode.
cr:1.04483,iter:3,level:1,rank:0,datasize:18851,operation:Residual
SZ is downgraded to lossless mode.
cr:1451.88,iter:3,level:2,rank:0,datasize:23956,operation:Pre-Smoothing
SZ is downgraded to lossless mode.
cr:1.04519,iter:3,level:2,rank:0,datasize:23956,operation:Residual
SZ is downgraded to lossless mode.
cr:1581.15,iter:3,level:3,rank:0,datasize:26089,operation:Pre-Smoothing
SZ is downgraded to lossless mode.
cr:1.04533,iter:3,level:3,rank:0,datasize:26089,operation:Residual
SZ is downgraded to lossless mode.
cr:1379.15,iter:3,level:4,rank:0,datasize:22756,operation:Pre-Smoothing
SZ is downgraded to lossless mode.
SZ is downgraded to lossless mode.
cr:1.04576,iter:3,level:4,rank:0,datasize:22756,operation:Residual
cr:1127.58,iter:3,level:5,rank:0,datasize:18605,operation:Pre-Smoothing
SZ is downgraded to lossless mode.
SZ is downgraded to lossless mode.
cr:1.04541,iter:3,level:5,rank:0,datasize:18605,operation:Residual
cr:888.489,iter:3,level:6,rank:0,datasize:14549,operation:Pre-Smoothing
SZ is downgraded to lossless mode.
cr:1.04515,iter:3,level:6,rank:0,datasize:14549,operation:Residual
SZ is downgraded to lossless mode.
cr:683.237,iter:3,level:7,rank:0,datasize:11188,operation:Pre-Smoothing
SZ is downgraded to lossless mode.
SZ is downgraded to lossless mode.
cr:1.04505,iter:3,level:7,rank:0,datasize:11188,operation:Residual
cr:501.538,iter:3,level:8,rank:0,datasize:8150,operation:Pre-Smoothing
SZ is downgraded to lossless mode.
SZ is downgraded to lossless mode.
cr:1.04434,iter:3,level:8,rank:0,datasize:8150,operation:Residual
cr:363.843,iter:3,level:9,rank:0,datasize:5776,operation:Pre-Smoothing
SZ is downgraded to lossless mode.
cr:1.04382,iter:3,level:9,rank:0,datasize:5776,operation:Residual
SZ is downgraded to lossless mode.
cr:295.028,iter:3,level:10,rank:0,datasize:3946,operation:Pre-Smoothing
SZ is downgraded to lossless mode.
cr:1.0425,iter:3,level:10,rank:0,datasize:3946,operation:Residual
SZ is downgraded to lossless mode.
cr:188.187,iter:3,level:11,rank:0,datasize:2517,operation:Pre-Smoothing
SZ is downgraded to lossless mode.
cr:1.04051,iter:3,level:11,rank:0,datasize:2517,operation:Residual
SZ is downgraded to lossless mode.
cr:116.561,iter:3,level:12,rank:0,datasize:1559,operation:Pre-Smoothing
SZ is downgraded to lossless mode.
SZ is downgraded to lossless mode.
cr:1.03838,iter:3,level:12,rank:0,datasize:1559,operation:Residual
cr:68.9346,iter:3,level:13,rank:0,datasize:922,operation:Pre-Smoothing
SZ is downgraded to lossless mode.
SZ is downgraded to lossless mode.
cr:1.03276,iter:3,level:13,rank:0,datasize:922,operation:Residual
cr:41.7944,iter:3,level:14,rank:0,datasize:559,operation:Pre-Smoothing
SZ is downgraded to lossless mode.
SZ is downgraded to lossless mode.
cr:1.02311,iter:3,level:14,rank:0,datasize:559,operation:Residual
cr:24.3107,iter:3,level:15,rank:0,datasize:313,operation:Pre-Smoothing
cr:1.01541,iter:3,level:15,rank:0,datasize:313,operation:Residual
cr:12.2182,iter:3,level:16,rank:0,datasize:168,operation:Pre-Smoothing
cr:0.987509,iter:3,level:16,rank:0,datasize:168,operation:Residual
cr:4.8,iter:3,level:17,rank:0,datasize:66,operation:Pre-Smoothing
cr:0.901024,iter:3,level:17,rank:0,datasize:66,operation:Residual
cr:0.583942,iter:3,level:18,rank:0,datasize:10,operation:Interpolation
cr:0.901024,iter:3,level:18,rank:0,datasize:66,operation:Post-smoothing
cr:0.737327,iter:3,level:18,rank:0,datasize:20,operation:Interpolation
cr:0.99115,iter:3,level:18,rank:0,datasize:168,operation:Post-smoothing
cr:0.861244,iter:3,level:18,rank:0,datasize:45,operation:Interpolation
cr:1.03685,iter:3,level:18,rank:0,datasize:313,operation:Post-smoothing
cr:0.879668,iter:3,level:18,rank:0,datasize:53,operation:Interpolation
SZ is downgraded to lossless mode.
SZ is downgraded to lossless mode.
cr:1.05771,iter:3,level:18,rank:0,datasize:559,operation:Post-smoothing
cr:0.955093,iter:3,level:18,rank:0,datasize:109,operation:Interpolation
SZ is downgraded to lossless mode.
SZ is downgraded to lossless mode.
cr:1.0679,iter:3,level:18,rank:0,datasize:922,operation:Post-smoothing
cr:1.00218,iter:3,level:18,rank:0,datasize:172,operation:Interpolation
SZ is downgraded to lossless mode.
SZ is downgraded to lossless mode.
cr:1.07249,iter:3,level:18,rank:0,datasize:1559,operation:Post-smoothing
cr:1.0263,iter:3,level:18,rank:0,datasize:278,operation:Interpolation
SZ is downgraded to lossless mode.
SZ is downgraded to lossless mode.
cr:1.07478,iter:3,level:18,rank:0,datasize:2517,operation:Post-smoothing
SZ is downgraded to lossless mode.
cr:1.04818,iter:3,level:18,rank:0,datasize:446,operation:Interpolation
SZ is downgraded to lossless mode.
SZ is downgraded to lossless mode.
cr:1.07436,iter:3,level:18,rank:0,datasize:3946,operation:Post-smoothing
SZ is downgraded to lossless mode.
SZ is downgraded to lossless mode.
cr:1.05749,iter:3,level:18,rank:0,datasize:630,operation:Interpolation
SZ is downgraded to lossless mode.
SZ is downgraded to lossless mode.
cr:1.07338,iter:3,level:18,rank:0,datasize:5776,operation:Post-smoothing
SZ is downgraded to lossless mode.
SZ is downgraded to lossless mode.
SZ is downgraded to lossless mode.
cr:1.06288,iter:3,level:18,rank:0,datasize:1029,operation:Interpolation
SZ is downgraded to lossless mode.
SZ is downgraded to lossless mode.
cr:1.07186,iter:3,level:18,rank:0,datasize:8150,operation:Post-smoothing
SZ is downgraded to lossless mode.
cr:1.06546,iter:3,level:18,rank:0,datasize:1471,operation:Interpolation
SZ is downgraded to lossless mode.
SZ is downgraded to lossless mode.
SZ is downgraded to lossless mode.
cr:1.0702,iter:3,level:18,rank:0,datasize:11188,operation:Post-smoothing
SZ is downgraded to lossless mode.
cr:1.0664,iter:3,level:18,rank:0,datasize:1893,operation:Interpolation
SZ is downgraded to lossless mode.
SZ is downgraded to lossless mode.
SZ is downgraded to lossless mode.
cr:1.06837,iter:3,level:18,rank:0,datasize:14549,operation:Post-smoothing
SZ is downgraded to lossless mode.
SZ is downgraded to lossless mode.
cr:1.06595,iter:3,level:18,rank:0,datasize:2586,operation:Interpolation
SZ is downgraded to lossless mode.
SZ is downgraded to lossless mode.
cr:1.06705,iter:3,level:18,rank:0,datasize:18605,operation:Post-smoothing
SZ is downgraded to lossless mode.
SZ is downgraded to lossless mode.
cr:1.06354,iter:3,level:18,rank:0,datasize:3379,operation:Interpolation
SZ is downgraded to lossless mode.
SZ is downgraded to lossless mode.
cr:1.06533,iter:3,level:18,rank:0,datasize:22756,operation:Post-smoothing
SZ is downgraded to lossless mode.
SZ is downgraded to lossless mode.
cr:1.06319,iter:3,level:18,rank:0,datasize:4524,operation:Interpolation
SZ is downgraded to lossless mode.
cr:1.0631,iter:3,level:18,rank:0,datasize:26089,operation:Post-smoothing
SZ is downgraded to lossless mode.
SZ is downgraded to lossless mode.
cr:1.06141,iter:3,level:18,rank:0,datasize:6309,operation:Interpolation
SZ is downgraded to lossless mode.
SZ is downgraded to lossless mode.
SZ is downgraded to lossless mode.
cr:1.06153,iter:3,level:18,rank:0,datasize:23956,operation:Post-smoothing
SZ is downgraded to lossless mode.
cr:1.06085,iter:3,level:18,rank:0,datasize:7767,operation:Interpolation
SZ is downgraded to lossless mode.
SZ is downgraded to lossless mode.
SZ is downgraded to lossless mode.
cr:1.05968,iter:3,level:18,rank:0,datasize:18851,operation:Post-smoothing
SZ is downgraded to lossless mode.
cr:1.05822,iter:3,level:18,rank:0,datasize:7371,operation:Interpolation
SZ is downgraded to lossless mode.
cr:1.06038,iter:3,level:18,rank:0,datasize:15000,operation:Post-smoothing
cr:1.06056,iter:3,level:18,rank:0,datasize:15000,operation:Residual-Norm
cr:1.06056,iter:4,level:0,rank:0,datasize:15000,operation:Pre-Smoothing
cr:1.0607,iter:4,level:0,rank:0,datasize:15000,operation:Residual
cr:1142.48,iter:4,level:1,rank:0,datasize:18851,operation:Pre-Smoothing
SZ is downgraded to lossless mode.
cr:1.04365,iter:4,level:1,rank:0,datasize:18851,operation:Residual
SZ is downgraded to lossless mode.
cr:1451.88,iter:4,level:2,rank:0,datasize:23956,operation:Pre-Smoothing
SZ is downgraded to lossless mode.
cr:1.0444,iter:4,level:2,rank:0,datasize:23956,operation:Residual
SZ is downgraded to lossless mode.
cr:1581.15,iter:4,level:3,rank:0,datasize:26089,operation:Pre-Smoothing
SZ is downgraded to lossless mode.
cr:1.04484,iter:4,level:3,rank:0,datasize:26089,operation:Residual
SZ is downgraded to lossless mode.
cr:1379.15,iter:4,level:4,rank:0,datasize:22756,operation:Pre-Smoothing
SZ is downgraded to lossless mode.
SZ is downgraded to lossless mode.
cr:1.04496,iter:4,level:4,rank:0,datasize:22756,operation:Residual
cr:1127.58,iter:4,level:5,rank:0,datasize:18605,operation:Pre-Smoothing
SZ is downgraded to lossless mode.
SZ is downgraded to lossless mode.
cr:1.04495,iter:4,level:5,rank:0,datasize:18605,operation:Residual
cr:888.489,iter:4,level:6,rank:0,datasize:14549,operation:Pre-Smoothing
SZ is downgraded to lossless mode.
cr:1.04527,iter:4,level:6,rank:0,datasize:14549,operation:Residual
SZ is downgraded to lossless mode.
cr:683.237,iter:4,level:7,rank:0,datasize:11188,operation:Pre-Smoothing
SZ is downgraded to lossless mode.
SZ is downgraded to lossless mode.
cr:1.04425,iter:4,level:7,rank:0,datasize:11188,operation:Residual
cr:501.538,iter:4,level:8,rank:0,datasize:8150,operation:Pre-Smoothing
SZ is downgraded to lossless mode.
cr:1.04378,iter:4,level:8,rank:0,datasize:8150,operation:Residual
SZ is downgraded to lossless mode.
cr:363.843,iter:4,level:9,rank:0,datasize:5776,operation:Pre-Smoothing
SZ is downgraded to lossless mode.
cr:1.04331,iter:4,level:9,rank:0,datasize:5776,operation:Residual
SZ is downgraded to lossless mode.
cr:295.028,iter:4,level:10,rank:0,datasize:3946,operation:Pre-Smoothing
SZ is downgraded to lossless mode.
cr:1.04202,iter:4,level:10,rank:0,datasize:3946,operation:Residual
SZ is downgraded to lossless mode.
cr:188.187,iter:4,level:11,rank:0,datasize:2517,operation:Pre-Smoothing
SZ is downgraded to lossless mode.
cr:1.04089,iter:4,level:11,rank:0,datasize:2517,operation:Residual
SZ is downgraded to lossless mode.
cr:116.561,iter:4,level:12,rank:0,datasize:1559,operation:Pre-Smoothing
SZ is downgraded to lossless mode.
SZ is downgraded to lossless mode.
cr:1.0383,iter:4,level:12,rank:0,datasize:1559,operation:Residual
cr:68.9346,iter:4,level:13,rank:0,datasize:922,operation:Pre-Smoothing
SZ is downgraded to lossless mode.
SZ is downgraded to lossless mode.
cr:1.0306,iter:4,level:13,rank:0,datasize:922,operation:Residual
cr:41.7944,iter:4,level:14,rank:0,datasize:559,operation:Pre-Smoothing
SZ is downgraded to lossless mode.
SZ is downgraded to lossless mode.
cr:1.02124,iter:4,level:14,rank:0,datasize:559,operation:Residual
cr:24.3107,iter:4,level:15,rank:0,datasize:313,operation:Pre-Smoothing
cr:1.01665,iter:4,level:15,rank:0,datasize:313,operation:Residual
cr:12.2182,iter:4,level:16,rank:0,datasize:168,operation:Pre-Smoothing
cr:0.985337,iter:4,level:16,rank:0,datasize:168,operation:Residual
cr:4.8,iter:4,level:17,rank:0,datasize:66,operation:Pre-Smoothing
cr:0.901024,iter:4,level:17,rank:0,datasize:66,operation:Residual
cr:0.583942,iter:4,level:18,rank:0,datasize:10,operation:Interpolation
cr:0.901024,iter:4,level:18,rank:0,datasize:66,operation:Post-smoothing
cr:0.737327,iter:4,level:18,rank:0,datasize:20,operation:Interpolation
cr:0.988962,iter:4,level:18,rank:0,datasize:168,operation:Post-smoothing
cr:0.861244,iter:4,level:18,rank:0,datasize:45,operation:Interpolation
cr:1.03088,iter:4,level:18,rank:0,datasize:313,operation:Post-smoothing
cr:0.879668,iter:4,level:18,rank:0,datasize:53,operation:Interpolation
SZ is downgraded to lossless mode.
cr:1.05323,iter:4,level:18,rank:0SZ is downgraded to lossless mode.
,datasize:559,operation:Post-smoothing
cr:0.947826,iter:4,level:18,rank:0,datasize:109,operation:Interpolation
SZ is downgraded to lossless mode.
SZ is downgraded to lossless mode.
cr:1.0616,iter:4,level:18,rank:0,datasize:922,operation:Post-smoothing
cr:0.996379,iter:4,level:18,rank:0,datasize:172,operation:Interpolation
SZ is downgraded to lossless mode.
SZ is downgraded to lossless mode.
cr:1.06863,iter:4,level:18,rank:0,datasize:1559,operation:Post-smoothing
cr:1.02206,iter:4,level:18,rank:0,datasize:278,operation:Interpolation
SZ is downgraded to lossless mode.
SZ is downgraded to lossless mode.
cr:1.06987,iter:4,level:18,rank:0,datasize:2517,operation:Post-smoothing
SZ is downgraded to lossless mode.
cr:1.04419,iter:4,level:18,rank:0,datasize:446,operation:Interpolation
SZ is downgraded to lossless mode.
SZ is downgraded to lossless mode.
SZ is downgraded to lossless mode.
cr:1.06999,iter:4,level:18,rank:0,datasize:3946,operation:Post-smoothing
SZ is downgraded to lossless mode.
cr:1.05153,iter:4,level:18,rank:0,datasize:630,operation:Interpolation
SZ is downgraded to lossless mode.
SZ is downgraded to lossless mode.
SZ is downgraded to lossless mode.
cr:1.06899,iter:4,level:18,rank:0,datasize:5776,operation:Post-smoothing
SZ is downgraded to lossless mode.
SZ is downgraded to lossless mode.
cr:1.05946,iter:4,level:18,rank:0,datasize:1029,operation:Interpolation
SZ is downgraded to lossless mode.
SZ is downgraded to lossless mode.
cr:1.06866,iter:4,level:18,rank:0,datasize:8150,operation:Post-smoothing
SZ is downgraded to lossless mode.
SZ is downgraded to lossless mode.
cr:1.06161,iter:4,level:18,rank:0,datasize:1471,operation:Interpolation
SZ is downgraded to lossless mode.
SZ is downgraded to lossless mode.
cr:1.06725,iter:4,level:18,rank:0,datasize:11188,operation:Post-smoothing
SZ is downgraded to lossless mode.
SZ is downgraded to lossless mode.
cr:1.06266,iter:4,level:18,rank:0,datasize:1893,operation:Interpolation
SZ is downgraded to lossless mode.
SZ is downgraded to lossless mode.
cr:1.06564,iter:4,level:18,rank:0,datasize:14549,operation:Post-smoothing
SZ is downgraded to lossless mode.
cr:1.06201,iter:4,level:18,rank:0,datasize:2586,operation:Interpolation
SZ is downgraded to lossless mode.
SZ is downgraded to lossless mode.
SZ is downgraded to lossless mode.
cr:1.06287,iter:4,level:18,rank:0,datasize:18605,operation:Post-smoothing
SZ is downgraded to lossless mode.
SZ is downgraded to lossless mode.
cr:1.06033,iter:4,level:18,rank:0,datasize:3379,operation:Interpolation
SZ is downgraded to lossless mode.
SZ is downgraded to lossless mode.
cr:1.06069,iter:4,level:18,rank:0,datasize:22756,operation:Post-smoothing
SZ is downgraded to lossless mode.
SZ is downgraded to lossless mode.
cr:1.05874,iter:4,level:18,rank:0,datasize:4524,operation:Interpolation
SZ is downgraded to lossless mode.
SZ is downgraded to lossless mode.
cr:1.05885,iter:4,level:18,rank:0,datasize:26089,operation:Post-smoothing
SZ is downgraded to lossless mode.
cr:1.05729,iter:4,level:18,rank:0,datasize:6309,operation:Interpolation
SZ is downgraded to lossless mode.
SZ is downgraded to lossless mode.
SZ is downgraded to lossless mode.
cr:1.05799,iter:4,level:18,rank:0,datasize:23956,operation:Post-smoothing
SZ is downgraded to lossless mode.
cr:1.05632,iter:4,level:18,rank:0,datasize:7767,operation:Interpolation
SZ is downgraded to lossless mode.
SZ is downgraded to lossless mode.
SZ is downgraded to lossless mode.
cr:1.05654,iter:4,level:18,rank:0,datasize:18851,operation:Post-smoothing
SZ is downgraded to lossless mode.
cr:1.05541,iter:4,level:18,rank:0,datasize:7371,operation:Interpolation
SZ is downgraded to lossless mode.
cr:1.06133,iter:4,level:18,rank:0,datasize:15000,operation:Post-smoothing
cr:1.06165,iter:4,level:18,rank:0,datasize:15000,operation:Residual-Norm
cr:1.06165,iter:5,level:0,rank:0,datasize:15000,operation:Pre-Smoothing
cr:1.06136,iter:5,level:0,rank:0,datasize:15000,operation:Residual
cr:1142.48,iter:5,level:1,rank:0,datasize:18851,operation:Pre-Smoothing
SZ is downgraded to lossless mode.
cr:1.04189,iter:5,level:1,rank:0,datasize:18851,operation:Residual
SZ is downgraded to lossless mode.
cr:1451.88,iter:5,level:2,rank:0,datasize:23956,operation:Pre-Smoothing
SZ is downgraded to lossless mode.
cr:1.04309,iter:5,level:2,rank:0,datasize:23956,operation:Residual
SZ is downgraded to lossless mode.
cr:1581.15,iter:5,level:3,rank:0,datasize:26089,operation:Pre-Smoothing
SZ is downgraded to lossless mode.
cr:1.04413,iter:5,level:3,rank:0,datasize:26089,operation:Residual
SZ is downgraded to lossless mode.
cr:1379.15,iter:5,level:4,rank:0,datasize:22756,operation:Pre-Smoothing
SZ is downgraded to lossless mode.
cr:1.04457,iter:5,level:4,rank:0,datasize:22756,operation:Residual
SZ is downgraded to lossless mode.
cr:1127.58,iter:5,level:5,rank:0,datasize:18605,operation:Pre-Smoothing
SZ is downgraded to lossless mode.
SZ is downgraded to lossless mode.
cr:1.04464,iter:5,level:5,rank:0,datasize:18605,operation:Residual
cr:888.489,iter:5,level:6,rank:0,datasize:14549,operation:Pre-Smoothing
SZ is downgraded to lossless mode.
cr:1.0447,iter:5,level:6,rank:0,datasize:14549,operation:Residual
SZ is downgraded to lossless mode.
cr:683.237,iter:5,level:7,rank:0,datasize:11188,operation:Pre-Smoothing
SZ is downgraded to lossless mode.
cr:1.04399,iter:5,level:7,rank:0,datasize:11188,operation:Residual
SZ is downgraded to lossless mode.
cr:501.538,iter:5,level:8,rank:0,datasize:8150,operation:Pre-Smoothing
SZ is downgraded to lossless mode.
SZ is downgraded to lossless mode.
cr:1.04397,iter:5,level:8,rank:0,datasize:8150,operation:Residual
cr:363.843,iter:5,level:9,rank:0,datasize:5776,operation:Pre-Smoothing
SZ is downgraded to lossless mode.
cr:1.04283,iter:5,level:9,rank:0,datasize:5776,operation:Residual
SZ is downgraded to lossless mode.
cr:295.028,iter:5,level:10,rank:0,datasize:3946,operation:Pre-Smoothing
SZ is downgraded to lossless mode.
cr:1.0415,iter:5,level:10,rank:0,datasize:3946,operation:Residual
SZ is downgraded to lossless mode.
cr:188.187,iter:5,level:11,rank:0,datasize:2517,operation:Pre-Smoothing
SZ is downgraded to lossless mode.
cr:1.03901,iter:5,level:11,rank:0,datasize:2517,operation:Residual
SZ is downgraded to lossless mode.
cr:116.561,iter:5,level:12,rank:0,datasize:1559,operation:Pre-Smoothing
SZ is downgraded to lossless mode.
SZ is downgraded to lossless mode.
cr:1.03657,iter:5,level:12,rank:0,datasize:1559,operation:Residual
cr:68.9346,iter:5,level:13,rank:0,datasize:922,operation:Pre-Smoothing
SZ is downgraded to lossless mode.
SZ is downgraded to lossless mode.
cr:1.0283,iter:5,level:13,rank:0,datasize:922,operation:Residual
cr:41.7944,iter:5,level:14,rank:0,datasize:559,operation:Pre-Smoothing
SZ is downgraded to lossless mode.
SZ is downgraded to lossless mode.
cr:1.02007,iter:5,level:14,rank:0,datasize:559,operation:Residual
cr:24.3107,iter:5,level:15,rank:0,datasize:313,operation:Pre-Smoothing
cr:1.00886,iter:5,level:15,rank:0,datasize:313,operation:Residual
cr:12.2182,iter:5,level:16,rank:0,datasize:168,operation:Pre-Smoothing
cr:0.988235,iter:5,level:16,rank:0,datasize:168,operation:Residual
cr:4.8,iter:5,level:17,rank:0,datasize:66,operation:Pre-Smoothing
cr:0.901024,iter:5,level:17,rank:0,datasize:66,operation:Residual
cr:0.583942,iter:5,level:18,rank:0,datasize:10,operation:Interpolation
cr:0.901024,iter:5,level:18,rank:0,datasize:66,operation:Post-smoothing
cr:0.737327,iter:5,level:18,rank:0,datasize:20,operation:Interpolation
cr:0.988962,iter:5,level:18,rank:0,datasize:168,operation:Post-smoothing
cr:0.861244,iter:5,level:18,rank:0,datasize:45,operation:Interpolation
cr:1.02581,iter:5,level:18,rank:0,datasize:313,operation:Post-smoothing
cr:0.879668,iter:5,level:18,rank:0,datasize:53,operation:Interpolation
SZ is downgraded to lossless mode.
cr:1.04977,iter:5,level:18,rank:0,datasize:559,operation:Post-smoothing
SZ is downgraded to lossless mode.
cr:0.977578,iter:5,level:18,rank:0,datasize:109,operation:Interpolation
SZ is downgraded to lossless mode.
SZ is downgraded to lossless mode.
cr:1.05795,iter:5,level:18,rank:0,datasize:922,operation:Post-smoothing
cr:0.993502,iter:5,level:18,rank:0,datasize:172,operation:Interpolation
SZ is downgraded to lossless mode.
cr:1.06344,iter:5,level:18,rank:0,datasize:1559,operation:Post-smoothing
SZ is downgraded to lossless mode.
cr:1.01506,iter:5,level:18,rank:0,datasize:278,operation:Interpolation
SZ is downgraded to lossless mode.
SZ is downgraded to lossless mode.
cr:1.0654,iter:5,level:18,rank:0,datasize:2517,operation:Post-smoothing
SZ is downgraded to lossless mode.
cr:1.03932,iter:5,level:18,rank:0,datasize:446,operation:Interpolation
SZ is downgraded to lossless mode.
SZ is downgraded to lossless mode.
SZ is downgraded to lossless mode.
cr:1.06699,iter:5,level:18,rank:0,datasize:3946,operation:Post-smoothing
SZ is downgraded to lossless mode.
SZ is downgraded to lossless mode.
cr:1.0476,iter:5,level:18,rank:0,datasize:630,operation:Interpolation
SZ is downgraded to lossless mode.
SZ is downgraded to lossless mode.
cr:1.06558,iter:5,level:18,rank:0,datasize:5776,operation:Post-smoothing
SZ is downgraded to lossless mode.
SZ is downgraded to lossless mode.
cr:1.0566,iter:5,level:18,rank:0,datasize:1029,operation:Interpolation
SZ is downgraded to lossless mode.
SZ is downgraded to lossless mode.
cr:1.06482,iter:5,level:18,rank:0,datasize:8150,operation:Post-smoothing
SZ is downgraded to lossless mode.
SZ is downgraded to lossless mode.
cr:1.05904,iter:5,level:18,rank:0,datasize:1471,operation:Interpolation
SZ is downgraded to lossless mode.
SZ is downgraded to lossless mode.
cr:1.06284,iter:5,level:18,rank:0,datasize:11188,operation:Post-smoothing
SZ is downgraded to lossless mode.
cr:1.05762,iter:5,level:18,rank:0,datasize:1893,operation:Interpolation
SZ is downgraded to lossless mode.
SZ is downgraded to lossless mode.
cr:1.05997,iter:5,level:18,rank:0,datasize:14549,operation:Post-smoothing
SZ is downgraded to lossless mode.
SZ is downgraded to lossless mode.
SZ is downgraded to lossless mode.
cr:1.05724,iter:5,level:18,rank:0,datasize:2586,operation:Interpolation
SZ is downgraded to lossless mode.
SZ is downgraded to lossless mode.
cr:1.05739,iter:5,level:18,rank:0,datasize:18605,operation:Post-smoothing
SZ is downgraded to lossless mode.
SZ is downgraded to lossless mode.
cr:1.05495,iter:5,level:18,rank:0,datasize:3379,operation:Interpolation
SZ is downgraded to lossless mode.
SZ is downgraded to lossless mode.
cr:1.0559,iter:5,level:18,rank:0,datasize:22756,operation:Post-smoothing
SZ is downgraded to lossless mode.
SZ is downgraded to lossless mode.
cr:1.05442,iter:5,level:18,rank:0,datasize:4524,operation:Interpolation
SZ is downgraded to lossless mode.
cr:1.05477,iter:5,level:18,rank:0,datasize:26089,operation:Post-smoothing
SZ is downgraded to lossless mode.
SZ is downgraded to lossless mode.
cr:1.05301,iter:5,level:18,rank:0,datasize:6309,operation:Interpolation
SZ is downgraded to lossless mode.
SZ is downgraded to lossless mode.
SZ is downgraded to lossless mode.
cr:1.05402,iter:5,level:18,rank:0,datasize:23956,operation:Post-smoothing
SZ is downgraded to lossless mode.
cr:1.05256,iter:5,level:18,rank:0,datasize:7767,operation:Interpolation
SZ is downgraded to lossless mode.
SZ is downgraded to lossless mode.
cr:1.05346,iter:5,level:18,rank:0,datasize:18851,operation:Post-smoothing
SZ is downgraded to lossless mode.
SZ is downgraded to lossless mode.
cr:1.05187,iter:5,level:18,rank:0,datasize:7371,operation:Interpolation
SZ is downgraded to lossless mode.
cr:1.0614,iter:5,level:18,rank:0,datasize:15000,operation:Post-smoothing
cr:1.06198,iter:5,level:18,rank:0,datasize:15000,operation:Residual-Norm
cr:1.06198,iter:6,level:0,rank:0,datasize:15000,operation:Pre-Smoothing
cr:1.06173,iter:6,level:0,rank:0,datasize:15000,operation:Residual
cr:1142.48,iter:6,level:1,rank:0,datasize:18851,operation:Pre-Smoothing
cr:1.78138,iter:6,level:1,rank:0,datasize:18851,operation:Residual
cr:1451.88,iter:6,level:2,rank:0,datasize:23956,operation:Pre-Smoothing
cr:1.85927,iter:6,level:2,rank:0,datasize:23956,operation:Residual
cr:1581.15,iter:6,level:3,rank:0,datasize:26089,operation:Pre-Smoothing
SZ is downgraded to lossless mode.
cr:1.04272,iter:6,level:3,rank:0,datasize:26089,operation:Residual
SZ is downgraded to lossless mode.
cr:1379.15,iter:6,level:4,rank:0,datasize:22756,operation:Pre-Smoothing
SZ is downgraded to lossless mode.
cr:1.04345,iter:6,level:4,rank:0,datasize:22756,operation:Residual
SZ is downgraded to lossless mode.
cr:1127.58,iter:6,level:5,rank:0,datasize:18605,operation:Pre-Smoothing
SZ is downgraded to lossless mode.
SZ is downgraded to lossless mode.
cr:1.04402,iter:6,level:5,rank:0,datasize:18605,operation:Residual
cr:888.489,iter:6,level:6,rank:0,datasize:14549,operation:Pre-Smoothing
SZ is downgraded to lossless mode.
cr:1.0441,iter:6,level:6,rank:0,datasize:14549,operation:Residual
SZ is downgraded to lossless mode.
cr:683.237,iter:6,level:7,rank:0,datasize:11188,operation:Pre-Smoothing
SZ is downgraded to lossless mode.
SZ is downgraded to lossless mode.
cr:1.04384,iter:6,level:7,rank:0,datasize:11188,operation:Residual
cr:501.538,iter:6,level:8,rank:0,datasize:8150,operation:Pre-Smoothing
SZ is downgraded to lossless mode.
cr:1.04293,iter:6,level:8,rank:0,datasize:8150,operation:Residual
SZ is downgraded to lossless mode.
cr:363.843,iter:6,level:9,rank:0,datasize:5776,operation:Pre-Smoothing
SZ is downgraded to lossless mode.
cr:1.04298,iter:6,level:9,rank:0,datasize:5776,operation:Residual
SZ is downgraded to lossless mode.
cr:295.028,iter:6,level:10,rank:0,datasize:3946,operation:Pre-Smoothing
SZ is downgraded to lossless mode.
cr:1.04133,iter:6,level:10,rank:0,datasize:3946,operation:Residual
SZ is downgraded to lossless mode.
cr:188.187,iter:6,level:11,rank:0,datasize:2517,operation:Pre-Smoothing
SZ is downgraded to lossless mode.
cr:1.03767,iter:6,level:11,rank:0,datasize:2517,operation:Residual
SZ is downgraded to lossless mode.
cr:116.561,iter:6,level:12,rank:0,datasize:1559,operation:Pre-Smoothing
SZ is downgraded to lossless mode.
cr:1.03493,iter:6,level:12,rank:0,datasize:1559,operation:Residual
SZ is downgraded to lossless mode.
cr:68.9346,iter:6,level:13,rank:0,datasize:922,operation:Pre-Smoothing
SZ is downgraded to lossless mode.
cr:1.0283,iter:6,level:13,rank:0,datasize:922,operation:Residual
SZ is downgraded to lossless mode.
cr:41.7944,iter:6,level:14,rank:0,datasize:559,operation:Pre-Smoothing
SZ is downgraded to lossless mode.
SZ is downgraded to lossless mode.
cr:1.01984,iter:6,level:14,rank:0,datasize:559,operation:Residual
cr:24.3107,iter:6,level:15,rank:0,datasize:313,operation:Pre-Smoothing
cr:1.00401,iter:6,level:15,rank:0,datasize:313,operation:Residual
cr:12.2182,iter:6,level:16,rank:0,datasize:168,operation:Pre-Smoothing
cr:0.983175,iter:6,level:16,rank:0,datasize:168,operation:Residual
cr:4.8,iter:6,level:17,rank:0,datasize:66,operation:Pre-Smoothing
cr:0.901024,iter:6,level:17,rank:0,datasize:66,operation:Residual
cr:0.583942,iter:6,level:18,rank:0,datasize:10,operation:Interpolation
cr:0.901024,iter:6,level:18,rank:0,datasize:66,operation:Post-smoothing
cr:0.737327,iter:6,level:18,rank:0,datasize:20,operation:Interpolation
cr:0.978166,iter:6,level:18,rank:0,datasize:168,operation:Post-smoothing
cr:0.861244,iter:6,level:18,rank:0,datasize:45,operation:Interpolation
cr:1.02121,iter:6,level:18,rank:0,datasize:313,operation:Post-smoothing
cr:0.879668,iter:6,level:18,rank:0,datasize:53,operation:Interpolation
SZ is downgraded to lossless mode.
cr:1.04682,iter:6,level:18,rank:0,datasize:559,operation:Post-smoothing
SZ is downgraded to lossless mode.
cr:0.969967,iter:6,level:18,rank:0,datasize:109,operation:Interpolation
SZ is downgraded to lossless mode.
cr:1.05537,iter:6,level:18,rank:0,datasize:922,operation:Post-smoothing
SZ is downgraded to lossless mode.
cr:0.988506,iter:6,level:18,rank:0,datasize:172,operation:Interpolation
SZ is downgraded to lossless mode.
cr:1.05919,iter:6,level:18,rank:0,datasize:1559,operation:Post-smoothing
SZ is downgraded to lossless mode.
cr:1.01275,iter:6,level:18,rank:0,datasize:278,operation:Interpolation
SZ is downgraded to lossless mode.
cr:1.06298,iter:6,level:18,rank:0,datasize:2517,operation:Post-smoothing
SZ is downgraded to lossless mode.
SZ is downgraded to lossless mode.
cr:1.0348,iter:6,level:18,rank:0,datasize:446,operation:Interpolation
SZ is downgraded to lossless mode.
SZ is downgraded to lossless mode.
SZ is downgraded to lossless mode.
cr:1.06211,iter:6,level:18,rank:0,datasize:3946,operation:Post-smoothing
SZ is downgraded to lossless mode.
cr:1.0424,iter:6,level:18,rank:0,datasize:630,operation:Interpolation
SZ is downgraded to lossless mode.
SZ is downgraded to lossless mode.
cr:1.06118,iter:6,level:18,rank:0,datasize:5776,operation:Post-smoothing
SZ is downgraded to lossless mode.
SZ is downgraded to lossless mode.
SZ is downgraded to lossless mode.
cr:1.05174,iter:6,level:18,rank:0,datasize:1029,operation:Interpolation
SZ is downgraded to lossless mode.
SZ is downgraded to lossless mode.
cr:1.05894,iter:6,level:18,rank:0,datasize:8150,operation:Post-smoothing
SZ is downgraded to lossless mode.
SZ is downgraded to lossless mode.
cr:1.05269,iter:6,level:18,rank:0,datasize:1471,operation:Interpolation
SZ is downgraded to lossless mode.
cr:1.05648,iter:6,level:18,rank:0,datasize:11188,operation:Post-smoothing
SZ is downgraded to lossless mode.
SZ is downgraded to lossless mode.
cr:1.05254,iter:6,level:18,rank:0,datasize:1893,operation:Interpolation
SZ is downgraded to lossless mode.
SZ is downgraded to lossless mode.
cr:1.05422,iter:6,level:18,rank:0,datasize:14549,operation:Post-smoothing
SZ is downgraded to lossless mode.
SZ is downgraded to lossless mode.
cr:1.05117,iter:6,level:18,rank:0,datasize:2586,operation:Interpolation
SZ is downgraded to lossless mode.
SZ is downgraded to lossless mode.
SZ is downgraded to lossless mode.
cr:1.05239,iter:6,level:18,rank:0,datasize:18605,operation:Post-smoothing
SZ is downgraded to lossless mode.
SZ is downgraded to lossless mode.
cr:1.05011,iter:6,level:18,rank:0,datasize:3379,operation:Interpolation
SZ is downgraded to lossless mode.
cr:1.05124,iter:6,level:18,rank:0,datasize:22756,operation:Post-smoothing
SZ is downgraded to lossless mode.
SZ is downgraded to lossless mode.
SZ is downgraded to lossless mode.
cr:1.04886,iter:6,level:18,rank:0,datasize:4524,operation:Interpolation
SZ is downgraded to lossless mode.
SZ is downgraded to lossless mode.
cr:1.0506,iter:6,level:18,rank:0,datasize:26089,operation:Post-smoothing
SZ is downgraded to lossless mode.
cr:1.04897,iter:6,level:18,rank:0,datasize:6309,operation:Interpolation
SZ is downgraded to lossless mode.
SZ is downgraded to lossless mode.
SZ is downgraded to lossless mode.
cr:1.04996,iter:6,level:18,rank:0,datasize:23956,operation:Post-smoothing
SZ is downgraded to lossless mode.
cr:1.04928,iter:6,level:18,rank:0,datasize:7767,operation:Interpolation
SZ is downgraded to lossless mode.
SZ is downgraded to lossless mode.
SZ is downgraded to lossless mode.
cr:1.04941,iter:6,level:18,rank:0,datasize:18851,operation:Post-smoothing
SZ is downgraded to lossless mode.
cr:1.0486,iter:6,level:18,rank:0,datasize:7371,operation:Interpolation
SZ is downgraded to lossless mode.
cr:1.06233,iter:6,level:18,rank:0,datasize:15000,operation:Post-smoothing
cr:1.06254,iter:6,level:18,rank:0,datasize:15000,operation:Residual-Norm
cr:1.06254,iter:7,level:0,rank:0,datasize:15000,operation:Pre-Smoothing
cr:1.06222,iter:7,level:0,rank:0,datasize:15000,operation:Residual
cr:1142.48,iter:7,level:1,rank:0,datasize:18851,operation:Pre-Smoothing
cr:2.47494,iter:7,level:1,rank:0,datasize:18851,operation:Residual
cr:1451.88,iter:7,level:2,rank:0,datasize:23956,operation:Pre-Smoothing
cr:2.29937,iter:7,level:2,rank:0,datasize:23956,operation:Residual
cr:1581.15,iter:7,level:3,rank:0,datasize:26089,operation:Pre-Smoothing
cr:1.89203,iter:7,level:3,rank:0,datasize:26089,operation:Residual
cr:1379.15,iter:7,level:4,rank:0,datasize:22756,operation:Pre-Smoothing
SZ is downgraded to lossless mode.
cr:1.04258,iter:7,level:4,rank:0,datasize:22756,operation:Residual
SZ is downgraded to lossless mode.
cr:1127.58,iter:7,level:5,rank:0,datasize:18605,operation:Pre-Smoothing
SZ is downgraded to lossless mode.
SZ is downgraded to lossless mode.
cr:1.04296,iter:7,level:5,rank:0,datasize:18605,operation:Residual
cr:888.489,iter:7,level:6,rank:0,datasize:14549,operation:Pre-Smoothing
SZ is downgraded to lossless mode.
cr:1.04377,iter:7,level:6,rank:0,datasize:14549,operation:Residual
SZ is downgraded to lossless mode.
cr:683.237,iter:7,level:7,rank:0,datasize:11188,operation:Pre-Smoothing
SZ is downgraded to lossless mode.
SZ is downgraded to lossless mode.
cr:1.04311,iter:7,level:7,rank:0,datasize:11188,operation:Residual
cr:501.538,iter:7,level:8,rank:0,datasize:8150,operation:Pre-Smoothing
SZ is downgraded to lossless mode.
cr:1.04228,iter:7,level:8,rank:0,datasize:8150,operation:Residual
SZ is downgraded to lossless mode.
cr:363.843,iter:7,level:9,rank:0,datasize:5776,operation:Pre-Smoothing
SZ is downgraded to lossless mode.
cr:1.04084,iter:7,level:9,rank:0,datasize:5776,operation:Residual
SZ is downgraded to lossless mode.
cr:295.028,iter:7,level:10,rank:0,datasize:3946,operation:Pre-Smoothing
SZ is downgraded to lossless mode.
cr:1.03972,iter:7,level:10,rank:0,datasize:3946,operation:Residual
SZ is downgraded to lossless mode.
cr:188.187,iter:7,level:11,rank:0,datasize:2517,operation:Pre-Smoothing
SZ is downgraded to lossless mode.
SZ is downgraded to lossless mode.
cr:1.03708,iter:7,level:11,rank:0,datasize:2517,operation:Residual
cr:116.561,iter:7,level:12,rank:0,datasize:1559,operation:Pre-Smoothing
SZ is downgraded to lossless mode.
cr:1.03433,iter:7,level:12,rank:0,datasize:1559,operation:Residual
SZ is downgraded to lossless mode.
cr:68.9346,iter:7,level:13,rank:0,datasize:922,operation:Pre-Smoothing
SZ is downgraded to lossless mode.
cr:1.02658,iter:7,level:13,rank:0,datasize:922,operation:Residual
SZ is downgraded to lossless mode.
cr:41.7944,iter:7,level:14,rank:0,datasize:559,operation:Pre-Smoothing
SZ is downgraded to lossless mode.
SZ is downgraded to lossless mode.
cr:1.01613,iter:7,level:14,rank:0,datasize:559,operation:Residual
cr:24.3107,iter:7,level:15,rank:0,datasize:313,operation:Pre-Smoothing
cr:0.996815,iter:7,level:15,rank:0,datasize:313,operation:Residual
cr:12.2182,iter:7,level:16,rank:0,datasize:168,operation:Pre-Smoothing
cr:0.958631,iter:7,level:16,rank:0,datasize:168,operation:Residual
cr:4.8,iter:7,level:17,rank:0,datasize:66,operation:Pre-Smoothing
cr:0.901024,iter:7,level:17,rank:0,datasize:66,operation:Residual
cr:0.583942,iter:7,level:18,rank:0,datasize:10,operation:Interpolation
cr:0.901024,iter:7,level:18,rank:0,datasize:66,operation:Post-smoothing
cr:0.737327,iter:7,level:18,rank:0,datasize:20,operation:Interpolation
cr:0.984615,iter:7,level:18,rank:0,datasize:168,operation:Post-smoothing
cr:0.861244,iter:7,level:18,rank:0,datasize:45,operation:Interpolation
cr:1.02037,iter:7,level:18,rank:0,datasize:313,operation:Post-smoothing
cr:0.879668,iter:7,level:18,rank:0,datasize:53,operation:Interpolation
SZ is downgraded to lossless mode.
SZ is downgraded to lossless mode.
cr:1.04242,iter:7,level:18,rank:0,datasize:559,operation:Post-smoothing
cr:0.964602,iter:7,level:18,rank:0,datasize:109,operation:Interpolation
SZ is downgraded to lossless mode.
cr:1.05161,iter:7,level:18,rank:0,datasize:922,operation:Post-smoothing
SZ is downgraded to lossless mode.
cr:0.985673,iter:7,level:18,rank:0,datasize:172,operation:Interpolation
SZ is downgraded to lossless mode.
SZ is downgraded to lossless mode.
cr:1.05436,iter:7,level:18,rank:0,datasize:1559,operation:Post-smoothing
cr:1.01183,iter:7,level:18,rank:0,datasize:278,operation:Interpolation
SZ is downgraded to lossless mode.
SZ is downgraded to lossless mode.
cr:1.05751,iter:7,level:18,rank:0,datasize:2517,operation:Post-smoothing
SZ is downgraded to lossless mode.
cr:1.03121,iter:7,level:18,rank:0,datasize:446,operation:Interpolation
SZ is downgraded to lossless mode.
SZ is downgraded to lossless mode.
SZ is downgraded to lossless mode.
cr:1.05526,iter:7,level:18,rank:0,datasize:3946,operation:Post-smoothing
SZ is downgraded to lossless mode.
SZ is downgraded to lossless mode.
cr:1.03832,iter:7,level:18,rank:0,datasize:630,operation:Interpolation
SZ is downgraded to lossless mode.
cr:1.05426,iter:7,level:18,rank:0,datasize:5776,operation:Post-smoothing
SZ is downgraded to lossless mode.
SZ is downgraded to lossless mode.
SZ is downgraded to lossless mode.
cr:1.0444,iter:7,level:18,rank:0,datasize:1029,operation:Interpolation
SZ is downgraded to lossless mode.
SZ is downgraded to lossless mode.
cr:1.05328,iter:7,level:18,rank:0,datasize:8150,operation:Post-smoothing
SZ is downgraded to lossless mode.
SZ is downgraded to lossless mode.
cr:1.04549,iter:7,level:18,rank:0,datasize:1471,operation:Interpolation
SZ is downgraded to lossless mode.
cr:1.05069,iter:7,level:18,rank:0,datasize:11188,operation:Post-smoothing
SZ is downgraded to lossless mode.
SZ is downgraded to lossless mode.
SZ is downgraded to lossless mode.
cr:1.0455,iter:7,level:18,rank:0,datasize:1893,operation:Interpolation
SZ is downgraded to lossless mode.
cr:1.04862,iter:7,level:18,rank:0,datasize:14549,operation:Post-smoothing
SZ is downgraded to lossless mode.
SZ is downgraded to lossless mode.
cr:1.04686,iter:7,level:18,rank:0,datasize:2586,operation:Interpolation
SZ is downgraded to lossless mode.
SZ is downgraded to lossless mode.
SZ is downgraded to lossless mode.
cr:1.0481,iter:7,level:18,rank:0,datasize:18605,operation:Post-smoothing
SZ is downgraded to lossless mode.
cr:1.04605,iter:7,level:18,rank:0,datasize:3379,operation:Interpolation
SZ is downgraded to lossless mode.
SZ is downgraded to lossless mode.
cr:1.04769,iter:7,level:18,rank:0,datasize:22756,operation:Post-smoothing
SZ is downgraded to lossless mode.
SZ is downgraded to lossless mode.
cr:1.04613,iter:7,level:18,rank:0,datasize:4524,operation:Interpolation
SZ is downgraded to lossless mode.
SZ is downgraded to lossless mode.
SZ is downgraded to lossless mode.
cr:1.04765,iter:7,level:18,rank:0,datasize:26089,operation:Post-smoothing
SZ is downgraded to lossless mode.
cr:1.04666,iter:7,level:18,rank:0,datasize:6309,operation:Interpolation
SZ is downgraded to lossless mode.
SZ is downgraded to lossless mode.
cr:1.04721,iter:7,level:18,rank:0,datasize:23956,operation:Post-smoothing
SZ is downgraded to lossless mode.
SZ is downgraded to lossless mode.
cr:1.0465,iter:7,level:18,rank:0,datasize:7767,operation:Interpolation
SZ is downgraded to lossless mode.
SZ is downgraded to lossless mode.
cr:1.04714,iter:7,level:18,rank:0,datasize:18851,operation:Post-smoothing
SZ is downgraded to lossless mode.
SZ is downgraded to lossless mode.
cr:1.0467,iter:7,level:18,rank:0,datasize:7371,operation:Interpolation
SZ is downgraded to lossless mode.
cr:1.06232,iter:7,level:18,rank:0,datasize:15000,operation:Post-smoothing
cr:1.06228,iter:7,level:18,rank:0,datasize:15000,operation:Residual-Norm
cr:1.06228,iter:8,level:0,rank:0,datasize:15000,operation:Pre-Smoothing
cr:1.06265,iter:8,level:0,rank:0,datasize:15000,operation:Residual
cr:1142.48,iter:8,level:1,rank:0,datasize:18851,operation:Pre-Smoothing
cr:3.06097,iter:8,level:1,rank:0,datasize:18851,operation:Residual
cr:1451.88,iter:8,level:2,rank:0,datasize:23956,operation:Pre-Smoothing
cr:2.80515,iter:8,level:2,rank:0,datasize:23956,operation:Residual
cr:1581.15,iter:8,level:3,rank:0,datasize:26089,operation:Pre-Smoothing
cr:2.24005,iter:8,level:3,rank:0,datasize:26089,operation:Residual
cr:1379.15,iter:8,level:4,rank:0,datasize:22756,operation:Pre-Smoothing
cr:1.79144,iter:8,level:4,rank:0,datasize:22756,operation:Residual
cr:1127.58,iter:8,level:5,rank:0,datasize:18605,operation:Pre-Smoothing
SZ is downgraded to lossless mode.
SZ is downgraded to lossless mode.
cr:1.04178,iter:8,level:5,rank:0,datasize:18605,operation:Residual
cr:888.489,iter:8,level:6,rank:0,datasize:14549,operation:Pre-Smoothing
SZ is downgraded to lossless mode.
cr:1.04228,iter:8,level:6,rank:0,datasize:14549,operation:Residual
SZ is downgraded to lossless mode.
cr:683.237,iter:8,level:7,rank:0,datasize:11188,operation:Pre-Smoothing
SZ is downgraded to lossless mode.
SZ is downgraded to lossless mode.
cr:1.04213,iter:8,level:7,rank:0,datasize:11188,operation:Residual
cr:501.538,iter:8,level:8,rank:0,datasize:8150,operation:Pre-Smoothing
SZ is downgraded to lossless mode.
cr:1.04158,iter:8,level:8,rank:0,datasize:8150,operation:Residual
SZ is downgraded to lossless mode.
cr:363.843,iter:8,level:9,rank:0,datasize:5776,operation:Pre-Smoothing
SZ is downgraded to lossless mode.
cr:1.04011,iter:8,level:9,rank:0,datasize:5776,operation:Residual
SZ is downgraded to lossless mode.
cr:295.028,iter:8,level:10,rank:0,datasize:3946,operation:Pre-Smoothing
SZ is downgraded to lossless mode.
cr:1.03941,iter:8,level:10,rank:0,datasize:3946,operation:Residual
SZ is downgraded to lossless mode.
cr:188.187,iter:8,level:11,rank:0,datasize:2517,operation:Pre-Smoothing
SZ is downgraded to lossless mode.
cr:1.03623,iter:8,level:11,rank:0,datasize:2517,operation:Residual
SZ is downgraded to lossless mode.
cr:116.561,iter:8,level:12,rank:0,datasize:1559,operation:Pre-Smoothing
SZ is downgraded to lossless mode.
cr:1.03296,iter:8,level:12,rank:0,datasize:1559,operation:Residual
SZ is downgraded to lossless mode.
cr:68.9346,iter:8,level:13,rank:0,datasize:922,operation:Pre-Smoothing
SZ is downgraded to lossless mode.
SZ is downgraded to lossless mode.
cr:1.02644,iter:8,level:13,rank:0,datasize:922,operation:Residual
cr:41.7944,iter:8,level:14,rank:0,datasize:559,operation:Pre-Smoothing
SZ is downgraded to lossless mode.
SZ is downgraded to lossless mode.
cr:1.01521,iter:8,level:14,rank:0,datasize:559,operation:Residual
cr:24.3107,iter:8,level:15,rank:0,datasize:313,operation:Pre-Smoothing
cr:0.994045,iter:8,level:15,rank:0,datasize:313,operation:Residual
cr:12.2182,iter:8,level:16,rank:0,datasize:168,operation:Pre-Smoothing
cr:0.958631,iter:8,level:16,rank:0,datasize:168,operation:Residual
cr:4.8,iter:8,level:17,rank:0,datasize:66,operation:Pre-Smoothing
cr:0.901024,iter:8,level:17,rank:0,datasize:66,operation:Residual
cr:0.583942,iter:8,level:18,rank:0,datasize:10,operation:Interpolation
cr:0.901024,iter:8,level:18,rank:0,datasize:66,operation:Post-smoothing
cr:0.737327,iter:8,level:18,rank:0,datasize:20,operation:Interpolation
cr:0.985337,iter:8,level:18,rank:0,datasize:168,operation:Post-smoothing
cr:0.861244,iter:8,level:18,rank:0,datasize:45,operation:Interpolation
cr:1.01789,iter:8,level:18,rank:0,datasize:313,operation:Post-smoothing
cr:0.879668,iter:8,level:18,rank:0,datasize:53,operation:Interpolation
SZ is downgraded to lossless mode.
SZ is downgraded to lossless mode.
cr:1.03952,iter:8,level:18,rank:0,datasize:559,operation:Post-smoothing
cr:0.96567,iter:8,level:18,rank:0,datasize:109,operation:Interpolation
SZ is downgraded to lossless mode.
cr:1.0452,iter:8,level:18,rank:0,datasize:922,operation:Post-smoothing
SZ is downgraded to lossless mode.
cr:0.980057,iter:8,level:18,rank:0,datasize:172,operation:Interpolation
SZ is downgraded to lossless mode.
SZ is downgraded to lossless mode.
cr:1.04948,iter:8,level:18,rank:0,datasize:1559,operation:Post-smoothing
cr:1.0018,iter:8,level:18,rank:0,datasize:278,operation:Interpolation
SZ is downgraded to lossless mode.
SZ is downgraded to lossless mode.
cr:1.04984,iter:8,level:18,rank:0,datasize:2517,operation:Post-smoothing
SZ is downgraded to lossless mode.
cr:1.0244,iter:8,level:18,rank:0,datasize:446,operation:Interpolation
SZ is downgraded to lossless mode.
SZ is downgraded to lossless mode.
cr:1.0495,iter:8,level:18,rank:0,datasize:3946,operation:Post-smoothing
SZ is downgraded to lossless mode.
SZ is downgraded to lossless mode.
cr:1.03491,iter:8,level:18,rank:0,datasize:630,operation:Interpolation
SZ is downgraded to lossless mode.
SZ is downgraded to lossless mode.
cr:1.04882,iter:8,level:18,rank:0,datasize:5776,operation:Post-smoothing
SZ is downgraded to lossless mode.
SZ is downgraded to lossless mode.
SZ is downgraded to lossless mode.
cr:1.03939,iter:8,level:18,rank:0,datasize:1029,operation:Interpolation
SZ is downgraded to lossless mode.
cr:1.04741,iter:8,level:18,rank:0,datasize:8150,operation:Post-smoothing
SZ is downgraded to lossless mode.
SZ is downgraded to lossless mode.
SZ is downgraded to lossless mode.
cr:1.04178,iter:8,level:18,rank:0,datasize:1471,operation:Interpolation
SZ is downgraded to lossless mode.
SZ is downgraded to lossless mode.
cr:1.04742,iter:8,level:18,rank:0,datasize:11188,operation:Post-smoothing
SZ is downgraded to lossless mode.
cr:1.04319,iter:8,level:18,rank:0,datasize:1893,operation:Interpolation
SZ is downgraded to lossless mode.
SZ is downgraded to lossless mode.
cr:1.04678,iter:8,level:18,rank:0,datasize:14549,operation:Post-smoothing
SZ is downgraded to lossless mode.
SZ is downgraded to lossless mode.
SZ is downgraded to lossless mode.
cr:1.04279,iter:8,level:18,rank:0,datasize:2586,operation:Interpolation
SZ is downgraded to lossless mode.
SZ is downgraded to lossless mode.
cr:1.04637,iter:8,level:18,rank:0,datasize:18605,operation:Post-smoothing
SZ is downgraded to lossless mode.
cr:1.04346,iter:8,level:18,rank:0,datasize:3379,operation:Interpolation
SZ is downgraded to lossless mode.
SZ is downgraded to lossless mode.
cr:1.04643,iter:8,level:18,rank:0,datasize:22756,operation:Post-smoothing
SZ is downgraded to lossless mode.
SZ is downgraded to lossless mode.
cr:1.04429,iter:8,level:18,rank:0,datasize:4524,operation:Interpolation
SZ is downgraded to lossless mode.
SZ is downgraded to lossless mode.
cr:SZ is downgraded to lossless mode.
1.04615,iter:8,level:18,rank:0,datasize:26089,operation:Post-smoothing
SZ is downgraded to lossless mode.
cr:1.04551,iter:8,level:18,rank:0,datasize:6309,operation:Interpolation
SZ is downgraded to lossless mode.
SZ is downgraded to lossless mode.
SZ is downgraded to lossless mode.
cr:1.0461,iter:8,level:18,rank:0,datasize:23956,operation:Post-smoothing
SZ is downgraded to lossless mode.
cr:1.0456,iter:8,level:18,rank:0,datasize:7767,operation:Interpolation
SZ is downgraded to lossless mode.
SZ is downgraded to lossless mode.
cr:1.0458,iter:8,level:18,rank:0,datasize:18851,operation:Post-smoothing
SZ is downgraded to lossless mode.
SZ is downgraded to lossless mode.
cr:1.04537,iter:8,level:18,rank:0,datasize:7371,operation:Interpolation
SZ is downgraded to lossless mode.
cr:1.0626,iter:8,level:18,rank:0,datasize:15000,operation:Post-smoothing
cr:1.06259,iter:8,level:18,rank:0,datasize:15000,operation:Residual-Norm
cr:1.06259,iter:9,level:0,rank:0,datasize:15000,operation:Pre-Smoothing
cr:1.06236,iter:9,level:0,rank:0,datasize:15000,operation:Residual
cr:1142.48,iter:9,level:1,rank:0,datasize:18851,operation:Pre-Smoothing
cr:3.73093,iter:9,level:1,rank:0,datasize:18851,operation:Residual
cr:1451.88,iter:9,level:2,rank:0,datasize:23956,operation:Pre-Smoothing
cr:3.37563,iter:9,level:2,rank:0,datasize:23956,operation:Residual
cr:1581.15,iter:9,level:3,rank:0,datasize:26089,operation:Pre-Smoothing
cr:2.67569,iter:9,level:3,rank:0,datasize:26089,operation:Residual
cr:1379.15,iter:9,level:4,rank:0,datasize:22756,operation:Pre-Smoothing
cr:2.06296,iter:9,level:4,rank:0,datasize:22756,operation:Residual
cr:1127.58,iter:9,level:5,rank:0,datasize:18605,operation:Pre-Smoothing
SZ is downgraded to lossless mode.
SZ is downgraded to lossless mode.
cr:1.04033,iter:9,level:5,rank:0,datasize:18605,operation:Residual
cr:888.489,iter:9,level:6,rank:0,datasize:14549,operation:Pre-Smoothing
SZ is downgraded to lossless mode.
cr:1.04111,iter:9,level:6,rank:0,datasize:14549,operation:Residual
SZ is downgraded to lossless mode.
cr:683.237,iter:9,level:7,rank:0,datasize:11188,operation:Pre-Smoothing
SZ is downgraded to lossless mode.
cr:1.04114,iter:9,level:7,rank:0,datasize:11188,operation:Residual
SZ is downgraded to lossless mode.
cr:501.538,iter:9,level:8,rank:0,datasize:8150,operation:Pre-Smoothing
SZ is downgraded to lossless mode.
cr:1.04067,iter:9,level:8,rank:0,datasize:8150,operation:Residual
SZ is downgraded to lossless mode.
cr:363.843,iter:9,level:9,rank:0,datasize:5776,operation:Pre-Smoothing
SZ is downgraded to lossless mode.
cr:1.03948,iter:9,level:9,rank:0,datasize:5776,operation:Residual
SZ is downgraded to lossless mode.
cr:295.028,iter:9,level:10,rank:0,datasize:3946,operation:Pre-Smoothing
SZ is downgraded to lossless mode.
cr:1.03777,iter:9,level:10,rank:0,datasize:3946,operation:Residual
SZ is downgraded to lossless mode.
cr:188.187,iter:9,level:11,rank:0,datasize:2517,operation:Pre-Smoothing
SZ is downgraded to lossless mode.
cr:1.0349,iter:9,level:11,rank:0,datasize:2517,operation:Residual
SZ is downgraded to lossless mode.
cr:116.561,iter:9,level:12,rank:0,datasize:1559,operation:Pre-Smoothing
SZ is downgraded to lossless mode.
cr:1.0316,iter:9,level:12,rank:0,datasize:1559,operation:Residual
SZ is downgraded to lossless mode.
cr:68.9346,iter:9,level:13,rank:0,datasize:922,operation:Pre-Smoothing
SZ is downgraded to lossless mode.
SZ is downgraded to lossless mode.
cr:1.02487,iter:9,level:13,rank:0,datasize:922,operation:Residual
cr:41.7944,iter:9,level:14,rank:0,datasize:559,operation:Pre-Smoothing
SZ is downgraded to lossless mode.
SZ is downgraded to lossless mode.
cr:1.01521,iter:9,level:14,rank:0,datasize:559,operation:Residual
cr:24.3107,iter:9,level:15,rank:0,datasize:313,operation:Pre-Smoothing
cr:0.995231,iter:9,level:15,rank:0,datasize:313,operation:Residual
cr:12.2182,iter:9,level:16,rank:0,datasize:168,operation:Pre-Smoothing
cr:0.958631,iter:9,level:16,rank:0,datasize:168,operation:Residual
cr:4.8,iter:9,level:17,rank:0,datasize:66,operation:Pre-Smoothing
cr:0.901024,iter:9,level:17,rank:0,datasize:66,operation:Residual
cr:0.583942,iter:9,level:18,rank:0,datasize:10,operation:Interpolation
cr:0.901024,iter:9,level:18,rank:0,datasize:66,operation:Post-smoothing
cr:0.737327,iter:9,level:18,rank:0,datasize:20,operation:Interpolation
cr:0.982456,iter:9,level:18,rank:0,datasize:168,operation:Post-smoothing
cr:0.861244,iter:9,level:18,rank:0,datasize:45,operation:Interpolation
cr:1.01335,iter:9,level:18,rank:0,datasize:313,operation:Post-smoothing
cr:0.879668,iter:9,level:18,rank:0,datasize:53,operation:Interpolation
SZ is downgraded to lossless mode.
SZ is downgraded to lossless mode.
cr:1.02805,iter:9,level:18,rank:0,datasize:559,operation:Post-smoothing
cr:0.989784,iter:9,level:18,rank:0,datasize:109,operation:Interpolation
SZ is downgraded to lossless mode.
cr:1.03843,iter:9,level:18,rank:0,datasize:922,operation:Post-smoothing
SZ is downgraded to lossless mode.
cr:0.959554,iter:9,level:18,rank:0,datasize:172,operation:Interpolation
SZ is downgraded to lossless mode.
SZ is downgraded to lossless mode.
cr:1.04377,iter:9,level:18,rank:0,datasize:1559,operation:Post-smoothing
cr:0.997309,iter:9,level:18,rank:0,datasize:278,operation:Interpolation
SZ is downgraded to lossless mode.
cr:1.04407,iter:9,level:18,rank:0,datasize:2517,operation:Post-smoothing
SZ is downgraded to lossless mode.
SZ is downgraded to lossless mode.
cr:1.01885,iter:9,level:18,rank:0,datasize:446,operation:Interpolation
SZ is downgraded to lossless mode.
SZ is downgraded to lossless mode.
SZ is downgraded to lossless mode.
cr:1.04436,iter:9,level:18,rank:0,datasize:3946,operation:Post-smoothing
SZ is downgraded to lossless mode.
cr:1.02648,iter:9,level:18,rank:0,datasize:630,operation:Interpolation
SZ is downgraded to lossless mode.
SZ is downgraded to lossless mode.
SZ is downgraded to lossless mode.
cr:1.0451,iter:9,level:18,rank:0,datasize:5776,operation:Post-smoothing
SZ is downgraded to lossless mode.
SZ is downgraded to lossless mode.
cr:1.03495,iter:9,level:18,rank:0,datasize:1029,operation:Interpolation
SZ is downgraded to lossless mode.
cr:1.04536,iter:9,level:18,rank:0,datasize:8150,operation:Post-smoothing
SZ is downgraded to lossless mode.
SZ is downgraded to lossless mode.
SZ is downgraded to lossless mode.
cr:1.03948,iter:9,level:18,rank:0,datasize:1471,operation:Interpolation
SZ is downgraded to lossless mode.
cr:1.04568,iter:9,level:18,rank:0,datasize:11188,operation:Post-smoothing
SZ is downgraded to lossless mode.
SZ is downgraded to lossless mode.
cr:1.04054,iter:9,level:18,rank:0,datasize:1893,operation:Interpolation
SZ is downgraded to lossless mode.
SZ is downgraded to lossless mode.
cr:1.04528,iter:9,level:18,rank:0,datasize:14549,operation:Post-smoothing
SZ is downgraded to lossless mode.
SZ is downgraded to lossless mode.
cr:1.04216,iter:9,level:18,rank:0,datasize:2586,operation:Interpolation
SZ is downgraded to lossless mode.
SZ is downgraded to lossless mode.
SZ is downgraded to lossless mode.
cr:1.04549,iter:9,level:18,rank:0,datasize:18605,operation:Post-smoothing
SZ is downgraded to lossless mode.
cr:1.04375,iter:9,level:18,rank:0,datasize:3379,operation:Interpolation
SZ is downgraded to lossless mode.
SZ is downgraded to lossless mode.
cr:1.04538,iter:9,level:18,rank:0,datasize:22756,operation:Post-smoothing
SZ is downgraded to lossless mode.
SZ is downgraded to lossless mode.
cr:1.04363,iter:9,level:18,rank:0,datasize:4524,operation:Interpolation
SZ is downgraded to lossless mode.
SZ is downgraded to lossless mode.
SZ is downgraded to lossless mode.
cr:1.04545,iter:9,level:18,rank:0,datasize:26089,operation:Post-smoothing
SZ is downgraded to lossless mode.
cr:1.04421,iter:9,level:18,rank:0,datasize:6309,operation:Interpolation
SZ is downgraded to lossless mode.
SZ is downgraded to lossless mode.
cr:1.04542,iter:9,level:18,rank:0,datasize:23956,operation:Post-smoothing
SZ is downgraded to lossless mode.
SZ is downgraded to lossless mode.
cr:1.04502,iter:9,level:18,rank:0,datasize:7767,operation:Interpolation
SZ is downgraded to lossless mode.
SZ is downgraded to lossless mode.
SZ is downgraded to lossless mode.
cr:1.0449,iter:9,level:18,rank:0,datasize:18851,operation:Post-smoothing
SZ is downgraded to lossless mode.
cr:1.0454,iter:9,level:18,rank:0,datasize:7371,operation:Interpolation
SZ is downgraded to lossless mode.
cr:1.06223,iter:9,level:18,rank:0,datasize:15000,operation:Post-smoothing
cr:1.06229,iter:9,level:18,rank:0,datasize:15000,operation:Residual-Norm
cr:1.06229,iter:10,level:0,rank:0,datasize:15000,operation:Pre-Smoothing
cr:1.0622,iter:10,level:0,rank:0,datasize:15000,operation:Residual
cr:1142.48,iter:10,level:1,rank:0,datasize:18851,operation:Pre-Smoothing
cr:4.51143,iter:10,level:1,rank:0,datasize:18851,operation:Residual
cr:1451.88,iter:10,level:2,rank:0,datasize:23956,operation:Pre-Smoothing
cr:3.86122,iter:10,level:2,rank:0,datasize:23956,operation:Residual
cr:1581.15,iter:10,level:3,rank:0,datasize:26089,operation:Pre-Smoothing
cr:3.04956,iter:10,level:3,rank:0,datasize:26089,operation:Residual
cr:1379.15,iter:10,level:4,rank:0,datasize:22756,operation:Pre-Smoothing
cr:2.37502,iter:10,level:4,rank:0,datasize:22756,operation:Residual
cr:1127.58,iter:10,level:5,rank:0,datasize:18605,operation:Pre-Smoothing
cr:1.81406,iter:10,level:5,rank:0,datasize:18605,operation:Residual
cr:888.489,iter:10,level:6,rank:0,datasize:14549,operation:Pre-Smoothing
SZ is downgraded to lossless mode.
cr:1.04016,iter:10,level:6,rank:0,datasize:14549,operation:Residual
SZ is downgraded to lossless mode.
cr:683.237,iter:10,level:7,rank:0,datasize:11188,operation:Pre-Smoothing
SZ is downgraded to lossless mode.
cr:1.03966,iter:10,level:7,rank:0,datasize:11188,operation:Residual
SZ is downgraded to lossless mode.
cr:501.538,iter:10,level:8,rank:0,datasize:8150,operation:Pre-Smoothing
SZ is downgraded to lossless mode.
SZ is downgraded to lossless mode.
cr:1.03938,iter:10,level:8,rank:0,datasize:8150,operation:Residual
cr:363.843,iter:10,level:9,rank:0,datasize:5776,operation:Pre-Smoothing
SZ is downgraded to lossless mode.
SZ is downgraded to lossless mode.
cr:1.03822,iter:10,level:9,rank:0,datasize:5776,operation:Residual
cr:295.028,iter:10,level:10,rank:0,datasize:3946,operation:Pre-Smoothing
SZ is downgraded to lossless mode.
cr:1.03668,iter:10,level:10,rank:0,datasize:3946,operation:Residual
SZ is downgraded to lossless mode.
cr:188.187,iter:10,level:11,rank:0,datasize:2517,operation:Pre-Smoothing
SZ is downgraded to lossless mode.
cr:1.03458,iter:10,level:11,rank:0,datasize:2517,operation:Residual
SZ is downgraded to lossless mode.
cr:116.561,iter:10,level:12,rank:0,datasize:1559,operation:Pre-Smoothing
SZ is downgraded to lossless mode.
cr:1.03091,iter:10,level:12,rank:0,datasize:1559,operation:Residual
SZ is downgraded to lossless mode.
cr:68.9346,iter:10,level:13,rank:0,datasize:922,operation:Pre-Smoothing
SZ is downgraded to lossless mode.
cr:1.02416,iter:10,level:13,rank:0,datasize:922,operation:Residual
SZ is downgraded to lossless mode.
cr:41.7944,iter:10,level:14,rank:0,datasize:559,operation:Pre-Smoothing
SZ is downgraded to lossless mode.
SZ is downgraded to lossless mode.
cr:1.01406,iter:10,level:14,rank:0,datasize:559,operation:Residual
cr:24.3107,iter:10,level:15,rank:0,datasize:313,operation:Pre-Smoothing
cr:0.994835,iter:10,level:15,rank:0,datasize:313,operation:Residual
cr:12.2182,iter:10,level:16,rank:0,datasize:168,operation:Pre-Smoothing
cr:0.958631,iter:10,level:16,rank:0,datasize:168,operation:Residual
cr:4.8,iter:10,level:17,rank:0,datasize:66,operation:Pre-Smoothing
cr:0.901024,iter:10,level:17,rank:0,datasize:66,operation:Residual
cr:0.583942,iter:10,level:18,rank:0,datasize:10,operation:Interpolation
cr:0.901024,iter:10,level:18,rank:0,datasize:66,operation:Post-smoothing
cr:0.737327,iter:10,level:18,rank:0,datasize:20,operation:Interpolation
cr:0.958631,iter:10,level:18,rank:0,datasize:168,operation:Post-smoothing
cr:0.861244,iter:10,level:18,rank:0,datasize:45,operation:Interpolation
cr:1.00361,iter:10,level:18,rank:0,datasize:313,operation:Post-smoothing
cr:0.879668,iter:10,level:18,rank:0,datasize:53,operation:Interpolation
SZ is downgraded to lossless mode.
cr:1.02311,iter:SZ is downgraded to lossless mode.
10,level:18,rank:0,datasize:559,operation:Post-smoothing
cr:0.984199,iter:10,level:18,rank:0,datasize:109,operation:Interpolation
SZ is downgraded to lossless mode.
cr:1.03407,iter:10,level:18,rank:0,datasize:922,operation:Post-smoothing
SZ is downgraded to lossless mode.
cr:0.959554,iter:10,level:18,rank:0,datasize:172,operation:Interpolation
SZ is downgraded to lossless mode.
SZ is downgraded to lossless mode.
cr:1.03959,iter:10,level:18,rank:0,datasize:1559,operation:Post-smoothing
cr:0.991971,iter:10,level:18,rank:0,datasize:278,operation:Interpolation
SZ is downgraded to lossless mode.
cr:1.04202,iter:10,level:18,rank:0,datasize:2517,operation:Post-smoothing
SZ is downgraded to lossless mode.
SZ is downgraded to lossless mode.
cr:1.01364,iter:10,level:18,rank:0,datasize:446,operation:Interpolation
SZ is downgraded to lossless mode.
SZ is downgraded to lossless mode.
cr:1.04329,iter:10,level:18,rank:0,datasize:3946,operation:Post-smoothing
SZ is downgraded to lossless mode.
SZ is downgraded to lossless mode.
cr:1.02543,iter:10,level:18,rank:0,datasize:630,operation:Interpolation
SZ is downgraded to lossless mode.
SZ is downgraded to lossless mode.
SZ is downgraded to lossless mode.
cr:1.04397,iter:10,level:18,rank:0,datasize:5776,operation:Post-smoothing
SZ is downgraded to lossless mode.
SZ is downgraded to lossless mode.
cr:1.03586,iter:10,level:18,rank:0,datasize:1029,operation:Interpolation
SZ is downgraded to lossless mode.
cr:1.04514,iter:10,level:18,rank:0,datasize:8150,operation:Post-smoothing
SZ is downgraded to lossless mode.
SZ is downgraded to lossless mode.
SZ is downgraded to lossless mode.
cr:1.03811,iter:10,level:18,rank:0,datasize:1471,operation:Interpolation
SZ is downgraded to lossless mode.
SZ is downgraded to lossless mode.
cr:1.04512,iter:10,level:18,rank:0,datasize:11188,operation:Post-smoothing
SZ is downgraded to lossless mode.
cr:1.04047,iter:10,level:18,rank:0,datasize:1893,operation:Interpolation
SZ is downgraded to lossless mode.
SZ is downgraded to lossless mode.
cr:1.04517,iter:10,level:18,rank:0,datasize:14549,operation:Post-smoothing
SZ is downgraded to lossless mode.
SZ is downgraded to lossless mode.
cr:1.04285,iter:10,level:18,rank:0,datasize:2586,operation:Interpolation
SZ is downgraded to lossless mode.
SZ is downgraded to lossless mode.
cr:1.04528,iter:10,level:18,rank:0,datasize:18605,operation:Post-smoothing
SZ is downgraded to lossless mode.
SZ is downgraded to lossless mode.
SZ is downgraded to lossless mode.
cr:1.04351,iter:10,level:18,rank:0,datasize:3379,operation:Interpolation
SZ is downgraded to lossless mode.
cr:1.04529,iter:10,level:18,rank:0,datasize:22756,operation:Post-smoothing
SZ is downgraded to lossless mode.
SZ is downgraded to lossless mode.
SZ is downgraded to lossless mode.
cr:1.04429,iter:10,level:18,rank:0,datasize:4524,operation:Interpolation
SZ is downgraded to lossless mode.
cr:1.0455,iter:10,level:18,rank:0,datasize:26089,operation:Post-smoothing
SZ is downgraded to lossless mode.
SZ is downgraded to lossless mode.
cr:1.04428,iter:10,level:18,rank:0,datasize:6309,operation:Interpolation
SZ is downgraded to lossless mode.
SZ is downgraded to lossless mode.
cr:1.04544,iter:10,level:18,rank:0,datasize:23956,operation:Post-smoothing
SZ is downgraded to lossless mode.
SZ is downgraded to lossless mode.
cr:1.04453,iter:10,level:18,rank:0,datasize:7767,operation:Interpolation
SZ is downgraded to lossless mode.
SZ is downgraded to lossless mode.
SZ is downgraded to lossless mode.
cr:1.04512,iter:10,level:18,rank:0,datasize:18851,operation:Post-smoothing
SZ is downgraded to lossless mode.
cr:1.04474,iter:10,level:18,rank:0,datasize:7371,operation:Interpolation
SZ is downgraded to lossless mode.
cr:1.06261,iter:10,level:18,rank:0,datasize:15000,operation:Post-smoothing
cr:1.06293,iter:10,level:18,rank:0,datasize:15000,operation:Residual-Norm
cr:1.06293,iter:11,level:0,rank:0,datasize:15000,operation:Pre-Smoothing
cr:1.06294,iter:11,level:0,rank:0,datasize:15000,operation:Residual
cr:1142.48,iter:11,level:1,rank:0,datasize:18851,operation:Pre-Smoothing
cr:5.77454,iter:11,level:1,rank:0,datasize:18851,operation:Residual
cr:1451.88,iter:11,level:2,rank:0,datasize:23956,operation:Pre-Smoothing
cr:4.46909,iter:11,level:2,rank:0,datasize:23956,operation:Residual
cr:1581.15,iter:11,level:3,rank:0,datasize:26089,operation:Pre-Smoothing
cr:3.50353,iter:11,level:3,rank:0,datasize:26089,operation:Residual
cr:1379.15,iter:11,level:4,rank:0,datasize:22756,operation:Pre-Smoothing
cr:2.70675,iter:11,level:4,rank:0,datasize:22756,operation:Residual
cr:1127.58,iter:11,level:5,rank:0,datasize:18605,operation:Pre-Smoothing
cr:2.03695,iter:11,level:5,rank:0,datasize:18605,operation:Residual
cr:888.489,iter:11,level:6,rank:0,datasize:14549,operation:Pre-Smoothing
SZ is downgraded to lossless mode.
cr:1.03811,iter:11,level:6,rank:0,datasize:14549,operation:Residual
SZ is downgraded to lossless mode.
cr:683.237,iter:11,level:7,rank:0,datasize:11188,operation:Pre-Smoothing
SZ is downgraded to lossless mode.
cr:1.03861,iter:11,level:7,rank:0,datasize:11188,operation:Residual
SZ is downgraded to lossless mode.
cr:501.538,iter:11,level:8,rank:0,datasize:8150,operation:Pre-Smoothing
SZ is downgraded to lossless mode.
SZ is downgraded to lossless mode.
cr:1.03813,iter:11,level:8,rank:0,datasize:8150,operation:Residual
cr:363.843,iter:11,level:9,rank:0,datasize:5776,operation:Pre-Smoothing
SZ is downgraded to lossless mode.
SZ is downgraded to lossless mode.
cr:1.0368,iter:11,level:9,rank:0,datasize:5776,operation:Residual
cr:295.028,iter:11,level:10,rank:0,datasize:3946,operation:Pre-Smoothing
SZ is downgraded to lossless mode.
SZ is downgraded to lossless mode.
cr:1.03495,iter:11,level:10,rank:0,datasize:3946,operation:Residual
cr:188.187,iter:11,level:11,rank:0,datasize:2517,operation:Pre-Smoothing
SZ is downgraded to lossless mode.
SZ is downgraded to lossless mode.
cr:1.03299,iter:11,level:11,rank:0,datasize:2517,operation:Residual
cr:116.561,iter:11,level:12,rank:0,datasize:1559,operation:Pre-Smoothing
SZ is downgraded to lossless mode.
cr:1.02862,iter:11,level:12,rank:0,datasize:1559,operation:Residual
SZ is downgraded to lossless mode.
cr:68.9346,iter:11,level:13,rank:0,datasize:922,operation:Pre-Smoothing
SZ is downgraded to lossless mode.
cr:1.02402,iter:11,level:13,rank:0,datasize:922,operation:Residual
SZ is downgraded to lossless mode.
cr:41.7944,iter:11,level:14,rank:0,datasize:559,operation:Pre-Smoothing
SZ is downgraded to lossless mode.
SZ is downgraded to lossless mode.
cr:1.01337,iter:11,level:14,rank:0,datasize:559,operation:Residual
cr:24.3107,iter:11,level:15,rank:0,datasize:313,operation:Pre-Smoothing
cr:0.97698,iter:11,level:15,rank:0,datasize:313,operation:Residual
cr:12.2182,iter:11,level:16,rank:0,datasize:168,operation:Pre-Smoothing
cr:0.958631,iter:11,level:16,rank:0,datasize:168,operation:Residual
cr:4.8,iter:11,level:17,rank:0,datasize:66,operation:Pre-Smoothing
cr:0.901024,iter:11,level:17,rank:0,datasize:66,operation:Residual
cr:0.583942,iter:11,level:18,rank:0,datasize:10,operation:Interpolation
cr:0.901024,iter:11,level:18,rank:0,datasize:66,operation:Post-smoothing
cr:0.737327,iter:11,level:18,rank:0,datasize:20,operation:Interpolation
cr:0.958631,iter:11,level:18,rank:0,datasize:168,operation:Post-smoothing
cr:0.861244,iter:11,level:18,rank:0,datasize:45,operation:Interpolation
cr:0.998007,iter:11,level:18,rank:0,datasize:313,operation:Post-smoothing
cr:0.879668,iter:11,level:18,rank:0,datasize:53,operation:Interpolation
SZ is downgraded to lossless mode.
SZ is downgraded to lossless mode.
cr:1.02241,iter:11,level:18,rank:0,datasize:559,operation:Post-smoothing
cr:0.974302,iter:11,level:18,rank:0,datasize:109,operation:Interpolation
SZ is downgraded to lossless mode.
cr:1.03219,iter:11,level:18,rank:0,datasize:922,operation:Post-smoothing
SZ is downgraded to lossless mode.
cr:0.959554,iter:11,level:18,rank:0,datasize:172,operation:Interpolation
SZ is downgraded to lossless mode.
SZ is downgraded to lossless mode.
cr:1.03726,iter:11,level:18,rank:0,datasize:1559,operation:Post-smoothing
cr:0.990205,iter:11,level:18,rank:0,datasize:278,operation:Interpolation
SZ is downgraded to lossless mode.
SZ is downgraded to lossless mode.
cr:1.04014,iter:11,level:18,rank:0,datasize:2517,operation:Post-smoothing
SZ is downgraded to lossless mode.
SZ is downgraded to lossless mode.
cr:1.01421,iter:11,level:18,rank:0,datasize:446,operation:Interpolation
SZ is downgraded to lossless mode.
cr:1.04236,iter:11,level:18,rank:0,datasize:3946,operation:Post-smoothing
SZ is downgraded to lossless mode.
SZ is downgraded to lossless mode.
cr:1.02439,iter:11,level:18,rank:0,datasize:630,operation:Interpolation
SZ is downgraded to lossless mode.
SZ is downgraded to lossless mode.
SZ is downgraded to lossless mode.
cr:1.04335,iter:11,level:18,rank:0,datasize:5776,operation:Post-smoothing
SZ is downgraded to lossless mode.
SZ is downgraded to lossless mode.
cr:1.03508,iter:11,level:18,rank:0,datasize:1029,operation:Interpolation
SZ is downgraded to lossless mode.
cr:1.04462,iter:11,level:18,rank:0,datasize:8150,operation:Post-smoothing
SZ is downgraded to lossless mode.
SZ is downgraded to lossless mode.
SZ is downgraded to lossless mode.
cr:1.03701,iter:11,level:18,rank:0,datasize:1471,operation:Interpolation
SZ is downgraded to lossless mode.
SZ is downgraded to lossless mode.
cr:1.04495,iter:11,level:18,rank:0,datasize:11188,operation:Post-smoothing
SZ is downgraded to lossless mode.
cr:1.04075,iter:11,level:18,rank:0,datasize:1893,operation:Interpolation
SZ is downgraded to lossless mode.
SZ is downgraded to lossless mode.
SZ is downgraded to lossless mode.
cr:1.04473,iter:11,level:18,rank:0,datasize:14549,operation:Post-smoothing
SZ is downgraded to lossless mode.
cr:1.04216,iter:11,level:18,rank:0,datasize:2586,operation:Interpolation
SZ is downgraded to lossless mode.
SZ is downgraded to lossless mode.
cr:1.04489,iter:11,level:18,rank:0,datasize:18605,operation:Post-smoothing
SZ is downgraded to lossless mode.
SZ is downgraded to lossless mode.
SZ is downgraded to lossless mode.
cr:1.04266,iter:11,level:18,rank:0,datasize:3379,operation:Interpolation
SZ is downgraded to lossless mode.
cr:1.04517,iter:11,level:18,rank:0,datasize:22756,operation:Post-smoothing
SZ is downgraded to lossless mode.
SZ is downgraded to lossless mode.
SZ is downgraded to lossless mode.
cr:1.04471,iter:11,level:18,rank:0,datasize:4524,operation:Interpolation
SZ is downgraded to lossless mode.
SZ is downgraded to lossless mode.
cr:1.04523,iter:11,level:18,rank:0,datasize:26089,operation:Post-smoothing
SZ is downgraded to lossless mode.
cr:1.04415,iter:11,level:18,rank:0,datasize:6309,operation:Interpolation
SZ is downgraded to lossless mode.
SZ is downgraded to lossless mode.
SZ is downgraded to lossless mode.
cr:1.04525,iter:11,level:18,rank:0,datasize:23956,operation:Post-smoothing
SZ is downgraded to lossless mode.
SZ is downgraded to lossless mode.
cr:1.04462,iter:11,level:18,rank:0,datasize:7767,operation:Interpolation
SZ is downgraded to lossless mode.
SZ is downgraded to lossless mode.
cr:1.04474,iter:11,level:18,rank:0,datasize:18851,operation:Post-smoothing
SZ is downgraded to lossless mode.
cr:1.04455,iter:11,level:18,rank:0,datasize:7371,operation:Interpolation
SZ is downgraded to lossless mode.
cr:1.06274,iter:11,level:18,rank:0,datasize:15000,operation:Post-smoothing
cr:1.06277,iter:11,level:18,rank:0,datasize:15000,operation:Residual-Norm
cr:1.06277,iter:12,level:0,rank:0,datasize:15000,operation:Pre-Smoothing
cr:1.0627,iter:12,level:0,rank:0,datasize:15000,operation:Residual
cr:1142.48,iter:12,level:1,rank:0,datasize:18851,operation:Pre-Smoothing
cr:6.47078,iter:12,level:1,rank:0,datasize:18851,operation:Residual
cr:1451.88,iter:12,level:2,rank:0,datasize:23956,operation:Pre-Smoothing
cr:4.99057,iter:12,level:2,rank:0,datasize:23956,operation:Residual
cr:1581.15,iter:12,level:3,rank:0,datasize:26089,operation:Pre-Smoothing
cr:4.46319,iter:12,level:3,rank:0,datasize:26089,operation:Residual
cr:1379.15,iter:12,level:4,rank:0,datasize:22756,operation:Pre-Smoothing
cr:3.02069,iter:12,level:4,rank:0,datasize:22756,operation:Residual
cr:1127.58,iter:12,level:5,rank:0,datasize:18605,operation:Pre-Smoothing
cr:2.28679,iter:12,level:5,rank:0,datasize:18605,operation:Residual
cr:888.489,iter:12,level:6,rank:0,datasize:14549,operation:Pre-Smoothing
cr:2.02738,iter:12,level:6,rank:0,datasize:14549,operation:Residual
cr:683.237,iter:12,level:7,rank:0,datasize:11188,operation:Pre-Smoothing
SZ is downgraded to lossless mode.
SZ is downgraded to lossless mode.
cr:1.03722,iter:12,level:7,rank:0,datasize:11188,operation:Residual
cr:501.538,iter:12,level:8,rank:0,datasize:8150,operation:Pre-Smoothing
SZ is downgraded to lossless mode.
SZ is downgraded to lossless mode.
cr:1.03681,iter:12,level:8,rank:0,datasize:8150,operation:Residual
cr:363.843,iter:12,level:9,rank:0,datasize:5776,operation:Pre-Smoothing
SZ is downgraded to lossless mode.
cr:1.03624,iter:12,level:9,rank:0,datasize:5776,operation:Residual
SZ is downgraded to lossless mode.
cr:295.028,iter:12,level:10,rank:0,datasize:3946,operation:Pre-Smoothing
SZ is downgraded to lossless mode.
cr:1.03441,iter:12,level:10,rank:0,datasize:3946,operation:Residual
SZ is downgraded to lossless mode.
cr:188.187,iter:12,level:11,rank:0,datasize:2517,operation:Pre-Smoothing
SZ is downgraded to lossless mode.
SZ is downgraded to lossless mode.
cr:1.0333,iter:12,level:11,rank:0,datasize:2517,operation:Residual
cr:116.561,iter:12,level:12,rank:0,datasize:1559,operation:Pre-Smoothing
SZ is downgraded to lossless mode.
cr:1.02989,iter:12,level:12,rank:0,datasize:1559,operation:Residual
SZ is downgraded to lossless mode.
cr:68.9346,iter:12,level:13,rank:0,datasize:922,operation:Pre-Smoothing
SZ is downgraded to lossless mode.
SZ is downgraded to lossless mode.
cr:1.02359,iter:12,level:13,rank:0,datasize:922,operation:Residual
cr:41.7944,iter:12,level:14,rank:0,datasize:559,operation:Pre-Smoothing
SZ is downgraded to lossless mode.
SZ is downgraded to lossless mode.
cr:1.01154,iter:12,level:14,rank:0,datasize:559,operation:Residual
cr:24.3107,iter:12,level:15,rank:0,datasize:313,operation:Pre-Smoothing
cr:0.97698,iter:12,level:15,rank:0,datasize:313,operation:Residual
cr:12.2182,iter:12,level:16,rank:0,datasize:168,operation:Pre-Smoothing
cr:0.958631,iter:12,level:16,rank:0,datasize:168,operation:Residual
cr:4.8,iter:12,level:17,rank:0,datasize:66,operation:Pre-Smoothing
cr:0.901024,iter:12,level:17,rank:0,datasize:66,operation:Residual
cr:0.583942,iter:12,level:18,rank:0,datasize:10,operation:Interpolation
cr:0.901024,iter:12,level:18,rank:0,datasize:66,operation:Post-smoothing
cr:0.737327,iter:12,level:18,rank:0,datasize:20,operation:Interpolation
cr:0.958631,iter:12,level:18,rank:0,datasize:168,operation:Post-smoothing
cr:0.861244,iter:12,level:18,rank:0,datasize:45,operation:Interpolation
cr:0.997212,iter:12,level:18,rank:0,datasize:313,operation:Post-smoothing
cr:0.879668,iter:12,level:18,rank:0,datasize:53,operation:Interpolation
SZ is downgraded to lossless mode.
SZ is downgraded to lossless mode.
cr:1.01914,iter:12,level:18,rank:0,datasize:559,operation:Post-smoothing
cr:0.994299,iter:12,level:18,rank:0,datasize:109,operation:Interpolation
SZ is downgraded to lossless mode.
cr:1.03118,iter:12,level:18,rank:0,datasize:922,operation:Post-smoothing
SZ is downgraded to lossless mode.
cr:0.959554,iter:12,level:18,rank:0,datasize:172,operation:Interpolation
SZ is downgraded to lossless mode.
SZ is downgraded to lossless mode.
cr:1.03717,iter:12,level:18,rank:0,datasize:1559,operation:Post-smoothing
cr:0.994189,iter:12,level:18,rank:0,datasize:278,operation:Interpolation
SZ is downgraded to lossless mode.
SZ is downgraded to lossless mode.
cr:1.04035,iter:12,level:18,rank:0,datasize:2517,operation:Post-smoothing
SZ is downgraded to lossless mode.
SZ is downgraded to lossless mode.
cr:1.01566,iter:12,level:18,rank:0,datasize:446,operation:Interpolation
SZ is downgraded to lossless mode.
cr:1.04257,iter:12,level:18,rank:0,datasize:3946,operation:Post-smoothing
SZ is downgraded to lossless mode.
SZ is downgraded to lossless mode.
SZ is downgraded to lossless mode.
cr:1.02606,iter:12,level:18,rank:0,datasize:630,operation:Interpolation
SZ is downgraded to lossless mode.
SZ is downgraded to lossless mode.
cr:1.0434,iter:12,level:18,rank:0,datasize:5776,operation:Post-smoothing
SZ is downgraded to lossless mode.
cr:1.03378,iter:12,level:18,rank:0,datasize:1029,operation:Interpolation
SZ is downgraded to lossless mode.
SZ is downgraded to lossless mode.
cr:1.04399,iter:12,level:18,rank:0,datasize:8150,operation:Post-smoothing
SZ is downgraded to lossless mode.
SZ is downgraded to lossless mode.
SZ is downgraded to lossless mode.
cr:1.0371,iter:12,level:18,rank:0,datasize:1471,operation:Interpolation
SZ is downgraded to lossless mode.
cr:1.04466,iter:12,level:18,rank:0,datasize:11188,operation:Post-smoothing
SZ is downgraded to lossless mode.
SZ is downgraded to lossless mode.
cr:1.04011,iter:12,level:18,rank:0,datasize:1893,operation:Interpolation
SZ is downgraded to lossless mode.
SZ is downgraded to lossless mode.
SZ is downgraded to lossless mode.
cr:1.04487,iter:12,level:18,rank:0,datasize:14549,operation:Post-smoothing
SZ is downgraded to lossless mode.
SZ is downgraded to lossless mode.
cr:1.04201,iter:12,level:18,rank:0,datasize:2586,operation:Interpolation
SZ is downgraded to lossless mode.
SZ is downgraded to lossless mode.
cr:1.04487,iter:12,level:18,rank:0,datasize:18605,operation:Post-smoothing
SZ is downgraded to lossless mode.
SZ is downgraded to lossless mode.
cr:1.04286,iter:12,level:18,rank:0,datasize:3379,operation:Interpolation
SZ is downgraded to lossless mode.
SZ is downgraded to lossless mode.
cr:1.04503,iter:12,level:18,rank:0,datasize:22756,operation:Post-smoothing
SZ is downgraded to lossless mode.
SZ is downgraded to lossless mode.
cr:1.04408,iter:12,level:18,rank:0,datasize:4524,operation:Interpolation
SZ is downgraded to lossless mode.
cr:1.04497,iter:12,level:18,rank:0,datasize:26089,operation:Post-smoothing
SZ is downgraded to lossless mode.
SZ is downgraded to lossless mode.
cr:1.04456,iter:12,level:18,rank:0,datasize:6309,operation:Interpolation
SZ is downgraded to lossless mode.
SZ is downgraded to lossless mode.
cr:1.04498,iter:12,level:18,rank:0,datasize:23956,operation:Post-smoothing
SZ is downgraded to lossless mode.
SZ is downgraded to lossless mode.
cr:1.04457,iter:12,level:18,rank:0,datasize:7767,operation:Interpolation
SZ is downgraded to lossless mode.
SZ is downgraded to lossless mode.
SZ is downgraded to lossless mode.
cr:1.04503,iter:12,level:18,rank:0,datasize:18851,operation:Post-smoothing
SZ is downgraded to lossless mode.
cr:1.04401,iter:12,level:18,rank:0,datasize:7371,operation:Interpolation
SZ is downgraded to lossless mode.
cr:1.06282,iter:12,level:18,rank:0,datasize:15000,operation:Post-smoothing
cr:1.06255,iter:12,level:18,rank:0,datasize:15000,operation:Residual-Norm
cr:1.06255,iter:13,level:0,rank:0,datasize:15000,operation:Pre-Smoothing
cr:1.06254,iter:13,level:0,rank:0,datasize:15000,operation:Residual
cr:1142.48,iter:13,level:1,rank:0,datasize:18851,operation:Pre-Smoothing
cr:6.44176,iter:13,level:1,rank:0,datasize:18851,operation:Residual
cr:1451.88,iter:13,level:2,rank:0,datasize:23956,operation:Pre-Smoothing
cr:6.27408,iter:13,level:2,rank:0,datasize:23956,operation:Residual
cr:1581.15,iter:13,level:3,rank:0,datasize:26089,operation:Pre-Smoothing
cr:4.37781,iter:13,level:3,rank:0,datasize:26089,operation:Residual
cr:1379.15,iter:13,level:4,rank:0,datasize:22756,operation:Pre-Smoothing
cr:3.37908,iter:13,level:4,rank:0,datasize:22756,operation:Residual
cr:1127.58,iter:13,level:5,rank:0,datasize:18605,operation:Pre-Smoothing
cr:2.55458,iter:13,level:5,rank:0,datasize:18605,operation:Residual
cr:888.489,iter:13,level:6,rank:0,datasize:14549,operation:Pre-Smoothing
cr:1.73919,iter:13,level:6,rank:0,datasize:14549,operation:Residual
cr:683.237,iter:13,level:7,rank:0,datasize:11188,operation:Pre-Smoothing
SZ is downgraded to lossless mode.
cr:SZ is downgraded to lossless mode.
1.0357,iter:13,level:7,rank:0,datasize:11188,operation:Residual
cr:501.538,iter:13,level:8,rank:0,datasize:8150,operation:Pre-Smoothing
SZ is downgraded to lossless mode.
SZ is downgraded to lossless mode.
cr:1.03648,iter:13,level:8,rank:0,datasize:8150,operation:Residual
cr:363.843,iter:13,level:9,rank:0,datasize:5776,operation:Pre-Smoothing
SZ is downgraded to lossless mode.
cr:1.03522,iter:13,level:9,rank:0,datasize:5776,operation:Residual
SZ is downgraded to lossless mode.
cr:295.028,iter:13,level:10,rank:0,datasize:3946,operation:Pre-Smoothing
SZ is downgraded to lossless mode.
SZ is downgraded to lossless mode.
cr:1.03386,iter:13,level:10,rank:0,datasize:3946,operation:Residual
cr:188.187,iter:13,level:11,rank:0,datasize:2517,operation:Pre-Smoothing
SZ is downgraded to lossless mode.
SZ is downgraded to lossless mode.
cr:1.03182,iter:13,level:11,rank:0,datasize:2517,operation:Residual
cr:116.561,iter:13,level:12,rank:0,datasize:1559,operation:Pre-Smoothing
SZ is downgraded to lossless mode.
cr:1.02853,iter:13,level:12,rank:0,datasize:1559,operation:Residual
SZ is downgraded to lossless mode.
cr:68.9346,iter:13,level:13,rank:0,datasize:922,operation:Pre-Smoothing
SZ is downgraded to lossless mode.
cr:1.02005,iter:13,level:13,rank:0,datasize:922,operation:Residual
SZ is downgraded to lossless mode.
cr:41.7944,iter:13,level:14,rank:0,datasize:559,operation:Pre-Smoothing
SZ is downgraded to lossless mode.
SZ is downgraded to lossless mode.
cr:1.00925,iter:13,level:14,rank:0,datasize:559,operation:Residual
cr:24.3107,iter:13,level:15,rank:0,datasize:313,operation:Pre-Smoothing
cr:0.97698,iter:13,level:15,rank:0,datasize:313,operation:Residual
cr:12.2182,iter:13,level:16,rank:0,datasize:168,operation:Pre-Smoothing
cr:0.958631,iter:13,level:16,rank:0,datasize:168,operation:Residual
cr:4.8,iter:13,level:17,rank:0,datasize:66,operation:Pre-Smoothing
cr:0.911917,iter:13,level:17,rank:0,datasize:66,operation:Residual
cr:0.583942,iter:13,level:18,rank:0,datasize:10,operation:Interpolation
cr:0.901024,iter:13,level:18,rank:0,datasize:66,operation:Post-smoothing
cr:0.737327,iter:13,level:18,rank:0,datasize:20,operation:Interpolation
cr:0.958631,iter:13,level:18,rank:0,datasize:168,operation:Post-smoothing
cr:0.861244,iter:13,level:18,rank:0,datasize:45,operation:Interpolation
cr:0.995626,iter:13,level:18,rank:0,datasize:313,operation:Post-smoothing
cr:0.879668,iter:13,level:18,rank:0,datasize:53,operation:Interpolation
SZ is downgraded to lossless mode.
SZ is downgraded to lossless mode.
cr:1.01938,iter:13,level:18,rank:0,datasize:559,operation:Post-smoothing
cr:0.981982,iter:13,level:18,rank:0,datasize:109,operation:Interpolation
SZ is downgraded to lossless mode.
cr:1.03074,iter:13,level:18,rank:0,datasize:922,operation:Post-smoothing
SZ is downgraded to lossless mode.
cr:0.959554,iter:13,level:18,rank:0,datasize:172,operation:Interpolation
SZ is downgraded to lossless mode.
SZ is downgraded to lossless mode.
cr:1.03493,iter:13,level:18,rank:0,datasize:1559,operation:Post-smoothing
cr:0.994633,iter:13,level:18,rank:0,datasize:278,operation:Interpolation
SZ is downgraded to lossless mode.
SZ is downgraded to lossless mode.
cr:1.04062,iter:13,level:18,rank:0,datasize:2517,operation:Post-smoothing
SZ is downgraded to lossless mode.
SZ is downgraded to lossless mode.
cr:1.01537,iter:13,level:18,rank:0,datasize:446,operation:Interpolation
SZ is downgraded to lossless mode.
cr:1.04247,iter:13,level:18,rank:0,datasize:3946,operation:Post-smoothing
SZ is downgraded to lossless mode.
SZ is downgraded to lossless mode.
cr:1.02606,iter:13,level:18,rank:0,datasize:630,operation:Interpolation
SZ is downgraded to lossless mode.
SZ is downgraded to lossless mode.
SZ is downgraded to lossless mode.
cr:1.04373,iter:13,level:18,rank:0,datasize:5776,operation:Post-smoothing
SZ is downgraded to lossless mode.
cr:1.0343,iter:13,level:18,rank:0,datasize:1029,operation:Interpolation
SZ is downgraded to lossless mode.
SZ is downgraded to lossless mode.
cr:1.044,iter:13,level:18,rank:0,datasize:8150,operation:Post-smoothing
SZ is downgraded to lossless mode.
SZ is downgraded to lossless mode.
SZ is downgraded to lossless mode.
cr:1.03793,iter:13,level:18,rank:0,datasize:1471,operation:Interpolation
SZ is downgraded to lossless mode.
SZ is downgraded to lossless mode.
cr:1.04394,iter:13,level:18,rank:0,datasize:11188,operation:Post-smoothing
SZ is downgraded to lossless mode.
cr:1.0399,iter:13,level:18,rank:0,datasize:1893,operation:Interpolation
SZ is downgraded to lossless mode.
SZ is downgraded to lossless mode.
cr:1.04473,iter:13,level:18,rank:0,datasize:14549,operation:Post-smoothing
SZ is downgraded to lossless mode.
SZ is downgraded to lossless mode.
SZ is downgraded to lossless mode.
cr:1.04153,iter:13,level:18,rank:0,datasize:2586,operation:Interpolation
SZ is downgraded to lossless mode.
SZ is downgraded to lossless mode.
cr:1.04476,iter:13,level:18,rank:0,datasize:18605,operation:Post-smoothing
SZ is downgraded to lossless mode.
SZ is downgraded to lossless mode.
cr:1.04258,iter:13,level:18,rank:0,datasize:3379,operation:Interpolation
SZ is downgraded to lossless mode.
cr:1.04482,iter:13,level:18,rank:0,datasize:22756,operation:Post-smoothing
SZ is downgraded to lossless mode.
SZ is downgraded to lossless mode.
SZ is downgraded to lossless mode.
cr:1.04357,iter:13,level:18,rank:0,datasize:4524,operation:Interpolation
SZ is downgraded to lossless mode.
SZ is downgraded to lossless mode.
cr:1.04501,iter:13,level:18,rank:0,datasize:26089,operation:Post-smoothing
SZ is downgraded to lossless mode.
cr:1.0435,iter:13,level:18,rank:0,datasize:6309,operation:Interpolation
SZ is downgraded to lossless mode.
SZ is downgraded to lossless mode.
cr:1.0451,iter:13,level:18,rank:0,datasize:23956,operation:Post-smoothing
SZ is downgraded to lossless mode.
SZ is downgraded to lossless mode.
cr:1.04427,iter:13,level:18,rank:0,datasize:7767,operation:Interpolation
SZ is downgraded to lossless mode.
SZ is downgraded to lossless mode.
cr:1.04467,iter:13,level:18,rank:0,datasize:18851,operation:Post-smoothing
SZ is downgraded to lossless mode.
SZ is downgraded to lossless mode.
cr:1.04344,iter:13,level:18,rank:0,datasize:7371,operation:Interpolation
SZ is downgraded to lossless mode.
cr:1.06265,iter:13,level:18,rank:0,datasize:15000,operation:Post-smoothing
cr:1.06277,iter:13,level:18,rank:0,datasize:15000,operation:Residual-Norm
cr:1.06277,iter:14,level:0,rank:0,datasize:15000,operation:Pre-Smoothing
cr:1.06275,iter:14,level:0,rank:0,datasize:15000,operation:Residual
cr:1142.48,iter:14,level:1,rank:0,datasize:18851,operation:Pre-Smoothing
cr:7.69193,iter:14,level:1,rank:0,datasize:18851,operation:Residual
cr:1451.88,iter:14,level:2,rank:0,datasize:23956,operation:Pre-Smoothing
cr:6.85191,iter:14,level:2,rank:0,datasize:23956,operation:Residual
cr:1581.15,iter:14,level:3,rank:0,datasize:26089,operation:Pre-Smoothing
cr:5.33054,iter:14,level:3,rank:0,datasize:26089,operation:Residual
cr:1379.15,iter:14,level:4,rank:0,datasize:22756,operation:Pre-Smoothing
cr:3.77991,iter:14,level:4,rank:0,datasize:22756,operation:Residual
cr:1127.58,iter:14,level:5,rank:0,datasize:18605,operation:Pre-Smoothing
cr:3.28282,iter:14,level:5,rank:0,datasize:18605,operation:Residual
cr:888.489,iter:14,level:6,rank:0,datasize:14549,operation:Pre-Smoothing
cr:2.48441,iter:14,level:6,rank:0,datasize:14549,operation:Residual
cr:683.237,iter:14,level:7,rank:0,datasize:11188,operation:Pre-Smoothing
cr:1.88038,iter:14,level:7,rank:0,datasize:11188,operation:Residual
cr:501.538,iter:14,level:8,rank:0,datasize:8150,operation:Pre-Smoothing
SZ is downgraded to lossless mode.
cr:1.03527,iter:14,level:8,rank:0,datasize:8150,operation:Residual
SZ is downgraded to lossless mode.
cr:363.843,iter:14,level:9,rank:0,datasize:5776,operation:Pre-Smoothing
SZ is downgraded to lossless mode.
SZ is downgraded to lossless mode.
cr:1.03429,iter:14,level:9,rank:0,datasize:5776,operation:Residual
cr:295.028,iter:14,level:10,rank:0,datasize:3946,operation:Pre-Smoothing
SZ is downgraded to lossless mode.
SZ is downgraded to lossless mode.
cr:1.03302,iter:14,level:10,rank:0,datasize:3946,operation:Residual
cr:188.187,iter:14,level:11,rank:0,datasize:2517,operation:Pre-Smoothing
SZ is downgraded to lossless mode.
cr:1.0315,iter:14,level:11,rank:0,datasize:2517,operation:Residual
SZ is downgraded to lossless mode.
cr:116.561,iter:14,level:12,rank:0,datasize:1559,operation:Pre-Smoothing
SZ is downgraded to lossless mode.
cr:1.02735,iter:14,level:12,rank:0,datasize:1559,operation:Residual
SZ is downgraded to lossless mode.
cr:68.9346,iter:14,level:13,rank:0,datasize:922,operation:Pre-Smoothing
SZ is downgraded to lossless mode.
cr:1.02005,iter:14,level:13,rank:0,datasize:922,operation:Residual
SZ is downgraded to lossless mode.
cr:41.7944,iter:14,level:14,rank:0,datasize:559,operation:Pre-Smoothing
SZ is downgraded to lossless mode.
SZ is downgraded to lossless mode.
cr:1.01108,iter:14,level:14,rank:0,datasize:559,operation:Residual
cr:24.3107,iter:14,level:15,rank:0,datasize:313,operation:Pre-Smoothing
cr:0.97698,iter:14,level:15,rank:0,datasize:313,operation:Residual
cr:12.2182,iter:14,level:16,rank:0,datasize:168,operation:Pre-Smoothing
cr:0.958631,iter:14,level:16,rank:0,datasize:168,operation:Residual
cr:4.8,iter:14,level:17,rank:0,datasize:66,operation:Pre-Smoothing
cr:0.901024,iter:14,level:17,rank:0,datasize:66,operation:Residual
cr:0.583942,iter:14,level:18,rank:0,datasize:10,operation:Interpolation
cr:0.901024,iter:14,level:18,rank:0,datasize:66,operation:Post-smoothing
cr:0.737327,iter:14,level:18,rank:0,datasize:20,operation:Interpolation
cr:0.958631,iter:14,level:18,rank:0,datasize:168,operation:Post-smoothing
cr:0.861244,iter:14,level:18,rank:0,datasize:45,operation:Interpolation
cr:0.994045,iter:14,level:18,rank:0,datasize:313,operation:Post-smoothing
cr:0.879668,iter:14,level:18,rank:0,datasize:53,operation:Interpolation
SZ is downgraded to lossless mode.
SZ is downgraded to lossless mode.
cr:1.01868,iter:14,level:18,rank:0,datasize:559,operation:Post-smoothing
cr:0.987542,iter:14,level:18,rank:0,datasize:109,operation:Interpolation
SZ is downgraded to lossless mode.
SZ is downgraded to lossless mode.
cr:1.02859,iter:14,level:18,rank:0,datasize:922,operation:Post-smoothing
cr:0.959554,iter:14,level:18,rank:0,datasize:172,operation:Interpolation
SZ is downgraded to lossless mode.
SZ is downgraded to lossless mode.
cr:1.03468,iter:14,level:18,rank:0,datasize:1559,operation:Post-smoothing
cr:0.993744,iter:14,level:18,rank:0,datasize:278,operation:Interpolation
SZ is downgraded to lossless mode.
SZ is downgraded to lossless mode.
cr:1.03976,iter:14,level:18,rank:0,datasize:2517,operation:Post-smoothing
SZ is downgraded to lossless mode.
cr:1.01277,iter:14,level:18,rank:0,datasize:446,operation:Interpolation
SZ is downgraded to lossless mode.
SZ is downgraded to lossless mode.
cr:1.04157,iter:14,level:18,rank:0,datasize:3946,operation:Post-smoothing
SZ is downgraded to lossless mode.
SZ is downgraded to lossless mode.
cr:1.02522,iter:14,level:18,rank:0,datasize:630,operation:Interpolation
SZ is downgraded to lossless mode.
SZ is downgraded to lossless mode.
SZ is downgraded to lossless mode.
cr:1.04338,iter:14,level:18,rank:0,datasize:5776,operation:Post-smoothing
SZ is downgraded to lossless mode.
SZ is downgraded to lossless mode.
cr:1.03352,iter:14,level:18,rank:0,datasize:1029,operation:Interpolation
SZ is downgraded to lossless mode.
cr:1.04365,iter:14,level:18,rank:0,datasize:8150,operation:Post-smoothing
SZ is downgraded to lossless mode.
SZ is downgraded to lossless mode.
SZ is downgraded to lossless mode.
cr:1.0382,iter:14,level:18,rank:0,datasize:1471,operation:Interpolation
SZ is downgraded to lossless mode.
SZ is downgraded to lossless mode.
cr:1.04448,iter:14,level:18,rank:0,datasize:11188,operation:Post-smoothing
SZ is downgraded to lossless mode.
cr:1.04011,iter:14,level:18,rank:0,datasize:1893,operation:Interpolation
SZ is downgraded to lossless mode.
SZ is downgraded to lossless mode.
SZ is downgraded to lossless mode.
cr:1.04446,iter:14,level:18,rank:0,datasize:14549,operation:Post-smoothing
SZ is downgraded to lossless mode.
cr:1.0407,iter:14,level:18,rank:0,datasize:2586,operation:Interpolation
SZ is downgraded to lossless mode.
SZ is downgraded to lossless mode.
cr:1.04457,iter:14,level:18,rank:0,datasize:18605,operation:Post-smoothing
SZ is downgraded to lossless mode.
SZ is downgraded to lossless mode.
SZ is downgraded to lossless mode.
cr:1.04242,iter:14,level:18,rank:0,datasize:3379,operation:Interpolation
SZ is downgraded to lossless mode.
cr:1.04483,iter:14,level:18,rank:0,datasize:22756,operation:Post-smoothing
SZ is downgraded to lossless mode.
SZ is downgraded to lossless mode.
SZ is downgraded to lossless mode.
cr:1.04336,iter:14,level:18,rank:0,datasize:4524,operation:Interpolation
SZ is downgraded to lossless mode.
SZ is downgraded to lossless mode.
cr:1.04456,iter:14,level:18,rank:0,datasize:26089,operation:Post-smoothing
SZ is downgraded to lossless mode.
cr:1.04333,iter:14,level:18,rank:0,datasize:6309,operation:Interpolation
SZ is downgraded to lossless mode.
SZ is downgraded to lossless mode.
SZ is downgraded to lossless mode.
cr:1.04483,iter:14,level:18,rank:0,datasize:23956,operation:Post-smoothing
SZ is downgraded to lossless mode.
SZ is downgraded to lossless mode.
cr:1.04397,iter:14,level:18,rank:0,datasize:7767,operation:Interpolation
SZ is downgraded to lossless mode.
SZ is downgraded to lossless mode.
cr:1.04443,iter:14,level:18,rank:0,datasize:18851,operation:Post-smoothing
SZ is downgraded to lossless mode.
cr:1.04374,iter:14,level:18,rank:0,datasize:7371,operation:Interpolation
SZ is downgraded to lossless mode.
cr:1.06301,iter:14,level:18,rank:0,datasize:15000,operation:Post-smoothing
cr:1.06291,iter:14,level:18,rank:0,datasize:15000,operation:Residual-Norm
cr:1.06291,iter:15,level:0,rank:0,datasize:15000,operation:Pre-Smoothing
cr:1.06288,iter:15,level:0,rank:0,datasize:15000,operation:Residual
cr:1142.48,iter:15,level:1,rank:0,datasize:18851,operation:Pre-Smoothing
cr:8.48332,iter:15,level:1,rank:0,datasize:18851,operation:Residual
cr:1451.88,iter:15,level:2,rank:0,datasize:23956,operation:Pre-Smoothing
cr:7.34537,iter:15,level:2,rank:0,datasize:23956,operation:Residual
cr:1581.15,iter:15,level:3,rank:0,datasize:26089,operation:Pre-Smoothing
cr:5.35461,iter:15,level:3,rank:0,datasize:26089,operation:Residual
cr:1379.15,iter:15,level:4,rank:0,datasize:22756,operation:Pre-Smoothing
cr:4.11603,iter:15,level:4,rank:0,datasize:22756,operation:Residual
cr:1127.58,iter:15,level:5,rank:0,datasize:18605,operation:Pre-Smoothing
cr:3.55702,iter:15,level:5,rank:0,datasize:18605,operation:Residual
cr:888.489,iter:15,level:6,rank:0,datasize:14549,operation:Pre-Smoothing
cr:2.47643,iter:15,level:6,rank:0,datasize:14549,operation:Residual
cr:683.237,iter:15,level:7,rank:0,datasize:11188,operation:Pre-Smoothing
cr:2.03752,iter:15,level:7,rank:0,datasize:11188,operation:Residual
cr:501.538,iter:15,level:8,rank:0,datasize:8150,operation:Pre-Smoothing
SZ is downgraded to lossless mode.
cr:1.03346,iter:15,level:8,rank:0,datasize:8150,operation:Residual
SZ is downgraded to lossless mode.
cr:363.843,iter:15,level:9,rank:0,datasize:5776,operation:Pre-Smoothing
SZ is downgraded to lossless mode.
cr:1.0335,iter:15,level:9,rank:0,datasize:5776,operation:Residual
SZ is downgraded to lossless mode.
cr:295.028,iter:15,level:10,rank:0,datasize:3946,operation:Pre-Smoothing
SZ is downgraded to lossless mode.
cr:1.03197,iter:15,level:10,rank:0,datasize:3946,operation:Residual
SZ is downgraded to lossless mode.
cr:188.187,iter:15,level:11,rank:0,datasize:2517,operation:Pre-Smoothing
SZ is downgraded to lossless mode.
cr:1.02929,iter:15,level:11,rank:0,datasize:2517,operation:Residual
SZ is downgraded to lossless mode.
cr:116.561,iter:15,level:12,rank:0,datasize:1559,operation:Pre-Smoothing
SZ is downgraded to lossless mode.
cr:1.02642,iter:15,level:12,rank:0,datasize:1559,operation:Residual
SZ is downgraded to lossless mode.
cr:68.9346,iter:15,level:13,rank:0,datasize:922,operation:Pre-Smoothing
SZ is downgraded to lossless mode.
SZ is downgraded to lossless mode.
cr:1.01991,iter:15,level:13,rank:0,datasize:922,operation:Residual
cr:41.7944,iter:15,level:14,rank:0,datasize:559,operation:Pre-Smoothing
SZ is downgraded to lossless mode.
SZ is downgraded to lossless mode.
cr:1.01199,iter:15,level:14,rank:0,datasize:559,operation:Residual
cr:24.3107,iter:15,level:15,rank:0,datasize:313,operation:Pre-Smoothing
cr:0.97698,iter:15,level:15,rank:0,datasize:313,operation:Residual
cr:12.2182,iter:15,level:16,rank:0,datasize:168,operation:Pre-Smoothing
cr:0.958631,iter:15,level:16,rank:0,datasize:168,operation:Residual
cr:4.8,iter:15,level:17,rank:0,datasize:66,operation:Pre-Smoothing
cr:0.901024,iter:15,level:17,rank:0,datasize:66,operation:Residual
cr:0.583942,iter:15,level:18,rank:0,datasize:10,operation:Interpolation
cr:0.911917,iter:15,level:18,rank:0,datasize:66,operation:Post-smoothing
cr:0.737327,iter:15,level:18,rank:0,datasize:20,operation:Interpolation
cr:0.958631,iter:15,level:18,rank:0,datasize:168,operation:Post-smoothing
cr:0.861244,iter:15,level:18,rank:0,datasize:45,operation:Interpolation
cr:0.993257,iter:15,level:18,rank:0,datasize:313,operation:Post-smoothing
cr:0.879668,iter:15,level:18,rank:0,datasize:53,operation:Interpolation
SZ is downgraded to lossless mode.
SZ is downgraded to lossless mode.
cr:1.01868,iter:15,level:18,rank:0,datasize:559,operation:Post-smoothing
cr:0.990909,iter:15,level:18,rank:0,datasize:109,operation:Interpolation
SZ is downgraded to lossless mode.
cr:1.0273,iter:15,level:18,rank:0,datasize:922,operation:Post-smoothing
SZ is downgraded to lossless mode.
cr:0.959554,iter:15,level:18,rank:0,datasize:172,operation:Interpolation
SZ is downgraded to lossless mode.
SZ is downgraded to lossless mode.
cr:1.03536,iter:15,level:18,rank:0,datasize:1559,operation:Post-smoothing
cr:0.992857,iter:15,level:18,rank:0,datasize:278,operation:Interpolation
SZ is downgraded to lossless mode.
SZ is downgraded to lossless mode.
cr:1.03901,iter:15,level:18,rank:0,datasize:2517,operation:Post-smoothing
SZ is downgraded to lossless mode.
cr:1.01537,iter:15,level:18,rank:0,datasize:446,operation:Interpolation
SZ is downgraded to lossless mode.
SZ is downgraded to lossless mode.
SZ is downgraded to lossless mode.
cr:1.04095,iter:15,level:18,rank:0,datasize:3946,operation:Post-smoothing
SZ is downgraded to lossless mode.
cr:1.02502,iter:15,level:18,rank:0,datasize:630,operation:Interpolation
SZ is downgraded to lossless mode.
SZ is downgraded to lossless mode.
SZ is downgraded to lossless mode.
cr:1.04295,iter:15,level:18,rank:0,datasize:5776,operation:Post-smoothing
SZ is downgraded to lossless mode.
cr:1.03326,iter:15,level:18,rank:0,datasize:1029,operation:Interpolation
SZ is downgraded to lossless mode.
SZ is downgraded to lossless mode.
cr:1.04353,iter:15,level:18,rank:0,datasize:8150,operation:Post-smoothing
SZ is downgraded to lossless mode.
SZ is downgraded to lossless mode.
cr:1.03811,iter:15,level:18,rank:0,datasize:1471,operation:Interpolation
SZ is downgraded to lossless mode.
SZ is downgraded to lossless mode.
cr:1.04414,iter:15,level:18,rank:0,datasize:11188,operation:Post-smoothing
SZ is downgraded to lossless mode.
SZ is downgraded to lossless mode.
cr:1.04011,iter:15,level:18,rank:0,datasize:1893,operation:Interpolation
SZ is downgraded to lossless mode.
SZ is downgraded to lossless mode.
cr:1.04476,iter:15,level:18,rank:0,datasize:14549,operation:Post-smoothing
SZ is downgraded to lossless mode.
SZ is downgraded to lossless mode.
cr:1.04185,iter:15,level:18,rank:0,datasize:2586,operation:Interpolation
SZ is downgraded to lossless mode.
SZ is downgraded to lossless mode.
cr:1.04442,iter:15,level:18,rank:0,datasize:18605,operation:Post-smoothing
SZ is downgraded to lossless mode.
SZ is downgraded to lossless mode.
cr:1.04226,iter:15,level:18,rank:0,datasize:3379,operation:Interpolation
SZ is downgraded to lossless mode.
SZ is downgraded to lossless mode.
cr:1.04439,iter:15,level:18,rank:0,datasize:22756,operation:Post-smoothing
SZ is downgraded to lossless mode.
SZ is downgraded to lossless mode.
SZ is downgraded to lossless mode.
cr:1.04384,iter:15,level:18,rank:0,datasize:4524,operation:Interpolation
SZ is downgraded to lossless mode.
SZ is downgraded to lossless mode.
cr:1.04451,iter:15,level:18,rank:0,datasize:26089,operation:Post-smoothing
SZ is downgraded to lossless mode.
cr:1.04395,iter:15,level:18,rank:0,datasize:6309,operation:Interpolation
SZ is downgraded to lossless mode.
SZ is downgraded to lossless mode.
cr:1.04444,iter:15,level:18,rank:0,datasize:23956,operation:Post-smoothing
SZ is downgraded to lossless mode.
SZ is downgraded to lossless mode.
cr:1.04378,iter:15,level:18,rank:0,datasize:7767,operation:Interpolation
SZ is downgraded to lossless mode.
SZ is downgraded to lossless mode.
SZ is downgraded to lossless mode.
cr:1.04422,iter:15,level:18,rank:0,datasize:18851,operation:Post-smoothing
SZ is downgraded to lossless mode.
cr:1.04339,iter:15,level:18,rank:0,datasize:7371,operation:Interpolation
SZ is downgraded to lossless mode.
cr:1.06306,iter:15,level:18,rank:0,datasize:15000,operation:Post-smoothing
cr:1.06275,iter:15,level:18,rank:0,datasize:15000,operation:Residual-Norm
cr:1.06275,iter:16,level:0,rank:0,datasize:15000,operation:Pre-Smoothing
cr:1.06276,iter:16,level:0,rank:0,datasize:15000,operation:Residual
cr:1142.48,iter:16,level:1,rank:0,datasize:18851,operation:Pre-Smoothing
cr:9.18273,iter:16,level:1,rank:0,datasize:18851,operation:Residual
cr:1451.88,iter:16,level:2,rank:0,datasize:23956,operation:Pre-Smoothing
cr:7.11785,iter:16,level:2,rank:0,datasize:23956,operation:Residual
cr:1581.15,iter:16,level:3,rank:0,datasize:26089,operation:Pre-Smoothing
cr:6.20557,iter:16,level:3,rank:0,datasize:26089,operation:Residual
cr:1379.15,iter:16,level:4,rank:0,datasize:22756,operation:Pre-Smoothing
cr:4.45737,iter:16,level:4,rank:0,datasize:22756,operation:Residual
cr:1127.58,iter:16,level:5,rank:0,datasize:18605,operation:Pre-Smoothing
cr:3.50558,iter:16,level:5,rank:0,datasize:18605,operation:Residual
cr:888.489,iter:16,level:6,rank:0,datasize:14549,operation:Pre-Smoothing
cr:2.61949,iter:16,level:6,rank:0,datasize:14549,operation:Residual
cr:683.237,iter:16,level:7,rank:0,datasize:11188,operation:Pre-Smoothing
cr:2.1866,iter:16,level:7,rank:0,datasize:11188,operation:Residual
cr:501.538,iter:16,level:8,rank:0,datasize:8150,operation:Pre-Smoothing
cr:1.83812,iter:16,level:8,rank:0,datasize:8150,operation:Residual
cr:363.843,iter:16,level:9,rank:0,datasize:5776,operation:Pre-Smoothing
SZ is downgraded to lossless mode.
cr:1.0323,iter:16,level:9,rank:0,datasize:5776,operation:Residual
cr:295.028,iter:16,level:10,rank:0,datasize:3946,operation:Pre-Smoothing
SZ is downgraded to lossless mode.
cr:1.0315,iter:16,level:10,rank:0,datasize:3946,operation:Residual
SZ is downgraded to lossless mode.
cr:188.187,iter:16,level:11,rank:0,datasize:2517,operation:Pre-Smoothing
SZ is downgraded to lossless mode.
cr:1.02913,iter:16,level:11,rank:0,datasize:2517,operation:Residual
SZ is downgraded to lossless mode.
cr:116.561,iter:16,level:12,rank:0,datasize:1559,operation:Pre-Smoothing
SZ is downgraded to lossless mode.
cr:1.02524,iter:16,level:12,rank:0,datasize:1559,operation:Residual
SZ is downgraded to lossless mode.
cr:68.9346,iter:16,level:13,rank:0,datasize:922,operation:Pre-Smoothing
SZ is downgraded to lossless mode.
cr:1.01921,iter:16,level:13,rank:0,datasize:922,operation:Residual
SZ is downgraded to lossless mode.
cr:41.7944,iter:16,level:14,rank:0,datasize:559,operation:Pre-Smoothing
SZ is downgraded to lossless mode.
SZ is downgraded to lossless mode.
cr:1.01131,iter:16,level:14,rank:0,datasize:559,operation:Residual
cr:24.3107,iter:16,level:15,rank:0,datasize:313,operation:Pre-Smoothing
cr:0.97698,iter:16,level:15,rank:0,datasize:313,operation:Residual
cr:12.2182,iter:16,level:16,rank:0,datasize:168,operation:Pre-Smoothing
cr:0.958631,iter:16,level:16,rank:0,datasize:168,operation:Residual
cr:4.8,iter:16,level:17,rank:0,datasize:66,operation:Pre-Smoothing
cr:0.918261,iter:16,level:17,rank:0,datasize:66,operation:Residual
cr:0.583942,iter:16,level:18,rank:0,datasize:10,operation:Interpolation
cr:0.901024,iter:16,level:18,rank:0,datasize:66,operation:Post-smoothing
cr:0.737327,iter:16,level:18,rank:0,datasize:20,operation:Interpolation
cr:0.958631,iter:16,level:18,rank:0,datasize:168,operation:Post-smoothing
cr:0.861244,iter:16,level:18,rank:0,datasize:45,operation:Interpolation
cr:0.994045,iter:16,level:18,rank:0,datasize:313,operation:Post-smoothing
cr:0.879668,iter:16,level:18,rank:0,datasize:53,operation:Interpolation
SZ is downgraded to lossless mode.
SZ is downgraded to lossless mode.
cr:1.01914,iter:16,level:18,rank:0,datasize:559,operation:Post-smoothing
cr:0.990909,iter:16,level:18,rank:0,datasize:109,operation:Interpolation
SZ is downgraded to lossless mode.
cr:1.02658,iter:16,level:18,rank:0,datasize:922,operation:Post-smoothing
SZ is downgraded to lossless mode.
cr:0.959554,iter:16,level:18,rank:0,datasize:172,operation:Interpolation
SZ is downgraded to lossless mode.
SZ is downgraded to lossless mode.
cr:1.03339,iter:16,level:18,rank:0,datasize:1559,operation:Post-smoothing
cr:0.992857,iter:16,level:18,rank:0,datasize:278,operation:Interpolation
SZ is downgraded to lossless mode.
SZ is downgraded to lossless mode.
cr:1.03842,iter:16,level:18,rank:0,datasize:2517,operation:Post-smoothing
SZ is downgraded to lossless mode.
cr:SZ is downgraded to lossless mode.
1.01191,iter:16,level:18,rank:0,datasize:446,operation:Interpolation
SZ is downgraded to lossless mode.
SZ is downgraded to lossless mode.
cr:1.04061,iter:16,level:18,rank:0,datasize:3946,operation:Post-smoothing
SZ is downgraded to lossless mode.
cr:1.02397,iter:16,level:18,rank:0,datasize:630,operation:Interpolation
SZ is downgraded to lossless mode.
SZ is downgraded to lossless mode.
cr:1.04286,iter:16,level:18,rank:0,datasize:5776,operation:Post-smoothing
SZ is downgraded to lossless mode.
SZ is downgraded to lossless mode.
cr:1.03248,iter:16,level:18,rank:0,datasize:1029,operation:Interpolation
SZ is downgraded to lossless mode.
SZ is downgraded to lossless mode.
cr:1.04315,iter:16,level:18,rank:0,datasize:8150,operation:Post-smoothing
SZ is downgraded to lossless mode.
SZ is downgraded to lossless mode.
cr:1.03701,iter:16,level:18,rank:0,datasize:1471,operation:Interpolation
SZ is downgraded to lossless mode.
SZ is downgraded to lossless mode.
cr:1.04357SZ is downgraded to lossless mode.
,iter:16,level:18,rank:0,datasize:11188,operation:Post-smoothing
SZ is downgraded to lossless mode.
cr:1.04068,iter:16,level:18,rank:0,datasize:1893,operation:Interpolation
SZ is downgraded to lossless mode.
SZ is downgraded to lossless mode.
SZ is downgraded to lossless mode.
cr:1.04431,iter:16,level:18,rank:0,datasize:14549,operation:Post-smoothing
SZ is downgraded to lossless mode.
SZ is downgraded to lossless mode.
cr:1.04075,iter:16,level:18,rank:0,datasize:2586,operation:Interpolation
SZ is downgraded to lossless mode.
SZ is downgraded to lossless mode.
cr:1.04429,iter:16,level:18,rank:0,datasize:18605,operation:Post-smoothing
SZ is downgraded to lossless mode.
SZ is downgraded to lossless mode.
cr:1.04214,iter:16,level:18,rank:0,datasize:3379,operation:Interpolation
SZ is downgraded to lossless mode.
SZ is downgraded to lossless mode.
cr:1.04461,iter:16,level:18,rank:0,datasize:22756,operation:Post-smoothing
SZ is downgraded to lossless mode.
SZ is downgraded to lossless mode.
cr:1.04342,iter:16,level:18,rank:0,datasize:4524,operation:Interpolation
SZ is downgraded to lossless mode.
SZ is downgraded to lossless mode.
cr:1.0441,iter:16,level:18,rank:0,datasize:26089,operation:Post-smoothing
SZ is downgraded to lossless mode.
cr:1.04404,iter:16,level:18,rank:0,datasize:6309,operation:Interpolation
SZ is downgraded to lossless mode.
cr:1.78956,iter:16,level:18,rank:0,datasize:23956,operation:Post-smoothing
SZ is downgraded to lossless mode.
cr:1.04355,iter:16,level:18,rank:0,datasize:7767,operation:Interpolation
SZ is downgraded to lossless mode.
cr:1.81955,iter:16,level:18,rank:0,datasize:18851,operation:Post-smoothing
SZ is downgraded to lossless mode.
cr:1.0434,iter:16,level:18,rank:0,datasize:7371,operation:Interpolation
SZ is downgraded to lossless mode.
cr:1.06263,iter:16,level:18,rank:0,datasize:15000,operation:Post-smoothing
cr:1.06325,iter:16,level:18,rank:0,datasize:15000,operation:Residual-Norm
cr:1.06325,iter:17,level:0,rank:0,datasize:15000,operation:Pre-Smoothing
cr:1.06298,iter:17,level:0,rank:0,datasize:15000,operation:Residual
cr:1142.48,iter:17,level:1,rank:0,datasize:18851,operation:Pre-Smoothing
cr:9.86899,iter:17,level:1,rank:0,datasize:18851,operation:Residual
cr:1451.88,iter:17,level:2,rank:0,datasize:23956,operation:Pre-Smoothing
cr:7.75463,iter:17,level:2,rank:0,datasize:23956,operation:Residual
cr:1581.15,iter:17,level:3,rank:0,datasize:26089,operation:Pre-Smoothing
cr:6.57609,iter:17,level:3,rank:0,datasize:26089,operation:Residual
cr:1379.15,iter:17,level:4,rank:0,datasize:22756,operation:Pre-Smoothing
cr:4.92341,iter:17,level:4,rank:0,datasize:22756,operation:Residual
cr:1127.58,iter:17,level:5,rank:0,datasize:18605,operation:Pre-Smoothing
cr:3.78468,iter:17,level:5,rank:0,datasize:18605,operation:Residual
cr:888.489,iter:17,level:6,rank:0,datasize:14549,operation:Pre-Smoothing
cr:2.85702,iter:17,level:6,rank:0,datasize:14549,operation:Residual
cr:683.237,iter:17,level:7,rank:0,datasize:11188,operation:Pre-Smoothing
cr:2.31972,iter:17,level:7,rank:0,datasize:11188,operation:Residual
cr:501.538,iter:17,level:8,rank:0,datasize:8150,operation:Pre-Smoothing
cr:2.00233,iter:17,level:8,rank:0,datasize:8150,operation:Residual
cr:363.843,iter:17,level:9,rank:0,datasize:5776,operation:Pre-Smoothing
SZ is downgraded to lossless mode.
cr:1.03136,iter:17,level:9,rank:0,datasize:5776,operation:Residual
SZ is downgraded to lossless mode.
cr:295.028,iter:17,level:10,rank:0,datasize:3946,operation:Pre-Smoothing
SZ is downgraded to lossless mode.
SZ is downgraded to lossless mode.
cr:1.03056,iter:17,level:10,rank:0,datasize:3946,operation:Residual
cr:188.187,iter:17,level:11,rank:0,datasize:2517,operation:Pre-Smoothing
SZ is downgraded to lossless mode.
cr:1.0285,iter:17,level:11,rank:0,datasize:2517,operation:Residual
SZ is downgraded to lossless mode.
cr:116.561,iter:17,level:12,rank:0,datasize:1559,operation:Pre-Smoothing
SZ is downgraded to lossless mode.
cr:1.02786,iter:17,level:12,rank:0,datasize:1559,operation:Residual
SZ is downgraded to lossless mode.
cr:68.9346,iter:17,level:13,rank:0,datasize:922,operation:Pre-Smoothing
SZ is downgraded to lossless mode.
cr:1.02033,iter:17,level:13,rank:0,datasize:922,operation:Residual
SZ is downgraded to lossless mode.
cr:41.7944,iter:17,level:14,rank:0,datasize:559,operation:Pre-Smoothing
SZ is downgraded to lossless mode.
SZ is downgraded to lossless mode.
cr:1.01222,iter:17,level:14,rank:0,datasize:559,operation:Residual
cr:24.3107,iter:17,level:15,rank:0,datasize:313,operation:Pre-Smoothing
cr:1.0012,iter:17,level:15,rank:0,datasize:313,operation:Residual
cr:12.2182,iter:17,level:16,rank:0,datasize:168,operation:Pre-Smoothing
cr:0.958631,iter:17,level:16,rank:0,datasize:168,operation:Residual
cr:4.8,iter:17,level:17,rank:0,datasize:66,operation:Pre-Smoothing
cr:0.910345,iter:17,level:17,rank:0,datasize:66,operation:Residual
cr:0.583942,iter:17,level:18,rank:0,datasize:10,operation:Interpolation
cr:0.929577,iter:17,level:18,rank:0,datasize:66,operation:Post-smoothing
cr:0.737327,iter:17,level:18,rank:0,datasize:20,operation:Interpolation
cr:0.958631,iter:17,level:18,rank:0,datasize:168,operation:Post-smoothing
cr:0.861244,iter:17,level:18,rank:0,datasize:45,operation:Interpolation
cr:0.993257,iter:17,level:18,rank:0,datasize:313,operation:Post-smoothing
cr:0.879668,iter:17,level:18,rank:0,datasize:53,operation:Interpolation
SZ is downgraded to lossless mode.
SZ is downgraded to lossless mode.
cr:1.01706,iter:17,level:18,rank:0,datasize:559,operation:Post-smoothing
cr:1.00693,iter:17,level:18,rank:0,datasize:109,operation:Interpolation
SZ is downgraded to lossless mode.
SZ is downgraded to lossless mode.
cr:1.02715,iter:17,level:18,rank:0,datasize:922,operation:Post-smoothing
cr:0.959554,iter:17,level:18,rank:0,datasize:172,operation:Interpolation
SZ is downgraded to lossless mode.
SZ is downgraded to lossless mode.
cr:1.03339,iter:17,level:18,rank:0,datasize:1559,operation:Post-smoothing
cr:0.974157,iter:17,level:18,rank:0,datasize:278,operation:Interpolation
SZ is downgraded to lossless mode.
SZ is downgraded to lossless mode.
cr:1.03842,iter:17,level:18,rank:0,datasize:2517,operation:Post-smoothing
SZ is downgraded to lossless mode.
SZ is downgraded to lossless mode.
cr:1.01162,iter:17,level:18,rank:0,datasize:446,operation:Interpolation
SZ is downgraded to lossless mode.
SZ is downgraded to lossless mode.
cr:1.03993,iter:17,level:18,rank:0,datasize:3946,operation:Post-smoothing
SZ is downgraded to lossless mode.
cr:1.02377,iter:17,level:18,rank:0,datasize:630,operation:Interpolation
SZ is downgraded to lossless mode.
SZ is downgraded to lossless mode.
cr:1.04175,iter:17,level:18,rank:0,datasize:5776,operation:Post-smoothing
SZ is downgraded to lossless mode.
SZ is downgraded to lossless mode.
cr:1.03184,iter:17,level:18,rank:0,datasize:1029,operation:Interpolation
SZ is downgraded to lossless mode.
SZ is downgraded to lossless mode.
cr:1.04318,iter:17,level:18,rank:0,datasize:8150,operation:Post-smoothing
SZ is downgraded to lossless mode.
SZ is downgraded to lossless mode.
cr:1.03655,iter:17,level:18,rank:0,datasize:1471,operation:Interpolation
SZ is downgraded to lossless mode.
SZ is downgraded to lossless mode.
cr:1.04334,iter:17,level:18,rank:0,datasize:11188,operation:Post-smoothing
SZ is downgraded to lossless mode.
SZ is downgraded to lossless mode.
SZ is downgraded to lossless mode.
cr:1.03861,iter:17,level:18,rank:0,datasize:1893,operation:Interpolation
SZ is downgraded to lossless mode.
SZ is downgraded to lossless mode.
cr:1.04368,iter:17,level:18,rank:0,datasize:14549,operation:Post-smoothing
SZ is downgraded to lossless mode.
SZ is downgraded to lossless mode.
cr:1.04043,iter:17,level:18,rank:0,datasize:2586,operation:Interpolation
SZ is downgraded to lossless mode.
SZ is downgraded to lossless mode.
cr:1.04388,iter:17,level:18,rank:0,datasize:18605,operation:Post-smoothing
SZ is downgraded to lossless mode.
SZ is downgraded to lossless mode.
cr:1.04158,iter:17,level:18,rank:0,datasize:3379,operation:Interpolation
SZ is downgraded to lossless mode.
cr:1.04415,iter:17,level:18,rank:0,datasize:22756,operation:Post-smoothing
SZ is downgraded to lossless mode.
SZ is downgraded to lossless mode.
SZ is downgraded to lossless mode.
cr:1.04225,iter:17,level:18,rank:0,datasize:4524,operation:Interpolation
SZ is downgraded to lossless mode.
cr:1.04389,iter:17,level:18,rank:0,datasize:26089,operation:Post-smoothing
SZ is downgraded to lossless mode.
SZ is downgraded to lossless mode.
cr:1.04292,iter:17,level:18,rank:0,datasize:6309,operation:Interpolation
SZ is downgraded to lossless mode.
cr:1.91769,iter:17,level:18,rank:0,datasize:23956,operation:Post-smoothing
SZ is downgraded to lossless mode.
cr:1.04337,iter:17,level:18,rank:0,datasize:7767,operation:Interpolation
SZ is downgraded to lossless mode.
cr:1.91165,iter:17,level:18,rank:0,datasize:18851,operation:Post-smoothing
SZ is downgraded to lossless mode.
cr:1.04257,iter:17,level:18,rank:0,datasize:7371,operation:Interpolation
SZ is downgraded to lossless mode.
cr:1.0627,iter:17,level:18,rank:0,datasize:15000,operation:Post-smoothing
cr:1.06281,iter:17,level:18,rank:0,datasize:15000,operation:Residual-Norm
cr:1.06281,iter:18,level:0,rank:0,datasize:15000,operation:Pre-Smoothing
cr:1.06312,iter:18,level:0,rank:0,datasize:15000,operation:Residual
cr:1142.48,iter:18,level:1,rank:0,datasize:18851,operation:Pre-Smoothing
cr:10.94,iter:18,level:1,rank:0,datasize:18851,operation:Residual
cr:1451.88,iter:18,level:2,rank:0,datasize:23956,operation:Pre-Smoothing
cr:9.23872,iter:18,level:2,rank:0,datasize:23956,operation:Residual
cr:1581.15,iter:18,level:3,rank:0,datasize:26089,operation:Pre-Smoothing
cr:7.11454,iter:18,level:3,rank:0,datasize:26089,operation:Residual
cr:1379.15,iter:18,level:4,rank:0,datasize:22756,operation:Pre-Smoothing
cr:5.74375,iter:18,level:4,rank:0,datasize:22756,operation:Residual
cr:1127.58,iter:18,level:5,rank:0,datasize:18605,operation:Pre-Smoothing
cr:4.12117,iter:18,level:5,rank:0,datasize:18605,operation:Residual
cr:888.489,iter:18,level:6,rank:0,datasize:14549,operation:Pre-Smoothing
cr:3.49694,iter:18,level:6,rank:0,datasize:14549,operation:Residual
cr:683.237,iter:18,level:7,rank:0,datasize:11188,operation:Pre-Smoothing
cr:2.54968,iter:18,level:7,rank:0,datasize:11188,operation:Residual
cr:501.538,iter:18,level:8,rank:0,datasize:8150,operation:Pre-Smoothing
cr:2.13009,iter:18,level:8,rank:0,datasize:8150,operation:Residual
cr:363.843,iter:18,level:9,rank:0,datasize:5776,operation:Pre-Smoothing
cr:1.821,iter:18,level:9,rank:0,datasize:5776,operation:Residual
cr:295.028,iter:18,level:10,rank:0,datasize:3946,operation:Pre-Smoothing
SZ is downgraded to lossless mode.
cr:1.03019,iter:18,level:10,rank:0,datasize:3946,operation:Residual
SZ is downgraded to lossless mode.
cr:188.187,iter:18,level:11,rank:0,datasize:2517,operation:Pre-Smoothing
SZ is downgraded to lossless mode.
cr:1.02961,iter:18,level:11,rank:0,datasize:2517,operation:Residual
SZ is downgraded to lossless mode.
cr:116.561,iter:18,level:12,rank:0,datasize:1559,operation:Pre-Smoothing
SZ is downgraded to lossless mode.
cr:1.02616,iter:18,level:12,rank:0,datasize:1559,operation:Residual
SZ is downgraded to lossless mode.
cr:68.9346,iter:18,level:13,rank:0,datasize:922,operation:Pre-Smoothing
SZ is downgraded to lossless mode.
SZ is downgraded to lossless mode.
cr:1.02217,iter:18,level:13,rank:0,datasize:922,operation:Residual
cr:41.7944,iter:18,level:14,rank:0,datasize:559,operation:Pre-Smoothing
SZ is downgraded to lossless mode.
cr:1.01268,iter:18,level:14,rank:0,datasize:559,operation:Residual
cr:24.3107,iter:18,level:15,rank:0,datasize:313,operation:Pre-Smoothing
cr:0.97698,iter:18,level:15,rank:0,datasize:313,operation:Residual
cr:12.2182,iter:18,level:16,rank:0,datasize:168,operation:Pre-Smoothing
cr:0.958631,iter:18,level:16,rank:0,datasize:168,operation:Residual
cr:4.8,iter:18,level:17,rank:0,datasize:66,operation:Pre-Smoothing
cr:0.932862,iter:18,level:17,rank:0,datasize:66,operation:Residual
cr:0.583942,iter:18,level:18,rank:0,datasize:10,operation:Interpolation
cr:0.90566,iter:18,level:18,rank:0,datasize:66,operation:Post-smoothing
cr:0.737327,iter:18,level:18,rank:0,datasize:20,operation:Interpolation
cr:0.958631,iter:18,level:18,rank:0,datasize:168,operation:Post-smoothing
cr:0.861244,iter:18,level:18,rank:0,datasize:45,operation:Interpolation
cr:0.97698,iter:18,level:18,rank:0,datasize:313,operation:Post-smoothing
cr:0.879668,iter:18,level:18,rank:0,datasize:53,operation:Interpolation
SZ is downgraded to lossless mode.
SZ is downgraded to lossless mode.
cr:1.01613,iter:18,level:18,rank:0,datasize:559,operation:Post-smoothing
cr:0.995434,iter:18,level:18,rank:0,datasize:109,operation:Interpolation
SZ is downgraded to lossless mode.
cr:1.0263,iter:18,level:18,rank:0,datasize:922,operation:Post-smoothing
SZ is downgraded to lossless mode.
cr:0.959554,iter:18,level:18,rank:0,datasize:172,operation:Interpolation
SZ is downgraded to lossless mode.
SZ is downgraded to lossless mode.
cr:1.03194,iter:18,level:18,rank:0,datasize:1559,operation:Post-smoothing
cr:0.990646,iter:18,level:18,rank:0,datasize:278,operation:Interpolation
SZ is downgraded to lossless mode.
SZ is downgraded to lossless mode.
cr:1.03596,iter:18,level:18,rank:0,datasize:2517,operation:Post-smoothing
SZ is downgraded to lossless mode.
SZ is downgraded to lossless mode.
cr:1.01076,iter:18,level:18,rank:0,datasize:446,operation:Interpolation
SZ is downgraded to lossless mode.
SZ is downgraded to lossless mode.
cr:1.03904,iter:18,level:18,rank:0,datasize:3946,operation:Post-smoothing
SZ is downgraded to lossless mode.
cr:1.02356,iter:18,level:18,rank:0,datasize:630,operation:Interpolation
SZ is downgraded to lossless mode.
SZ is downgraded to lossless mode.
SZ is downgraded to lossless mode.
cr:1.04182,iter:18,level:18,rank:0,datasize:5776,operation:Post-smoothing
SZ is downgraded to lossless mode.
cr:1.03145,iter:18,level:18,rank:0,datasize:1029,operation:Interpolation
SZ is downgraded to lossless mode.
SZ is downgraded to lossless mode.
cr:1.04257,iter:18,level:18,rank:0,datasize:8150,operation:Post-smoothing
SZ is downgraded to lossless mode.
SZ is downgraded to lossless mode.
SZ is downgraded to lossless mode.
cr:1.03637,iter:18,level:18,rank:0,datasize:1471,operation:Interpolation
SZ is downgraded to lossless mode.
SZ is downgraded to lossless mode.
cr:1.04259,iter:18,level:18,rank:0,datasize:11188,operation:Post-smoothing
SZ is downgraded to lossless mode.
cr:1.03719,iter:18,level:18,rank:0,datasize:1893,operation:Interpolation
SZ is downgraded to lossless mode.
SZ is downgraded to lossless mode.
cr:1.0429SZ is downgraded to lossless mode.
,iter:18,level:18,rank:0,datasize:14549,operation:Post-smoothing
SZ is downgraded to lossless mode.
cr:1.03965,iter:18,level:18,rank:0,datasize:2586,operation:Interpolation
SZ is downgraded to lossless mode.
SZ is downgraded to lossless mode.
SZ is downgraded to lossless mode.
cr:1.04339,iter:18,level:18,rank:0,datasize:18605,operation:Post-smoothing
SZ is downgraded to lossless mode.
SZ is downgraded to lossless mode.
cr:1.04097,iter:18,level:18,rank:0,datasize:3379,operation:Interpolation
SZ is downgraded to lossless mode.
cr:1.04351,iter:18,level:18,rank:0,datasize:22756,operation:Post-smoothing
SZ is downgraded to lossless mode.
SZ is downgraded to lossless mode.
SZ is downgraded to lossless mode.
cr:1.04231,iter:18,level:18,rank:0,datasize:4524,operation:Interpolation
cr:1.85575,iter:18,level:18,rank:0,datasize:26089,operation:Post-smoothing
SZ is downgraded to lossless mode.
cr:1.04277,iter:18,level:18,rank:0,datasize:6309,operation:Interpolation
SZ is downgraded to lossless mode.
cr:2.01856,iter:18,level:18,rank:0,datasize:23956,operation:Post-smoothing
SZ is downgraded to lossless mode.
cr:1.04313,iter:18,level:18,rank:0,datasize:7767,operation:Interpolation
SZ is downgraded to lossless mode.
cr:2.00559,iter:18,level:18,rank:0,datasize:18851,operation:Post-smoothing
SZ is downgraded to lossless mode.
cr:1.04289,iter:18,level:18,rank:0,datasize:7371,operation:Interpolation
SZ is downgraded to lossless mode.
cr:1.06293,iter:18,level:18,rank:0,datasize:15000,operation:Post-smoothing
cr:1.06277,iter:18,level:18,rank:0,datasize:15000,operation:Residual-Norm
cr:1.06277,iter:19,level:0,rank:0,datasize:15000,operation:Pre-Smoothing
cr:1.06296,iter:19,level:0,rank:0,datasize:15000,operation:Residual
cr:1142.48,iter:19,level:1,rank:0,datasize:18851,operation:Pre-Smoothing
cr:11.7078,iter:19,level:1,rank:0,datasize:18851,operation:Residual
cr:1451.88,iter:19,level:2,rank:0,datasize:23956,operation:Pre-Smoothing
cr:9.90327,iter:19,level:2,rank:0,datasize:23956,operation:Residual
cr:1581.15,iter:19,level:3,rank:0,datasize:26089,operation:Pre-Smoothing
cr:7.49738,iter:19,level:3,rank:0,datasize:26089,operation:Residual
cr:1379.15,iter:19,level:4,rank:0,datasize:22756,operation:Pre-Smoothing
cr:6.13121,iter:19,level:4,rank:0,datasize:22756,operation:Residual
cr:1127.58,iter:19,level:5,rank:0,datasize:18605,operation:Pre-Smoothing
cr:4.83121,iter:19,level:5,rank:0,datasize:18605,operation:Residual
cr:888.489,iter:19,level:6,rank:0,datasize:14549,operation:Pre-Smoothing
cr:3.3687,iter:19,level:6,rank:0,datasize:14549,operation:Residual
cr:683.237,iter:19,level:7,rank:0,datasize:11188,operation:Pre-Smoothing
cr:2.74923,iter:19,level:7,rank:0,datasize:11188,operation:Residual
cr:501.538,iter:19,level:8,rank:0,datasize:8150,operation:Pre-Smoothing
cr:2.27281,iter:19,level:8,rank:0,datasize:8150,operation:Residual
cr:363.843,iter:19,level:9,rank:0,datasize:5776,operation:Pre-Smoothing
cr:1.91934,iter:19,level:9,rank:0,datasize:5776,operation:Residual
cr:295.028,iter:19,level:10,rank:0,datasize:3946,operation:Pre-Smoothing
SZ is downgraded to lossless mode.
cr:1.03086,iter:19,level:10,rank:0,datasize:3946,operation:Residual
SZ is downgraded to lossless mode.
cr:188.187,iter:19,level:11,rank:0,datasize:2517,operation:Pre-Smoothing
SZ is downgraded to lossless mode.
cr:1.02866,iter:19,level:11,rank:0,datasize:2517,operation:Residual
SZ is downgraded to lossless mode.
cr:116.561,iter:19,level:12,rank:0,datasize:1559,operation:Pre-Smoothing
SZ is downgraded to lossless mode.
cr:1.02566,iter:19,level:12,rank:0,datasize:1559,operation:Residual
SZ is downgraded to lossless mode.
cr:68.9346,iter:19,level:13,rank:0,datasize:922,operation:Pre-Smoothing
SZ is downgraded to lossless mode.
SZ is downgraded to lossless mode.
cr:1.02147,iter:19,level:13,rank:0,datasize:922,operation:Residual
cr:41.7944,iter:19,level:14,rank:0,datasize:559,operation:Pre-Smoothing
SZ is downgraded to lossless mode.
SZ is downgraded to lossless mode.
cr:1.01131,iter:19,level:14,rank:0,datasize:559,operation:Residual
cr:24.3107,iter:19,level:15,rank:0,datasize:313,operation:Pre-Smoothing
cr:1.02246,iter:19,level:15,rank:0,datasize:313,operation:Residual
cr:12.2182,iter:19,level:16,rank:0,datasize:168,operation:Pre-Smoothing
cr:0.965517,iter:19,level:16,rank:0,datasize:168,operation:Residual
cr:4.8,iter:19,level:17,rank:0,datasize:66,operation:Pre-Smoothing
cr:0.941176,iter:19,level:17,rank:0,datasize:66,operation:Residual
cr:0.583942,iter:19,level:18,rank:0,datasize:10,operation:Interpolation
cr:0.910345,iter:19,level:18,rank:0,datasize:66,operation:Post-smoothing
cr:0.737327,iter:19,level:18,rank:0,datasize:20,operation:Interpolation
cr:0.958631,iter:19,level:18,rank:0,datasize:168,operation:Post-smoothing
cr:0.861244,iter:19,level:18,rank:0,datasize:45,operation:Interpolation
cr:0.97698,iter:19,level:18,rank:0,datasize:313,operation:Post-smoothing
cr:0.879668,iter:19,level:18,rank:0,datasize:53,operation:Interpolation
SZ is downgraded to lossless mode.
SZ is downgraded to lossless mode.
cr:1.01821,iter:19,level:18,rank:0,datasize:559,operation:Post-smoothing
cr:0.996571,iter:19,level:18,rank:0,datasize:109,operation:Interpolation
SZ is downgraded to lossless mode.
SZ is downgraded to lossless mode.
cr:1.02573,iter:19,level:18,rank:0,datasize:922,operation:Post-smoothing
cr:0.959554,iter:19,level:18,rank:0,datasize:172,operation:Interpolation
SZ is downgraded to lossless mode.
SZ is downgraded to lossless mode.
cr:1.03219,iter:19,level:18,rank:0,datasize:1559,operation:Post-smoothing
cr:0.990646,iter:19,level:18,rank:0,datasize:278,operation:Interpolation
SZ is downgraded to lossless mode.
SZ is downgraded to lossless mode.
cr:1.03618,iter:19,level:18,rank:0,datasize:2517,operation:Post-smoothing
SZ is downgraded to lossless mode.
SZ is downgraded to lossless mode.
cr:1.01134,iter:19,level:18,rank:0,datasize:446,operation:Interpolation
SZ is downgraded to lossless mode.
SZ is downgraded to lossless mode.
cr:1.03784,iter:19,level:18,rank:0,datasize:3946,operation:Post-smoothing
SZ is downgraded to lossless mode.
SZ is downgraded to lossless mode.
cr:1.02293,iter:19,level:18,rank:0,datasize:630,operation:Interpolation
SZ is downgraded to lossless mode.
cr:1.04044,iter:19,level:18,rank:0,datasize:5776,operation:Post-smoothing
SZ is downgraded to lossless mode.
SZ is downgraded to lossless mode.
cr:1.0321,iter:19,level:18,rank:0,datasize:1029,operation:Interpolation
SZ is downgraded to lossless mode.
SZ is downgraded to lossless mode.
cr:1.04253,iter:19,level:18,rank:0,datasize:8150,operation:Post-smoothing
SZ is downgraded to lossless mode.
SZ is downgraded to lossless mode.
SZ is downgraded to lossless mode.
cr:1.03665,iter:19,level:18,rank:0,datasize:1471,operation:Interpolation
SZ is downgraded to lossless mode.
SZ is downgraded to lossless mode.
cr:1.04238,iter:19,level:18,rank:0,datasize:11188,operation:Post-smoothing
SZ is downgraded to lossless mode.
cr:1.03868,iter:19,level:18,rank:0,datasize:1893,operation:Interpolation
SZ is downgraded to lossless mode.
SZ is downgraded to lossless mode.
cr:1.0426,iter:19,level:18,rank:0,datasize:14549,operation:Post-smoothing
SZ is downgraded to lossless mode.
SZ is downgraded to lossless mode.
SZ is downgraded to lossless mode.
cr:1.03892,iter:19,level:18,rank:0,datasize:2586,operation:Interpolation
SZ is downgraded to lossless mode.
SZ is downgraded to lossless mode.
cr:1.04241,iter:19,level:18,rank:0,datasize:18605,operation:Post-smoothing
SZ is downgraded to lossless mode.
SZ is downgraded to lossless mode.
cr:1.04021,iter:19,level:18,rank:0,datasize:3379,operation:Interpolation
SZ is downgraded to lossless mode.
cr:1.04247,iter:19,level:18,rank:0,datasize:22756,operation:Post-smoothing
SZ is downgraded to lossless mode.
SZ is downgraded to lossless mode.
SZ is downgraded to lossless mode.
cr:1.04228,iter:19,level:18,rank:0,datasize:4524,operation:Interpolation
cr:1.92062,iter:19,level:18,rank:0,datasize:26089,operation:Post-smoothing
SZ is downgraded to lossless mode.
cr:1.04242,iter:19,level:18,rank:0,datasize:6309,operation:Interpolation
SZ is downgraded to lossless mode.
cr:2.09717,iter:19,level:18,rank:0,datasize:23956,operation:Post-smoothing
SZ is downgraded to lossless mode.
cr:1.04218,iter:19,level:18,rank:0,datasize:7767,operation:Interpolation
SZ is downgraded to lossless mode.
cr:2.12065,iter:19,level:18,rank:0,datasize:18851,operation:Post-smoothing
cr:1.85184,iter:19,level:18,rank:0,datasize:7371,operation:Interpolation
SZ is downgraded to lossless mode.
cr:1.06322,iter:19,level:18,rank:0,datasize:15000,operation:Post-smoothing
cr:1.06323,iter:19,level:18,rank:0,datasize:15000,operation:Residual-Norm
cr:1.06323,iter:20,level:0,rank:0,datasize:15000,operation:Pre-Smoothing
cr:1.06325,iter:20,level:0,rank:0,datasize:15000,operation:Residual
cr:1142.48,iter:20,level:1,rank:0,datasize:18851,operation:Pre-Smoothing
cr:12.5256,iter:20,level:1,rank:0,datasize:18851,operation:Residual
cr:1451.88,iter:20,level:2,rank:0,datasize:23956,operation:Pre-Smoothing
cr:10.5719,iter:20,level:2,rank:0,datasize:23956,operation:Residual
cr:1581.15,iter:20,level:3,rank:0,datasize:26089,operation:Pre-Smoothing
cr:7.96003,iter:20,level:3,rank:0,datasize:26089,operation:Residual
cr:1379.15,iter:20,level:4,rank:0,datasize:22756,operation:Pre-Smoothing
cr:5.87953,iter:20,level:4,rank:0,datasize:22756,operation:Residual
cr:1127.58,iter:20,level:5,rank:0,datasize:18605,operation:Pre-Smoothing
cr:4.70923,iter:20,level:5,rank:0,datasize:18605,operation:Residual
cr:888.489,iter:20,level:6,rank:0,datasize:14549,operation:Pre-Smoothing
cr:3.64968,iter:20,level:6,rank:0,datasize:14549,operation:Residual
cr:683.237,iter:20,level:7,rank:0,datasize:11188,operation:Pre-Smoothing
cr:2.95559,iter:20,level:7,rank:0,datasize:11188,operation:Residual
cr:501.538,iter:20,level:8,rank:0,datasize:8150,operation:Pre-Smoothing
cr:2.3867,iter:20,level:8,rank:0,datasize:8150,operation:Residual
cr:363.843,iter:20,level:9,rank:0,datasize:5776,operation:Pre-Smoothing
cr:1.97817,iter:20,level:9,rank:0,datasize:5776,operation:Residual
cr:295.028,iter:20,level:10,rank:0,datasize:3946,operation:Pre-Smoothing
cr:1.93195,iter:20,level:10,rank:0,datasize:3946,operation:Residual
cr:188.187,iter:20,level:11,rank:0,datasize:2517,operation:Pre-Smoothing
SZ is downgraded to lossless mode.
cr:1.02834,iter:20,level:11,rank:0,datasize:2517,operation:Residual
SZ is downgraded to lossless mode.
cr:116.561,iter:20,level:12,rank:0,datasize:1559,operation:Pre-Smoothing
SZ is downgraded to lossless mode.
cr:1.02625,iter:20,level:12,rank:0,datasize:1559,operation:Residual
SZ is downgraded to lossless mode.
cr:68.9346,iter:20,level:13,rank:0,datasize:922,operation:Pre-Smoothing
SZ is downgraded to lossless mode.
SZ is downgraded to lossless mode.
cr:1.02118,iter:20,level:13,rank:0,datasize:922,operation:Residual
cr:41.7944,iter:20,level:14,rank:0,datasize:559,operation:Pre-Smoothing
SZ is downgraded to lossless mode.
cr:1.12673,iter:20,level:14,rank:0,datasize:559,operation:Residual
cr:24.3107,iter:20,level:15,rank:0,datasize:313,operation:Pre-Smoothing
cr:1.02749,iter:20,level:15,rank:0,datasize:313,operation:Residual
cr:12.2182,iter:20,level:16,rank:0,datasize:168,operation:Pre-Smoothing
cr:0.960686,iter:20,level:16,rank:0,datasize:168,operation:Residual
cr:4.8,iter:20,level:17,rank:0,datasize:66,operation:Pre-Smoothing
cr:0.941176,iter:20,level:17,rank:0,datasize:66,operation:Residual
cr:0.583942,iter:20,level:18,rank:0,datasize:10,operation:Interpolation
cr:0.934513,iter:20,level:18,rank:0,datasize:66,operation:Post-smoothing
cr:0.737327,iter:20,level:18,rank:0,datasize:20,operation:Interpolation
cr:0.958631,iter:20,level:18,rank:0,datasize:168,operation:Post-smoothing
cr:0.861244,iter:20,level:18,rank:0,datasize:45,operation:Interpolation
cr:0.97698,iter:20,level:18,rank:0,datasize:313,operation:Post-smoothing
cr:0.879668,iter:20,level:18,rank:0,datasize:53,operation:Interpolation
SZ is downgraded to lossless mode.
SZ is downgraded to lossless mode.
cr:1.01406,iter:20,level:18,rank:0,datasize:559,operation:Post-smoothing
cr:0.993166,iter:20,level:18,rank:0,datasize:109,operation:Interpolation
SZ is downgraded to lossless mode.
SZ is downgraded to lossless mode.
cr:1.02416,iter:20,level:18,rank:0,datasize:922,operation:Post-smoothing
cr:0.959554,iter:20,level:18,rank:0,datasize:172,operation:Interpolation
SZ is downgraded to lossless mode.
cr:1.03134,iter:20,level:18,rank:0,datasize:1559,operation:Post-smoothing
SZ is downgraded to lossless mode.
cr:0.974157,iter:20,level:18,rank:0,datasize:278,operation:Interpolation
SZ is downgraded to lossless mode.
SZ is downgraded to lossless mode.
cr:1.03474,iter:20,level:18,rank:0,datasize:2517,operation:Post-smoothing
SZ is downgraded to lossless mode.
SZ is downgraded to lossless mode.
cr:1.00762,iter:20,level:18,rank:0,datasize:446,operation:Interpolation
SZ is downgraded to lossless mode.
SZ is downgraded to lossless mode.
cr:1.03815,iter:20,level:18,rank:0,datasize:3946,operation:Post-smoothing
SZ is downgraded to lossless mode.
cr:1.02211,iter:20,level:18,rank:0,datasize:630,operation:Interpolation
SZ is downgraded to lossless mode.
SZ is downgraded to lossless mode.
cr:1.03995,iter:20,level:18,rank:0,datasize:5776,operation:Post-smoothing
SZ is downgraded to lossless mode.
SZ is downgraded to lossless mode.
cr:1.02861,iter:20,level:18,rank:0,datasize:1029,operation:Interpolation
SZ is downgraded to lossless mode.
SZ is downgraded to lossless mode.
cr:1.04188,iter:20,level:18,rank:0,datasize:8150,operation:Post-smoothing
SZ is downgraded to lossless mode.
SZ is downgraded to lossless mode.
SZ is downgraded to lossless mode.
cr:1.03446,iter:20,level:18,rank:0,datasize:1471,operation:Interpolation
SZ is downgraded to lossless mode.
cr:1.04163,iter:20,level:18,rank:0,datasize:11188,operation:Post-smoothing
SZ is downgraded to lossless mode.
SZ is downgraded to lossless mode.
cr:1.03719,iter:20,level:18,rank:0,datasize:1893,operation:Interpolation
SZ is downgraded to lossless mode.
SZ is downgraded to lossless mode.
cr:1.04183,iter:20,level:18,rank:0,datasize:14549,operation:Post-smoothing
SZ is downgraded to lossless mode.
SZ is downgraded to lossless mode.
cr:1.03944,iter:20,level:18,rank:0,datasize:2586,operation:Interpolation
SZ is downgraded to lossless mode.
SZ is downgraded to lossless mode.
cr:1.04239,iter:20,level:18,rank:0,datasize:18605,operation:Post-smoothing
SZ is downgraded to lossless mode.
SZ is downgraded to lossless mode.
SZ is downgraded to lossless mode.
cr:1.03977,iter:20,level:18,rank:0,datasize:3379,operation:Interpolation
cr:1.80512,iter:20,level:18,rank:0,datasize:22756,operation:Post-smoothing
SZ is downgraded to lossless mode.
SZ is downgraded to lossless mode.
cr:1.04102,iter:20,level:18,rank:0,datasize:4524,operation:Interpolation
cr:2.03516,iter:20,level:18,rank:0,datasize:26089,operation:Post-smoothing
SZ is downgraded to lossless mode.
cr:1.04137,iter:20,level:18,rank:0,datasize:6309,operation:Interpolation
SZ is downgraded to lossless mode.
cr:2.20645,iter:20,level:18,rank:0,datasize:23956,operation:Post-smoothing
SZ is downgraded to lossless mode.
cr:1.0415,iter:20,level:18,rank:0,datasize:7767,operation:Interpolation
SZ is downgraded to lossless mode.
cr:2.24186,iter:20,level:18,rank:0,datasize:18851,operation:Post-smoothing
cr:1.78924,iter:20,level:18,rank:0,datasize:7371,operation:Interpolation
cr:1.06309,iter:20,level:18,rank:0,datasize:15000,operation:Post-smoothing
cr:1.06309,iter:20,level:18,rank:0,datasize:15000,operation:Residual-Norm
cr:1.06309,iter:21,level:0,rank:0,datasize:15000,operation:Pre-Smoothing
cr:1.06298,iter:21,level:0,rank:0,datasize:15000,operation:Residual
cr:1142.48,iter:21,level:1,rank:0,datasize:18851,operation:Pre-Smoothing
cr:13.4386,iter:21,level:1,rank:0,datasize:18851,operation:Residual
cr:1451.88,iter:21,level:2,rank:0,datasize:23956,operation:Pre-Smoothing
cr:11.4239,iter:21,level:2,rank:0,datasize:23956,operation:Residual
cr:1581.15,iter:21,level:3,rank:0,datasize:26089,operation:Pre-Smoothing
cr:8.52895,iter:21,level:3,rank:0,datasize:26089,operation:Residual
cr:1379.15,iter:21,level:4,rank:0,datasize:22756,operation:Pre-Smoothing
cr:6.33078,iter:21,level:4,rank:0,datasize:22756,operation:Residual
cr:1127.58,iter:21,level:5,rank:0,datasize:18605,operation:Pre-Smoothing
cr:4.93436,iter:21,level:5,rank:0,datasize:18605,operation:Residual
cr:888.489,iter:21,level:6,rank:0,datasize:14549,operation:Pre-Smoothing
cr:3.93256,iter:21,level:6,rank:0,datasize:14549,operation:Residual
cr:683.237,iter:21,level:7,rank:0,datasize:11188,operation:Pre-Smoothing
cr:3.09424,iter:21,level:7,rank:0,datasize:11188,operation:Residual
cr:501.538,iter:21,level:8,rank:0,datasize:8150,operation:Pre-Smoothing
cr:2.56743,iter:21,level:8,rank:0,datasize:8150,operation:Residual
cr:363.843,iter:21,level:9,rank:0,datasize:5776,operation:Pre-Smoothing
cr:2.39755,iter:21,level:9,rank:0,datasize:5776,operation:Residual
cr:295.028,iter:21,level:10,rank:0,datasize:3946,operation:Pre-Smoothing
cr:1.813,iter:21,level:10,rank:0,datasize:3946,operation:Residual
cr:188.187,iter:21,level:11,rank:0,datasize:2517,operation:Pre-Smoothing
SZ is downgraded to lossless mode.
SZ is downgraded to lossless mode.
cr:1.02903,iter:21,level:11,rank:0,datasize:2517,operation:Residual
cr:116.561,iter:21,level:12,rank:0,datasize:1559,operation:Pre-Smoothing
SZ is downgraded to lossless mode.
cr:1.0265,iter:21,level:12,rank:0,datasize:1559,operation:Residual
SZ is downgraded to lossless mode.
cr:68.9346,iter:21,level:13,rank:0,datasize:922,operation:Pre-Smoothing
SZ is downgraded to lossless mode.
SZ is downgraded to lossless mode.
cr:1.0209,iter:21,level:13,rank:0,datasize:922,operation:Residual
cr:41.7944,iter:21,level:14,rank:0,datasize:559,operation:Pre-Smoothing
SZ is downgraded to lossless mode.
cr:1.01108,iter:21,level:14,rank:0,datasize:559,operation:Residual
cr:24.3107,iter:21,level:15,rank:0,datasize:313,operation:Pre-Smoothing
cr:1.03343,iter:21,level:15,rank:0,datasize:313,operation:Residual
cr:12.2182,iter:21,level:16,rank:0,datasize:168,operation:Pre-Smoothing
cr:0.980306,iter:21,level:16,rank:0,datasize:168,operation:Residual
cr:4.8,iter:21,level:17,rank:0,datasize:66,operation:Pre-Smoothing
cr:0.939502,iter:21,level:17,rank:0,datasize:66,operation:Residual
cr:0.583942,iter:21,level:18,rank:0,datasize:10,operation:Interpolation
cr:0.951351,iter:21,level:18,rank:0,datasize:66,operation:Post-smoothing
cr:0.737327,iter:21,level:18,rank:0,datasize:20,operation:Interpolation
cr:0.958631,iter:21,level:18,rank:0,datasize:168,operation:Post-smoothing
cr:0.861244,iter:21,level:18,rank:0,datasize:45,operation:Interpolation
cr:0.981191,iter:21,level:18,rank:0,datasize:313,operation:Post-smoothing
cr:0.879668,iter:21,level:18,rank:0,datasize:53,operation:Interpolation
SZ is downgraded to lossless mode.
SZ is downgraded to lossless mode.
cr:1.01154,iter:21,level:18,rank:0,datasize:559,operation:Post-smoothing
cr:1.00926,iter:21,level:18,rank:0,datasize:109,operation:Interpolation
SZ is downgraded to lossless mode.
SZ is downgraded to lossless mode.
cr:1.02302,iter:21,level:18,rank:0,datasize:922,operation:Post-smoothing
cr:0.959554,iter:21,level:18,rank:0,datasize:172,operation:Interpolation
SZ is downgraded to lossless mode.
SZ is downgraded to lossless mode.
cr:1.03185,iter:21,level:18,rank:0,datasize:1559,operation:Post-smoothing
cr:0.974157,iter:21,level:18,rank:0,datasize:278,operation:Interpolation
SZ is downgraded to lossless mode.
SZ is downgraded to lossless mode.
cr:1.03378,iter:21,level:18,rank:0,datasize:2517,operation:Post-smoothing
SZ is downgraded to lossless mode.
cr:SZ is downgraded to lossless mode.
1.00905,iter:21,level:18,rank:0,datasize:446,operation:Interpolation
SZ is downgraded to lossless mode.
SZ is downgraded to lossless mode.
cr:1.03689,iter:21,level:18,rank:0,datasize:3946,operation:Post-smoothing
SZ is downgraded to lossless mode.
cr:1.02128,iter:21,level:18,rank:0,datasize:630,operation:Interpolation
SZ is downgraded to lossless mode.
SZ is downgraded to lossless mode.
SZ is downgraded to lossless mode.
cr:1.03939,iter:21,level:18,rank:0,datasize:5776,operation:Post-smoothing
SZ is downgraded to lossless mode.
cr:1.02926,iter:21,level:18,rank:0,datasize:1029,operation:Interpolation
SZ is downgraded to lossless mode.
SZ is downgraded to lossless mode.
cr:1.04082,iter:21,level:18,rank:0,datasize:8150,operation:Post-smoothing
SZ is downgraded to lossless mode.
SZ is downgraded to lossless mode.
cr:1.03428,iter:21,level:18,rank:0,datasize:1471,operation:Interpolation
SZ is downgraded to lossless mode.
SZ is downgraded to lossless mode.
cr:1.04125,iter:21,level:18,rank:0,datasize:11188,operation:Post-smoothing
SZ is downgraded to lossless mode.
SZ is downgraded to lossless mode.
cr:1.03705,iter:21,level:18,rank:0,datasize:1893,operation:Interpolation
SZ is downgraded to lossless mode.
SZ is downgraded to lossless mode.
cr:1.04164,iter:21,level:18,rank:0,datasize:14549,operation:Post-smoothing
SZ is downgraded to lossless mode.
SZ is downgraded to lossless mode.
cr:1.03902,iter:21,level:18,rank:0,datasize:2586,operation:Interpolation
SZ is downgraded to lossless mode.
SZ is downgraded to lossless mode.
SZ is downgraded to lossless mode.
cr:1.04167,iter:21,level:18,rank:0,datasize:18605,operation:Post-smoothing
SZ is downgraded to lossless mode.
SZ is downgraded to lossless mode.
cr:1.03965,iter:21,level:18,rank:0,datasize:3379,operation:Interpolation
cr:1.89276,iter:21,level:18,rank:0,datasize:22756,operation:Post-smoothing
SZ is downgraded to lossless mode.
SZ is downgraded to lossless mode.
cr:1.04117,iter:21,level:18,rank:0,datasize:4524,operation:Interpolation
cr:2.12501,iter:21,level:18,rank:0,datasize:26089,operation:Post-smoothing
SZ is downgraded to lossless mode.
cr:1.0413,iter:21,level:18,rank:0,datasize:6309,operation:Interpolation
SZ is downgraded to lossless mode.
cr:2.30593,iter:21,level:18,rank:0,datasize:23956,operation:Post-smoothing
SZ is downgraded to lossless mode.
cr:1.04126,iter:21,level:18,rank:0,datasize:7767,operation:Interpolation
SZ is downgraded to lossless mode.
cr:2.36202,iter:21,level:18,rank:0,datasize:18851,operation:Post-smoothing
cr:1.85621,iter:21,level:18,rank:0,datasize:7371,operation:Interpolation
cr:1.06308,iter:21,level:18,rank:0,datasize:15000,operation:Post-smoothing
cr:1.06251,iter:21,level:18,rank:0,datasize:15000,operation:Residual-Norm
cr:1.06251,iter:22,level:0,rank:0,datasize:15000,operation:Pre-Smoothing
cr:1.0627,iter:22,level:0,rank:0,datasize:15000,operation:Residual
cr:1142.48,iter:22,level:1,rank:0,datasize:18851,operation:Pre-Smoothing
cr:14.4203,iter:22,level:1,rank:0,datasize:18851,operation:Residual
cr:1451.88,iter:22,level:2,rank:0,datasize:23956,operation:Pre-Smoothing
cr:12.1766,iter:22,level:2,rank:0,datasize:23956,operation:Residual
cr:1581.15,iter:22,level:3,rank:0,datasize:26089,operation:Pre-Smoothing
cr:8.93459,iter:22,level:3,rank:0,datasize:26089,operation:Residual
cr:1379.15,iter:22,level:4,rank:0,datasize:22756,operation:Pre-Smoothing
cr:7.1933,iter:22,level:4,rank:0,datasize:22756,operation:Residual
cr:1127.58,iter:22,level:5,rank:0,datasize:18605,operation:Pre-Smoothing
cr:5.75494,iter:22,level:5,rank:0,datasize:18605,operation:Residual
cr:888.489,iter:22,level:6,rank:0,datasize:14549,operation:Pre-Smoothing
cr:4.70119,iter:22,level:6,rank:0,datasize:14549,operation:Residual
cr:683.237,iter:22,level:7,rank:0,datasize:11188,operation:Pre-Smoothing
cr:3.27926,iter:22,level:7,rank:0,datasize:11188,operation:Residual
cr:501.538,iter:22,level:8,rank:0,datasize:8150,operation:Pre-Smoothing
cr:2.73352,iter:22,level:8,rank:0,datasize:8150,operation:Residual
cr:363.843,iter:22,level:9,rank:0,datasize:5776,operation:Pre-Smoothing
cr:2.25868,iter:22,level:9,rank:0,datasize:5776,operation:Residual
cr:295.028,iter:22,level:10,rank:0,datasize:3946,operation:Pre-Smoothing
cr:1.84814,iter:22,level:10,rank:0,datasize:3946,operation:Residual
cr:188.187,iter:22,level:11,rank:0,datasize:2517,operation:Pre-Smoothing
SZ is downgraded to lossless mode.
cr:1.02876,iter:22,level:11,rank:0,datasize:2517,operation:Residual
cr:116.561,iter:22,level:12,rank:0,datasize:1559,operation:Pre-Smoothing
SZ is downgraded to lossless mode.
cr:1.02642,iter:22,level:12,rank:0,datasize:1559,operation:Residual
SZ is downgraded to lossless mode.
cr:68.9346,iter:22,level:13,rank:0,datasize:922,operation:Pre-Smoothing
SZ is downgraded to lossless mode.
cr:1.35067,iter:22,level:13,rank:0,datasize:922,operation:Residual
cr:41.7944,iter:22,level:14,rank:0,datasize:559,operation:Pre-Smoothing
cr:1.14873,iter:22,level:14,rank:0,datasize:559,operation:Residual
cr:24.3107,iter:22,level:15,rank:0,datasize:313,operation:Pre-Smoothing
cr:1.0442,iter:22,level:15,rank:0,datasize:313,operation:Residual
cr:12.2182,iter:22,level:16,rank:0,datasize:168,operation:Pre-Smoothing
cr:1.00901,iter:22,level:16,rank:0,datasize:168,operation:Residual
cr:4.8,iter:22,level:17,rank:0,datasize:66,operation:Pre-Smoothing
cr:0.970588,iter:22,level:17,rank:0,datasize:66,operation:Residual
cr:0.583942,iter:22,level:18,rank:0,datasize:10,operation:Interpolation
cr:0.956522,iter:22,level:18,rank:0,datasize:66,operation:Post-smoothing
cr:0.737327,iter:22,level:18,rank:0,datasize:20,operation:Interpolation
cr:0.958631,iter:22,level:18,rank:0,datasize:168,operation:Post-smoothing
cr:0.861244,iter:22,level:18,rank:0,datasize:45,operation:Interpolation
cr:0.97698,iter:22,level:18,rank:0,datasize:313,operation:Post-smoothing
cr:0.879668,iter:22,level:18,rank:0,datasize:53,operation:Interpolation
SZ is downgraded to lossless mode.
SZ is downgraded to lossless mode.
cr:1.01245,iter:22,level:18,rank:0,datasize:559,operation:Post-smoothing
cr:1.01278,iter:22,level:18,rank:0,datasize:109,operation:Interpolation
SZ is downgraded to lossless mode.
SZ is downgraded to lossless mode.
cr:1.02402,iter:22,level:18,rank:0,datasize:922,operation:Post-smoothing
cr:0.959554,iter:22,level:18,rank:0,datasize:172,operation:Interpolation
SZ is downgraded to lossless mode.
SZ is downgraded to lossless mode.
cr:1.03134,iter:22,level:18,rank:0,datasize:1559,operation:Post-smoothing
cr:0.974157,iter:22,level:18,rank:0,datasize:278,operation:Interpolation
SZ is downgraded to lossless mode.
SZ is downgraded to lossless mode.
cr:1.03437,iter:22,level:18,rank:0,datasize:2517,operation:Post-smoothing
SZ is downgraded to lossless mode.
cr:1.00876,iter:22,level:18,rank:0,datasize:446,operation:Interpolation
SZ is downgraded to lossless mode.
SZ is downgraded to lossless mode.
cr:1.03556,iter:22,level:18,rank:0,datasize:3946,operation:Post-smoothing
SZ is downgraded to lossless mode.
SZ is downgraded to lossless mode.
cr:1.01921,iter:22,level:18,rank:0,datasize:630,operation:Interpolation
SZ is downgraded to lossless mode.
SZ is downgraded to lossless mode.
SZ is downgraded to lossless mode.
cr:1.03838,iter:22,level:18,rank:0,datasize:5776,operation:Post-smoothing
SZ is downgraded to lossless mode.
cr:1.02861,iter:22,level:18,rank:0,datasize:1029,operation:Interpolation
SZ is downgraded to lossless mode.
SZ is downgraded to lossless mode.
cr:1.04035,iter:22,level:18,rank:0,datasize:8150,operation:Post-smoothing
SZ is downgraded to lossless mode.
SZ is downgraded to lossless mode.
SZ is downgraded to lossless mode.
cr:1.03419,iter:22,level:18,rank:0,datasize:1471,operation:Interpolation
SZ is downgraded to lossless mode.
SZ is downgraded to lossless mode.
cr:1.04079,iter:22,level:18,rank:0,datasize:11188,operation:Post-smoothing
SZ is downgraded to lossless mode.
cr:1.03747,iter:22,level:18,rank:0,datasize:1893,operation:Interpolation
SZ is downgraded to lossless mode.
SZ is downgraded to lossless mode.
SZ is downgraded to lossless mode.
cr:1.04107,iter:22,level:18,rank:0,datasize:14549,operation:Post-smoothing
SZ is downgraded to lossless mode.
cr:1.0385,iter:22,level:18,rank:0,datasize:2586,operation:Interpolation
SZ is downgraded to lossless mode.
cr:1.77302,iter:22,level:18,rank:0,datasize:18605,operation:Post-smoothing
SZ is downgraded to lossless mode.
SZ is downgraded to lossless mode.
cr:1.03837,iter:22,level:18,rank:0,datasize:3379,operation:Interpolation
cr:1.99583,iter:22,level:18,rank:0,datasize:22756,operation:Post-smoothing
SZ is downgraded to lossless mode.
cr:1.03955,iter:22,level:18,rank:0,datasize:4524,operation:Interpolation
SZ is downgraded to lossless mode.
cr:2.22077,iter:22,level:18,rank:0,datasize:26089,operation:Post-smoothing
SZ is downgraded to lossless mode.
cr:1.04019,iter:22,level:18,rank:0,datasize:6309,operation:Interpolation
SZ is downgraded to lossless mode.
cr:2.40242,iter:22,level:18,rank:0,datasize:23956,operation:Post-smoothing
SZ is downgraded to lossless mode.
cr:1.04012,iter:22,level:18,rank:0,datasize:7767,operation:Interpolation
SZ is downgraded to lossless mode.
cr:2.47125,iter:22,level:18,rank:0,datasize:18851,operation:Post-smoothing
cr:1.95355,iter:22,level:18,rank:0,datasize:7371,operation:Interpolation
cr:1.06278,iter:22,level:18,rank:0,datasize:15000,operation:Post-smoothing
cr:1.06297,iter:22,level:18,rank:0,datasize:15000,operation:Residual-Norm
cr:1.06297,iter:23,level:0,rank:0,datasize:15000,operation:Pre-Smoothing
cr:1.06281,iter:23,level:0,rank:0,datasize:15000,operation:Residual
cr:1142.48,iter:23,level:1,rank:0,datasize:18851,operation:Pre-Smoothing
cr:15.439,iter:23,level:1,rank:0,datasize:18851,operation:Residual
cr:1451.88,iter:23,level:2,rank:0,datasize:23956,operation:Pre-Smoothing
cr:12.8588,iter:23,level:2,rank:0,datasize:23956,operation:Residual
cr:1581.15,iter:23,level:3,rank:0,datasize:26089,operation:Pre-Smoothing
cr:9.54636,iter:23,level:3,rank:0,datasize:26089,operation:Residual
cr:1379.15,iter:23,level:4,rank:0,datasize:22756,operation:Pre-Smoothing
cr:6.9386,iter:23,level:4,rank:0,datasize:22756,operation:Residual
cr:1127.58,iter:23,level:5,rank:0,datasize:18605,operation:Pre-Smoothing
cr:6.11177,iter:23,level:5,rank:0,datasize:18605,operation:Residual
cr:888.489,iter:23,level:6,rank:0,datasize:14549,operation:Pre-Smoothing
cr:4.3758,iter:23,level:6,rank:0,datasize:14549,operation:Residual
cr:683.237,iter:23,level:7,rank:0,datasize:11188,operation:Pre-Smoothing
cr:3.50762,iter:23,level:7,rank:0,datasize:11188,operation:Residual
cr:501.538,iter:23,level:8,rank:0,datasize:8150,operation:Pre-Smoothing
cr:2.86442,iter:23,level:8,rank:0,datasize:8150,operation:Residual
cr:363.843,iter:23,level:9,rank:0,datasize:5776,operation:Pre-Smoothing
cr:2.34535,iter:23,level:9,rank:0,datasize:5776,operation:Residual
cr:295.028,iter:23,level:10,rank:0,datasize:3946,operation:Pre-Smoothing
cr:2.02997,iter:23,level:10,rank:0,datasize:3946,operation:Residual
cr:188.187,iter:23,level:11,rank:0,datasize:2517,operation:Pre-Smoothing
cr:1.66344,iter:23,level:11,rank:0,datasize:2517,operation:Residual
cr:116.561,iter:23,level:12,rank:0,datasize:1559,operation:Pre-Smoothing
SZ is downgraded to lossless mode.
cr:1.02709,iter:23,level:12,rank:0,datasize:1559,operation:Residual
SZ is downgraded to lossless mode.
cr:68.9346,iter:23,level:13,rank:0,datasize:922,operation:Pre-Smoothing
SZ is downgraded to lossless mode.
SZ is downgraded to lossless mode.
cr:1.02076,iter:23,level:13,rank:0,datasize:922,operation:Residual
cr:41.7944,iter:23,level:14,rank:0,datasize:559,operation:Pre-Smoothing
cr:1.15915,iter:23,level:14,rank:0,datasize:559,operation:Residual
cr:24.3107,iter:23,level:15,rank:0,datasize:313,operation:Pre-Smoothing
cr:1.07838,iter:23,level:15,rank:0,datasize:313,operation:Residual
cr:12.2182,iter:23,level:16,rank:0,datasize:168,operation:Pre-Smoothing
cr:0.999257,iter:23,level:16,rank:0,datasize:168,operation:Residual
cr:4.8,iter:23,level:17,rank:0,datasize:66,operation:Pre-Smoothing
cr:1.02128,iter:23,level:17,rank:0,datasize:66,operation:Residual
cr:0.583942,iter:23,level:18,rank:0,datasize:10,operation:Interpolation
cr:0.981413,iter:23,level:18,rank:0,datasize:66,operation:Post-smoothing
cr:0.737327,iter:23,level:18,rank:0,datasize:20,operation:Interpolation
cr:0.970397,iter:23,level:18,rank:0,datasize:168,operation:Post-smoothing
cr:0.861244,iter:23,level:18,rank:0,datasize:45,operation:Interpolation
cr:0.983117,iter:23,level:18,rank:0,datasize:313,operation:Post-smoothing
cr:0.879668,iter:23,level:18,rank:0,datasize:53,operation:Interpolation
SZ is downgraded to lossless mode.
SZ is downgraded to lossless mode.
cr:1.01245,iter:23,level:18,rank:0,datasize:559,operation:Post-smoothing
cr:0.998855,iter:23,level:18,rank:0,datasize:109,operation:Interpolation
SZ is downgraded to lossless mode.
SZ is downgraded to lossless mode.
cr:1.02331,iter:23,level:18,rank:0,datasize:922,operation:Post-smoothing
cr:0.959554,iter:23,level:18,rank:0,datasize:172,operation:Interpolation
SZ is downgraded to lossless mode.
SZ is downgraded to lossless mode.
cr:1.02896,iter:23,level:18,rank:0,datasize:1559,operation:Post-smoothing
cr:0.974157,iter:23,level:18,rank:0,datasize:278,operation:Interpolation
SZ is downgraded to lossless mode.
SZ is downgraded to lossless mode.
cr:1.03378,iter:23,level:18,rank:0,datasize:2517,operation:Post-smoothing
SZ is downgraded to lossless mode.
cr:1.00734,iter:23,level:SZ is downgraded to lossless mode.
18,rank:0,datasize:446,operation:Interpolation
SZ is downgraded to lossless mode.
SZ is downgraded to lossless mode.
cr:1.03549,iter:23,level:18,rank:0,datasize:3946,operation:Post-smoothing
SZ is downgraded to lossless mode.
cr:1.01859,iter:23,level:18,rank:0,datasize:630,operation:Interpolation
SZ is downgraded to lossless mode.
SZ is downgraded to lossless mode.
SZ is downgraded to lossless mode.
cr:1.03766,iter:23,level:18,rank:0,datasize:5776,operation:Post-smoothing
SZ is downgraded to lossless mode.
cr:1.02887,iter:23,level:18,rank:0,datasize:1029,operation:Interpolation
SZ is downgraded to lossless mode.
SZ is downgraded to lossless mode.
cr:1.03923,iter:23,level:18,rank:0,datasize:8150,operation:Post-smoothing
SZ is downgraded to lossless mode.
SZ is downgraded to lossless mode.
SZ is downgraded to lossless mode.
cr:1.03237,iter:23,level:18,rank:0,datasize:1471,operation:Interpolation
SZ is downgraded to lossless mode.
SZ is downgraded to lossless mode.
cr:1.03992,iter:23,level:18,rank:0,datasize:11188,operation:Post-smoothing
SZ is downgraded to lossless mode.
cr:1.03563,iter:23,level:18,rank:0,datasize:1893,operation:Interpolation
SZ is downgraded to lossless mode.
SZ is downgraded to lossless mode.
cr:1.8311,iter:23,level:18,rank:0,datasize:14549,operation:Post-smoothing
SZ is downgraded to lossless mode.
cr:1.03689,iter:23,level:18,rank:0,datasize:2586,operation:Interpolation
SZ is downgraded to lossless mode.
cr:1.84768,iter:23,level:18,rank:0,datasize:18605,operation:Post-smoothing
SZ is downgraded to lossless mode.
SZ is downgraded to lossless mode.
cr:1.03817,iter:23,level:18,rank:0,datasize:3379,operation:Interpolation
cr:2.06359,iter:23,level:18,rank:0,datasize:22756,operation:Post-smoothing
SZ is downgraded to lossless mode.
SZ is downgraded to lossless mode.
cr:1.03881,iter:23,level:18,rank:0,datasize:4524,operation:Interpolation
cr:2.35115,iter:23,level:18,rank:0,datasize:26089,operation:Post-smoothing
SZ is downgraded to lossless mode.
cr:1.03974,iter:23,level:18,rank:0,datasize:6309,operation:Interpolation
SZ is downgraded to lossless mode.
cr:2.48748,iter:23,level:18,rank:0,datasize:23956,operation:Post-smoothing
cr:1.98918,iter:23,level:18,rank:0,datasize:7767,operation:Interpolation
cr:2.55416,iter:23,level:18,rank:0,datasize:18851,operation:Post-smoothing
cr:2.02264,iter:23,level:18,rank:0,datasize:7371,operation:Interpolation
cr:1.06275,iter:23,level:18,rank:0,datasize:15000,operation:Post-smoothing
cr:1.063,iter:23,level:18,rank:0,datasize:15000,operation:Residual-Norm
cr:1.063,iter:24,level:0,rank:0,datasize:15000,operation:Pre-Smoothing
cr:1.06263,iter:24,level:0,rank:0,datasize:15000,operation:Residual
cr:1142.48,iter:24,level:1,rank:0,datasize:18851,operation:Pre-Smoothing
cr:16.5814,iter:24,level:1,rank:0,datasize:18851,operation:Residual
cr:1451.88,iter:24,level:2,rank:0,datasize:23956,operation:Pre-Smoothing
cr:13.7166,iter:24,level:2,rank:0,datasize:23956,operation:Residual
cr:1581.15,iter:24,level:3,rank:0,datasize:26089,operation:Pre-Smoothing
cr:10.0633,iter:24,level:3,rank:0,datasize:26089,operation:Residual
cr:1379.15,iter:24,level:4,rank:0,datasize:22756,operation:Pre-Smoothing
cr:7.96151,iter:24,level:4,rank:0,datasize:22756,operation:Residual
cr:1127.58,iter:24,level:5,rank:0,datasize:18605,operation:Pre-Smoothing
cr:5.94694,iter:24,level:5,rank:0,datasize:18605,operation:Residual
cr:888.489,iter:24,level:6,rank:0,datasize:14549,operation:Pre-Smoothing
cr:5.22593,iter:24,level:6,rank:0,datasize:14549,operation:Residual
cr:683.237,iter:24,level:7,rank:0,datasize:11188,operation:Pre-Smoothing
cr:4.23467,iter:24,level:7,rank:0,datasize:11188,operation:Residual
cr:501.538,iter:24,level:8,rank:0,datasize:8150,operation:Pre-Smoothing
cr:2.99839,iter:24,level:8,rank:0,datasize:8150,operation:Residual
cr:363.843,iter:24,level:9,rank:0,datasize:5776,operation:Pre-Smoothing
cr:2.29184,iter:24,level:9,rank:0,datasize:5776,operation:Residual
cr:295.028,iter:24,level:10,rank:0,datasize:3946,operation:Pre-Smoothing
cr:2.04814,iter:24,level:10,rank:0,datasize:3946,operation:Residual
cr:188.187,iter:24,level:11,rank:0,datasize:2517,operation:Pre-Smoothing
cr:1.77035,iter:24,level:11,rank:0,datasize:2517,operation:Residual
cr:116.561,iter:24,level:12,rank:0,datasize:1559,operation:Pre-Smoothing
SZ is downgraded to lossless mode.
cr:1.0254,iter:24,level:12,rank:0,datasize:1559,operation:Residual
SZ is downgraded to lossless mode.
cr:68.9346,iter:24,level:13,rank:0,datasize:922,operation:Pre-Smoothing
SZ is downgraded to lossless mode.
SZ is downgraded to lossless mode.
cr:1.02062,iter:24,level:13,rank:0,datasize:922,operation:Residual
cr:41.7944,iter:24,level:14,rank:0,datasize:559,operation:Pre-Smoothing
cr:1.21192,iter:24,level:14,rank:0,datasize:559,operation:Residual
cr:24.3107,iter:24,level:15,rank:0,datasize:313,operation:Pre-Smoothing
cr:1.09441,iter:24,level:15,rank:0,datasize:313,operation:Residual
cr:12.2182,iter:24,level:16,rank:0,datasize:168,operation:Pre-Smoothing
cr:1.01664,iter:24,level:16,rank:0,datasize:168,operation:Residual
cr:4.8,iter:24,level:17,rank:0,datasize:66,operation:Pre-Smoothing
cr:1.06452,iter:24,level:17,rank:0,datasize:66,operation:Residual
cr:0.583942,iter:24,level:18,rank:0,datasize:10,operation:Interpolation
cr:0.96,iter:24,level:18,rank:0,datasize:66,operation:Post-smoothing
cr:0.737327,iter:24,level:18,rank:0,datasize:20,operation:Interpolation
cr:0.989691,iter:24,level:18,rank:0,datasize:168,operation:Post-smoothing
cr:0.861244,iter:24,level:18,rank:0,datasize:45,operation:Interpolation
cr:1.0109,iter:24,level:18,rank:0,datasize:313,operation:Post-smoothing
cr:0.879668,iter:24,level:18,rank:0,datasize:53,operation:Interpolation
SZ is downgraded to lossless mode.
cr:1.01268SZ is downgraded to lossless mode.
,iter:24,level:18,rank:0,datasize:559,operation:Post-smoothing
cr:1.01869,iter:24,level:18,rank:0,datasize:109,operation:Interpolation
SZ is downgraded to lossless mode.
SZ is downgraded to lossless mode.
cr:1.02104,iter:24,level:18,rank:0,datasize:922,operation:Post-smoothing
cr:0.959554,iter:24,level:18,rank:0,datasize:172,operation:Interpolation
SZ is downgraded to lossless mode.
SZ is downgraded to lossless mode.
cr:1.02913,iter:24,level:18,rank:0,datasize:1559,operation:Post-smoothing
cr:0.974157,iter:24,level:18,rank:0,datasize:278,operation:Interpolation
SZ is downgraded to lossless mode.
SZ is downgraded to lossless mode.
cr:1.0332,iter:24,level:18,rank:0,datasize:2517,operation:Post-smoothing
SZ is downgraded to lossless mode.
SZ is downgraded to lossless mode.
cr:1.00762,iter:24,level:18,rank:0,datasize:446,operation:Interpolation
SZ is downgraded to lossless mode.
SZ is downgraded to lossless mode.
cr:1.03546,iter:24,level:18,rank:0,datasize:3946,operation:Post-smoothing
SZ is downgraded to lossless mode.
cr:1.0188,iter:24,level:18,rank:0,datasize:630,operation:Interpolation
SZ is downgraded to lossless mode.
SZ is downgraded to lossless mode.
SZ is downgraded to lossless mode.
cr:1.03747,iter:24,level:18,rank:0,datasize:5776,operation:Post-smoothing
SZ is downgraded to lossless mode.
cr:1.0281,iter:24,level:18,rank:0,datasize:1029,operation:Interpolation
SZ is downgraded to lossless mode.
SZ is downgraded to lossless mode.
cr:1.0384,iter:24,level:18,rank:0,datasize:8150,operation:Post-smoothing
SZ is downgraded to lossless mode.
SZ is downgraded to lossless mode.
SZ is downgraded to lossless mode.
cr:1.03219,iter:24,level:18,rank:0,datasize:1471,operation:Interpolation
SZ is downgraded to lossless mode.
SZ is downgraded to lossless mode.
cr:1.03858,iter:24,level:18,rank:0,datasize:11188,operation:Post-smoothing
SZ is downgraded to lossless mode.
cr:1.03506,iter:24,level:18,rank:0,datasize:1893,operation:Interpolation
SZ is downgraded to lossless mode.
SZ is downgraded to lossless mode.
cr:1.80428,iter:24,level:18,rank:0,datasize:14549,operation:Post-smoothing
SZ is downgraded to lossless mode.
SZ is downgraded to lossless mode.
cr:1.03637,iter:24,level:18,rank:0,datasize:2586,operation:Interpolation
cr:1.88943,iter:24,level:18,rank:0,datasize:18605,operation:Post-smoothing
SZ is downgraded to lossless mode.
SZ is downgraded to lossless mode.
cr:1.03654,iter:24,level:18,rank:0,datasize:3379,operation:Interpolation
cr:2.14389,iter:24,level:18,rank:0,datasize:22756,operation:Post-smoothing
SZ is downgraded to lossless mode.
cr:1.03791,iter:24,level:18,rank:0,datasize:4524,operation:Interpolation
SZ is downgraded to lossless mode.
cr:2.41224,iter:24,level:18,rank:0,datasize:26089,operation:Post-smoothing
SZ is downgraded to lossless mode.
cr:1.03869,iter:24,level:18,rank:0,datasize:6309,operation:Interpolation
SZ is downgraded to lossless mode.
cr:2.63931,iter:24,level:18,rank:0,datasize:23956,operation:Post-smoothing
cr:1.85436,iter:24,level:18,rank:0,datasize:7767,operation:Interpolation
cr:2.70217,iter:24,level:18,rank:0,datasize:18851,operation:Post-smoothing
cr:2.12589,iter:24,level:18,rank:0,datasize:7371,operation:Interpolation
cr:1.06311,iter:24,level:18,rank:0,datasize:15000,operation:Post-smoothing
cr:1.06272,iter:24,level:18,rank:0,datasize:15000,operation:Residual-Norm
cr:1.06272,iter:25,level:0,rank:0,datasize:15000,operation:Pre-Smoothing
cr:1.06276,iter:25,level:0,rank:0,datasize:15000,operation:Residual
cr:1142.48,iter:25,level:1,rank:0,datasize:18851,operation:Pre-Smoothing
cr:17.8577,iter:25,level:1,rank:0,datasize:18851,operation:Residual
cr:1451.88,iter:25,level:2,rank:0,datasize:23956,operation:Pre-Smoothing
cr:14.7048,iter:25,level:2,rank:0,datasize:23956,operation:Residual
cr:1581.15,iter:25,level:3,rank:0,datasize:26089,operation:Pre-Smoothing
cr:10.4738,iter:25,level:3,rank:0,datasize:26089,operation:Residual
cr:1379.15,iter:25,level:4,rank:0,datasize:22756,operation:Pre-Smoothing
cr:8.36272,iter:25,level:4,rank:0,datasize:22756,operation:Residual
cr:1127.58,iter:25,level:5,rank:0,datasize:18605,operation:Pre-Smoothing
cr:6.2688,iter:25,level:5,rank:0,datasize:18605,operation:Residual
cr:888.489,iter:25,level:6,rank:0,datasize:14549,operation:Pre-Smoothing
cr:5.51255,iter:25,level:6,rank:0,datasize:14549,operation:Residual
cr:683.237,iter:25,level:7,rank:0,datasize:11188,operation:Pre-Smoothing
cr:4.48462,iter:25,level:7,rank:0,datasize:11188,operation:Residual
cr:501.538,iter:25,level:8,rank:0,datasize:8150,operation:Pre-Smoothing
cr:3.64429,iter:25,level:8,rank:0,datasize:8150,operation:Residual
cr:363.843,iter:25,level:9,rank:0,datasize:5776,operation:Pre-Smoothing
cr:2.65609,iter:25,level:9,rank:0,datasize:5776,operation:Residual
cr:295.028,iter:25,level:10,rank:0,datasize:3946,operation:Pre-Smoothing
cr:2.19665,iter:25,level:10,rank:0,datasize:3946,operation:Residual
cr:188.187,iter:25,level:11,rank:0,datasize:2517,operation:Pre-Smoothing
cr:1.84836,iter:25,level:11,rank:0,datasize:2517,operation:Residual
cr:116.561,iter:25,level:12,rank:0,datasize:1559,operation:Pre-Smoothing
cr:1.7356,iter:25,level:12,rank:0,datasize:1559,operation:Residual
cr:68.9346,iter:25,level:13,rank:0,datasize:922,operation:Pre-Smoothing
cr:1.36922,iter:25,level:13,rank:0,datasize:922,operation:Residual
cr:41.7944,iter:25,level:14,rank:0,datasize:559,operation:Pre-Smoothing
cr:1.19572,iter:25,level:14,rank:0,datasize:559,operation:Residual
cr:24.3107,iter:25,level:15,rank:0,datasize:313,operation:Pre-Smoothing
cr:1.09393,iter:25,level:15,rank:0,datasize:313,operation:Residual
cr:12.2182,iter:25,level:16,rank:0,datasize:168,operation:Pre-Smoothing
cr:1.01357,iter:25,level:16,rank:0,datasize:168,operation:Residual
cr:4.8,iter:25,level:17,rank:0,datasize:66,operation:Pre-Smoothing
cr:0.98324,iter:25,level:17,rank:0,datasize:66,operation:Residual
cr:0.583942,iter:25,level:18,rank:0,datasize:10,operation:Interpolation
cr:1.00571,iter:25,level:18,rank:0,datasize:66,operation:Post-smoothing
cr:0.737327,iter:25,level:18,rank:0,datasize:20,operation:Interpolation
cr:1,iter:25,level:18,rank:0,datasize:168,operation:Post-smoothing
cr:0.861244,iter:25,level:18,rank:0,datasize:45,operation:Interpolation
cr:1.03173,iter:25,level:18,rank:0,datasize:313,operation:Post-smoothing
cr:0.879668,iter:25,level:18,rank:0,datasize:53,operation:Interpolation
SZ is downgraded to lossless mode.
SZ is downgraded to lossless mode.
cr:1.01062,iter:25,level:18,rank:0,datasize:559,operation:Post-smoothing
cr:1.00926,iter:25,level:18,rank:0,datasize:109,operation:Interpolation
SZ is downgraded to lossless mode.
SZ is downgraded to lossless mode.
cr:1.02104,iter:25,level:18,rank:0,datasize:922,operation:Post-smoothing
cr:0.959554,iter:25,level:18,rank:0,datasize:172,operation:Interpolation
SZ is downgraded to lossless mode.
SZ is downgraded to lossless mode.
cr:1.02845,iter:25,level:18,rank:0,datasize:1559,operation:Post-smoothing
cr:0.974157,iter:25,level:18,rank:0,datasize:278,operation:Interpolation
SZ is downgraded to lossless mode.
SZ is downgraded to lossless mode.
cr:1.03224,iter:25,level:18,rank:0,datasize:2517,operation:Post-smoothing
SZ is downgraded to lossless mode.
SZ is downgraded to lossless mode.
cr:1.00706,iter:25,level:18,rank:0,datasize:446,operation:Interpolation
SZ is downgraded to lossless mode.
SZ is downgraded to lossless mode.
cr:1.03556,iter:25,level:18,rank:0,datasize:3946,operation:Post-smoothing
SZ is downgraded to lossless mode.
cr:1.01715,iter:25,level:18,rank:0,datasize:630,operation:Interpolation
SZ is downgraded to lossless mode.
SZ is downgraded to lossless mode.
SZ is downgraded to lossless mode.
cr:1.03698,iter:25,level:18,rank:0,datasize:5776,operation:Post-smoothing
SZ is downgraded to lossless mode.
cr:1.02733,iter:25,level:18,rank:0,datasize:1029,operation:Interpolation
SZ is downgraded to lossless mode.
SZ is downgraded to lossless mode.
SZ is downgraded to lossless mode.
cr:1.038,iter:25,level:18,rank:0,datasize:8150,operation:Post-smoothing
SZ is downgraded to lossless mode.
cr:1.03219,iter:25,level:18,rank:0,datasize:1471,operation:Interpolation
SZ is downgraded to lossless mode.
SZ is downgraded to lossless mode.
SZ is downgraded to lossless mode.
cr:1.03837,iter:25,level:18,rank:0,datasize:11188,operation:Post-smoothing
SZ is downgraded to lossless mode.
cr:1.03323,iter:25,level:18,rank:0,datasize:1893,operation:Interpolation
SZ is downgraded to lossless mode.
cr:1.76936,iter:25,level:18,rank:0,datasize:14549,operation:Post-smoothing
SZ is downgraded to lossless mode.
SZ is downgraded to lossless mode.
cr:1.03627,iter:25,level:18,rank:0,datasize:2586,operation:Interpolation
cr:1.97676,iter:25,level:18,rank:0,datasize:18605,operation:Post-smoothing
SZ is downgraded to lossless mode.
SZ is downgraded to lossless mode.
cr:1.03587,iter:25,level:18,rank:0,datasize:3379,operation:Interpolation
cr:2.27404,iter:25,level:18,rank:0,datasize:22756,operation:Post-smoothing
SZ is downgraded to lossless mode.
cr:1.03729,iter:25,level:18,rank:0,datasize:4524,operation:Interpolation
SZ is downgraded to lossless mode.
cr:2.55099,iter:25,level:18,rank:0,datasize:26089,operation:Post-smoothing
SZ is downgraded to lossless mode.
cr:1.0385,iter:25,level:18,rank:0,datasize:6309,operation:Interpolation
SZ is downgraded to lossless mode.
cr:2.76249,iter:25,level:18,rank:0,datasize:23956,operation:Post-smoothing
cr:1.82281,iter:25,level:18,rank:0,datasize:7767,operation:Interpolation
cr:2.83922,iter:25,level:18,rank:0,datasize:18851,operation:Post-smoothing
cr:2.21509,iter:25,level:18,rank:0,datasize:7371,operation:Interpolation
cr:1.06299,iter:25,level:18,rank:0,datasize:15000,operation:Post-smoothing
cr:1.06286,iter:25,level:18,rank:0,datasize:15000,operation:Residual-Norm
cr:1.06286,iter:26,level:0,rank:0,datasize:15000,operation:Pre-Smoothing
cr:1.06295,iter:26,level:0,rank:0,datasize:15000,operation:Residual
cr:1142.48,iter:26,level:1,rank:0,datasize:18851,operation:Pre-Smoothing
cr:19.0655,iter:26,level:1,rank:0,datasize:18851,operation:Residual
cr:1451.88,iter:26,level:2,rank:0,datasize:23956,operation:Pre-Smoothing
cr:15.5748,iter:26,level:2,rank:0,datasize:23956,operation:Residual
cr:1581.15,iter:26,level:3,rank:0,datasize:26089,operation:Pre-Smoothing
cr:11.185,iter:26,level:3,rank:0,datasize:26089,operation:Residual
cr:1379.15,iter:26,level:4,rank:0,datasize:22756,operation:Pre-Smoothing
cr:8.74978,iter:26,level:4,rank:0,datasize:22756,operation:Residual
cr:1127.58,iter:26,level:5,rank:0,datasize:18605,operation:Pre-Smoothing
cr:6.94152,iter:26,level:5,rank:0,datasize:18605,operation:Residual
cr:888.489,iter:26,level:6,rank:0,datasize:14549,operation:Pre-Smoothing
cr:5.2056,iter:26,level:6,rank:0,datasize:14549,operation:Residual
cr:683.237,iter:26,level:7,rank:0,datasize:11188,operation:Pre-Smoothing
cr:4.73066,iter:26,level:7,rank:0,datasize:11188,operation:Residual
cr:501.538,iter:26,level:8,rank:0,datasize:8150,operation:Pre-Smoothing
cr:3.74928,iter:26,level:8,rank:0,datasize:8150,operation:Residual
cr:363.843,iter:26,level:9,rank:0,datasize:5776,operation:Pre-Smoothing
cr:2.77893,iter:26,level:9,rank:0,datasize:5776,operation:Residual
cr:295.028,iter:26,level:10,rank:0,datasize:3946,operation:Pre-Smoothing
cr:2.34846,iter:26,level:10,rank:0,datasize:3946,operation:Residual
cr:188.187,iter:26,level:11,rank:0,datasize:2517,operation:Pre-Smoothing
cr:1.93634,iter:26,level:11,rank:0,datasize:2517,operation:Residual
cr:116.561,iter:26,level:12,rank:0,datasize:1559,operation:Pre-Smoothing
cr:1.6122,iter:26,level:12,rank:0,datasize:1559,operation:Residual
cr:68.9346,iter:26,level:13,rank:0,datasize:922,operation:Pre-Smoothing
cr:1.38725,iter:26,level:13,rank:0,datasize:922,operation:Residual
cr:41.7944,iter:26,level:14,rank:0,datasize:559,operation:Pre-Smoothing
cr:1.25021,iter:26,level:14,rank:0,datasize:559,operation:Residual
cr:24.3107,iter:26,level:15,rank:0,datasize:313,operation:Pre-Smoothing
cr:1.10944,iter:26,level:15,rank:0,datasize:313,operation:Residual
cr:12.2182,iter:26,level:16,rank:0,datasize:168,operation:Pre-Smoothing
cr:1.04591,iter:26,level:16,rank:0,datasize:168,operation:Residual
cr:4.8,iter:26,level:17,rank:0,datasize:66,operation:Pre-Smoothing
cr:1.0038,iter:26,level:17,rank:0,datasize:66,operation:Residual
cr:0.583942,iter:26,level:18,rank:0,datasize:10,operation:Interpolation
cr:1.01149,iter:26,level:18,rank:0,datasize:66,operation:Post-smoothing
cr:0.737327,iter:26,level:18,rank:0,datasize:20,operation:Interpolation
cr:1.01895,iter:26,level:18,rank:0,datasize:168,operation:Post-smoothing
cr:0.861244,iter:26,level:18,rank:0,datasize:45,operation:Interpolation
cr:1.01954,iter:26,level:18,rank:0,datasize:313,operation:Post-smoothing
cr:0.879668,iter:26,level:18,rank:0,datasize:53,operation:Interpolation
SZ is downgraded to lossless mode.
SZ is downgraded to lossless mode.
cr:1.01222,iter:26,level:18,rank:0,datasize:559,operation:Post-smoothing
cr:1.03195,iter:26,level:18,rank:0,datasize:109,operation:Interpolation
SZ is downgraded to lossless mode.
SZ is downgraded to lossless mode.
cr:1.02062,iter:26,level:18,rank:0,datasize:922,operation:Post-smoothing
cr:0.959554,iter:26,level:18,rank:0,datasize:172,operation:Interpolation
SZ is downgraded to lossless mode.
SZ is downgraded to lossless mode.
cr:1.02684,iter:26,level:18,rank:0,datasize:1559,operation:Post-smoothing
cr:0.974157,iter:26,level:18,rank:0,datasize:278,operation:Interpolation
SZ is downgraded to lossless mode.
SZ is downgraded to lossless mode.
cr:1.03156,iter:26,level:18,rank:0,datasize:2517,operation:Post-smoothing
SZ is downgraded to lossless mode.
cr:1.00649,iter:26,level:18,rank:0,datasize:SZ is downgraded to lossless mode.
446,operation:Interpolation
SZ is downgraded to lossless mode.
SZ is downgraded to lossless mode.
cr:1.03369,iter:26,level:18,rank:0,datasize:3946,operation:Post-smoothing
SZ is downgraded to lossless mode.
cr:1.01736,iter:26,level:18,rank:0,datasize:630,operation:Interpolation
SZ is downgraded to lossless mode.
SZ is downgraded to lossless mode.
SZ is downgraded to lossless mode.
cr:1.03629,iter:26,level:18,rank:0,datasize:5776,operation:Post-smoothing
SZ is downgraded to lossless mode.
SZ is downgraded to lossless mode.
cr:1.02746,iter:26,level:18,rank:0,datasize:1029,operation:Interpolation
SZ is downgraded to lossless mode.
cr:1.03683,iter:26,level:18,rank:0,datasize:8150,operation:Post-smoothing
SZ is downgraded to lossless mode.
SZ is downgraded to lossless mode.
SZ is downgraded to lossless mode.
cr:1.03074,iter:26,level:18,rank:0,datasize:1471,operation:Interpolation
SZ is downgraded to lossless mode.
SZ is downgraded to lossless mode.
cr:1.03749,iter:26,level:18,rank:0,datasize:11188,operation:Post-smoothing
SZ is downgraded to lossless mode.
SZ is downgraded to lossless mode.
cr:1.03309,iter:26,level:18,rank:0,datasize:1893,operation:Interpolation
cr:1.87439,iter:26,level:18,rank:0,datasize:14549,operation:Post-smoothing
SZ is downgraded to lossless mode.
cr:1.03481,iter:26,level:18,rank:0,datasize:2586,operation:Interpolation
SZ is downgraded to lossless mode.
cr:2.10057,iter:26,level:18,rank:0,datasize:18605,operation:Post-smoothing
SZ is downgraded to lossless mode.
SZ is downgraded to lossless mode.
cr:1.03515,iter:26,level:18,rank:0,datasize:3379,operation:Interpolation
cr:2.32837,iter:26,level:18,rank:0,datasize:22756,operation:Post-smoothing
SZ is downgraded to lossless mode.
SZ is downgraded to lossless mode.
cr:1.03622,iter:26,level:18,rank:0,datasize:4524,operation:Interpolation
cr:2.66626,iter:26,level:18,rank:0,datasize:26089,operation:Post-smoothing
SZ is downgraded to lossless mode.
cr:1.03752,iter:26,level:18,rank:0,datasize:6309,operation:Interpolation
SZ is downgraded to lossless mode.
cr:2.88396,iter:26,level:18,rank:0,datasize:23956,operation:Post-smoothing
cr:2.04106,iter:26,level:18,rank:0,datasize:7767,operation:Interpolation
cr:2.95847,iter:26,level:18,rank:0,datasize:18851,operation:Post-smoothing
cr:2.62839,iter:26,level:18,rank:0,datasize:7371,operation:Interpolation
cr:1.06304,iter:26,level:18,rank:0,datasize:15000,operation:Post-smoothing
cr:1.06294,iter:26,level:18,rank:0,datasize:15000,operation:Residual-Norm
cr:1.06294,iter:27,level:0,rank:0,datasize:15000,operation:Pre-Smoothing
cr:1.06299,iter:27,level:0,rank:0,datasize:15000,operation:Residual
cr:1142.48,iter:27,level:1,rank:0,datasize:18851,operation:Pre-Smoothing
cr:20.5713,iter:27,level:1,rank:0,datasize:18851,operation:Residual
cr:1451.88,iter:27,level:2,rank:0,datasize:23956,operation:Pre-Smoothing
cr:16.5915,iter:27,level:2,rank:0,datasize:23956,operation:Residual
cr:1581.15,iter:27,level:3,rank:0,datasize:26089,operation:Pre-Smoothing
cr:11.9482,iter:27,level:3,rank:0,datasize:26089,operation:Residual
cr:1379.15,iter:27,level:4,rank:0,datasize:22756,operation:Pre-Smoothing
cr:8.33553,iter:27,level:4,rank:0,datasize:22756,operation:Residual
cr:1127.58,iter:27,level:5,rank:0,datasize:18605,operation:Pre-Smoothing
cr:6.78427,iter:27,level:5,rank:0,datasize:18605,operation:Residual
cr:888.489,iter:27,level:6,rank:0,datasize:14549,operation:Pre-Smoothing
cr:6.0235,iter:27,level:6,rank:0,datasize:14549,operation:Residual
cr:683.237,iter:27,level:7,rank:0,datasize:11188,operation:Pre-Smoothing
cr:4.4505,iter:27,level:7,rank:0,datasize:11188,operation:Residual
cr:501.538,iter:27,level:8,rank:0,datasize:8150,operation:Pre-Smoothing
cr:3.58656,iter:27,level:8,rank:0,datasize:8150,operation:Residual
cr:363.843,iter:27,level:9,rank:0,datasize:5776,operation:Pre-Smoothing
cr:2.90854,iter:27,level:9,rank:0,datasize:5776,operation:Residual
cr:295.028,iter:27,level:10,rank:0,datasize:3946,operation:Pre-Smoothing
cr:2.39769,iter:27,level:10,rank:0,datasize:3946,operation:Residual
cr:188.187,iter:27,level:11,rank:0,datasize:2517,operation:Pre-Smoothing
cr:2.04116,iter:27,level:11,rank:0,datasize:2517,operation:Residual
cr:116.561,iter:27,level:12,rank:0,datasize:1559,operation:Pre-Smoothing
cr:1.8803,iter:27,level:12,rank:0,datasize:1559,operation:Residual
cr:68.9346,iter:27,level:13,rank:0,datasize:922,operation:Pre-Smoothing
cr:1.40201,iter:27,level:13,rank:0,datasize:922,operation:Residual
cr:41.7944,iter:27,level:14,rank:0,datasize:559,operation:Pre-Smoothing
cr:1.19861,iter:27,level:14,rank:0,datasize:559,operation:Residual
cr:24.3107,iter:27,level:15,rank:0,datasize:313,operation:Pre-Smoothing
cr:1.13252,iter:27,level:15,rank:0,datasize:313,operation:Residual
cr:12.2182,iter:27,level:16,rank:0,datasize:168,operation:Pre-Smoothing
cr:1.05329,iter:27,level:16,rank:0,datasize:168,operation:Residual
cr:4.8,iter:27,level:17,rank:0,datasize:66,operation:Pre-Smoothing
cr:1.03529,iter:27,level:17,rank:0,datasize:66,operation:Residual
cr:0.583942,iter:27,level:18,rank:0,datasize:10,operation:Interpolation
cr:0.986916,iter:27,level:18,rank:0,datasize:66,operation:Post-smoothing
cr:0.737327,iter:27,level:18,rank:0,datasize:20,operation:Interpolation
cr:1.06498,iter:27,level:18,rank:0,datasize:168,operation:Post-smoothing
cr:0.861244,iter:27,level:18,rank:0,datasize:45,operation:Interpolation
cr:1.01294,iter:27,level:18,rank:0,datasize:313,operation:Post-smoothing
cr:0.879668,iter:27,level:18,rank:0,datasize:53,operation:Interpolation
SZ is downgraded to lossless mode.
SZ is downgraded to lossless mode.
cr:1.01131,iter:27,level:18,rank:0,datasize:559,operation:Post-smoothing
cr:1.04182,iter:27,level:18,rank:0,datasize:109,operation:Interpolation
SZ is downgraded to lossless mode.
SZ is downgraded to lossless mode.
cr:1.02118,iter:27,level:18,rank:0,datasize:922,operation:Post-smoothing
cr:0.959554,iter:27,level:18,rank:0,datasize:172,operation:Interpolation
SZ is downgraded to lossless mode.
SZ is downgraded to lossless mode.
cr:1.02743,iter:27,level:18,rank:0,datasize:1559,operation:Post-smoothing
cr:0.974157,iter:27,level:18,rank:0,datasize:278,operation:Interpolation
SZ is downgraded to lossless mode.
SZ is downgraded to lossless mode.
cr:1.03124,iter:27,level:18,rank:0,datasize:2517,operation:Post-smoothing
SZ is downgraded to lossless mode.
cr:1.00564,iter:27,level:18,rank:0,datasize:446,operation:Interpolation
SZ is downgraded to lossless mode.
SZ is downgraded to lossless mode.
SZ is downgraded to lossless mode.
cr:1.03427,iter:27,level:18,rank:0,datasize:3946,operation:Post-smoothing
SZ is downgraded to lossless mode.
cr:1.01839,iter:27,level:18,rank:0,datasize:630,operation:Interpolation
SZ is downgraded to lossless mode.
SZ is downgraded to lossless mode.
SZ is downgraded to lossless mode.
cr:1.0358,iter:27,level:18,rank:0,datasize:5776,operation:Post-smoothing
SZ is downgraded to lossless mode.
cr:1.0272,iter:27,level:18,rank:0,datasize:1029,operation:Interpolation
SZ is downgraded to lossless mode.
SZ is downgraded to lossless mode.
cr:1.03693,iter:27,level:18,rank:0,datasize:8150,operation:Post-smoothing
SZ is downgraded to lossless mode.
SZ is downgraded to lossless mode.
cr:1.02975,iter:27,level:18,rank:0,datasize:1471,operation:Interpolation
SZ is downgraded to lossless mode.
SZ is downgraded to lossless mode.
SZ is downgraded to lossless mode.
cr:1.03696,iter:27,level:18,rank:0,datasize:11188,operation:Post-smoothing
SZ is downgraded to lossless mode.
cr:1.03302,iter:27,level:18,rank:0,datasize:1893,operation:Interpolation
SZ is downgraded to lossless mode.
cr:1.93038,iter:27,level:18,rank:0,datasize:14549,operation:Post-smoothing
SZ is downgraded to lossless mode.
SZ is downgraded to lossless mode.
cr:1.03481,iter:27,level:18,rank:0,datasize:2586,operation:Interpolation
cr:2.20409,iter:27,level:18,rank:0,datasize:18605,operation:Post-smoothing
SZ is downgraded to lossless mode.
SZ is downgraded to lossless mode.
cr:1.03424,iter:27,level:18,rank:0,datasize:3379,operation:Interpolation
cr:2.88938,iter:27,level:18,rank:0,datasize:22756,operation:Post-smoothing
SZ is downgraded to lossless mode.
SZ is downgraded to lossless mode.
cr:1.03545,iter:27,level:18,rank:0,datasize:4524,operation:Interpolation
cr:2.78524,iter:27,level:18,rank:0,datasize:26089,operation:Post-smoothing
SZ is downgraded to lossless mode.
cr:1.03632,iter:27,level:18,rank:0,datasize:6309,operation:Interpolation
SZ is downgraded to lossless mode.
cr:2.9753,iter:27,level:18,rank:0,datasize:23956,operation:Post-smoothing
cr:2.11024,iter:27,level:18,rank:0,datasize:7767,operation:Interpolation
cr:3.07157,iter:27,level:18,rank:0,datasize:18851,operation:Post-smoothing
cr:2.41257,iter:27,level:18,rank:0,datasize:7371,operation:Interpolation
cr:1.06313,iter:27,level:18,rank:0,datasize:15000,operation:Post-smoothing
cr:1.0628,iter:27,level:18,rank:0,datasize:15000,operation:Residual-Norm
cr:1.0628,iter:28,level:0,rank:0,datasize:15000,operation:Pre-Smoothing
cr:1.06306,iter:28,level:0,rank:0,datasize:15000,operation:Residual
cr:1142.48,iter:28,level:1,rank:0,datasize:18851,operation:Pre-Smoothing
cr:21.9965,iter:28,level:1,rank:0,datasize:18851,operation:Residual
cr:1451.88,iter:28,level:2,rank:0,datasize:23956,operation:Pre-Smoothing
cr:17.6764,iter:28,level:2,rank:0,datasize:23956,operation:Residual
cr:1581.15,iter:28,level:3,rank:0,datasize:26089,operation:Pre-Smoothing
cr:12.5783,iter:28,level:3,rank:0,datasize:26089,operation:Residual
cr:1379.15,iter:28,level:4,rank:0,datasize:22756,operation:Pre-Smoothing
cr:9.63064,iter:28,level:4,rank:0,datasize:22756,operation:Residual
cr:1127.58,iter:28,level:5,rank:0,datasize:18605,operation:Pre-Smoothing
cr:7.09573,iter:28,level:5,rank:0,datasize:18605,operation:Residual
cr:888.489,iter:28,level:6,rank:0,datasize:14549,operation:Pre-Smoothing
cr:6.3109,iter:28,level:6,rank:0,datasize:14549,operation:Residual
cr:683.237,iter:28,level:7,rank:0,datasize:11188,operation:Pre-Smoothing
cr:4.56281,iter:28,level:7,rank:0,datasize:11188,operation:Residual
cr:501.538,iter:28,level:8,rank:0,datasize:8150,operation:Pre-Smoothing
cr:4.23432,iter:28,level:8,rank:0,datasize:8150,operation:Residual
cr:363.843,iter:28,level:9,rank:0,datasize:5776,operation:Pre-Smoothing
cr:3.10267,iter:28,level:9,rank:0,datasize:5776,operation:Residual
cr:295.028,iter:28,level:10,rank:0,datasize:3946,operation:Pre-Smoothing
cr:2.56692,iter:28,level:10,rank:0,datasize:3946,operation:Residual
cr:188.187,iter:28,level:11,rank:0,datasize:2517,operation:Pre-Smoothing
cr:2.12607,iter:28,level:11,rank:0,datasize:2517,operation:Residual
cr:116.561,iter:28,level:12,rank:0,datasize:1559,operation:Pre-Smoothing
cr:1.98567,iter:28,level:12,rank:0,datasize:1559,operation:Residual
cr:68.9346,iter:28,level:13,rank:0,datasize:922,operation:Pre-Smoothing
cr:1.49645,iter:28,level:13,rank:0,datasize:922,operation:Residual
cr:41.7944,iter:28,level:14,rank:0,datasize:559,operation:Pre-Smoothing
cr:1.40144,iter:28,level:14,rank:0,datasize:559,operation:Residual
cr:24.3107,iter:28,level:15,rank:0,datasize:313,operation:Pre-Smoothing
cr:1.18336,iter:28,level:15,rank:0,datasize:313,operation:Residual
cr:12.2182,iter:28,level:16,rank:0,datasize:168,operation:Pre-Smoothing
cr:1.06329,iter:28,level:16,rank:0,datasize:168,operation:Residual
cr:4.8,iter:28,level:17,rank:0,datasize:66,operation:Pre-Smoothing
cr:1.04554,iter:28,level:17,rank:0,datasize:66,operation:Residual
cr:0.583942,iter:28,level:18,rank:0,datasize:10,operation:Interpolation
cr:0.992481,iter:28,level:18,rank:0,datasize:66,operation:Post-smoothing
cr:0.737327,iter:28,level:18,rank:0,datasize:20,operation:Interpolation
cr:1.02674,iter:28,level:18,rank:0,datasize:168,operation:Post-smoothing
cr:0.861244,iter:28,level:18,rank:0,datasize:45,operation:Interpolation
cr:1.06553,iter:28,level:18,rank:0,datasize:313,operation:Post-smoothing
cr:0.879668,iter:28,level:18,rank:0,datasize:53,operation:Interpolation
SZ is downgraded to lossless mode.
SZ is downgraded to lossless mode.
cr:1.01108,iter:28,level:18,rank:0,datasize:559,operation:Post-smoothing
cr:1.0283,iter:28,level:18,rank:0,datasize:109,operation:Interpolation
SZ is downgraded to lossless mode.
SZ is downgraded to lossless mode.
cr:1.02132,iter:28,level:18,rank:0,datasize:922,operation:Post-smoothing
cr:0.959554,iter:28,level:18,rank:0,datasize:172,operation:Interpolation
SZ is downgraded to lossless mode.
SZ is downgraded to lossless mode.
cr:1.02692,iter:28,level:18,rank:0,datasize:1559,operation:Post-smoothing
cr:0.987567,iter:28,level:18,rank:0,datasize:278,operation:Interpolation
SZ is downgraded to lossless mode.
SZ is downgraded to lossless mode.
cr:1.03024,iter:28,level:18,rank:0,datasize:2517,operation:Post-smoothing
SZ is downgraded to lossless mode.
SZ is downgraded to lossless mode.
cr:1.00592,iter:28,level:18,rank:0,datasize:446,operation:Interpolation
SZ is downgraded to lossless mode.
SZ is downgraded to lossless mode.
cr:1.03356,iter:28,level:18,rank:0,datasize:3946,operation:Post-smoothing
SZ is downgraded to lossless mode.
cr:1.01674,iter:28,level:18,rank:0,datasize:630,operation:Interpolation
SZ is downgraded to lossless mode.
SZ is downgraded to lossless mode.
SZ is downgraded to lossless mode.
cr:1.03482,iter:28,level:18,rank:0,datasize:5776,operation:Post-smoothing
SZ is downgraded to lossless mode.
SZ is downgraded to lossless mode.
cr:1.0249,iter:28,level:18,rank:0,datasize:1029,operation:Interpolation
cr:1.84619,iter:28,level:18,rank:0,datasize:8150,operation:Post-smoothing
SZ is downgraded to lossless mode.
SZ is downgraded to lossless mode.
cr:1.02957,iter:28,level:18,rank:0,datasize:1471,operation:Interpolation
cr:1.81767,iter:28,level:18,rank:0,datasize:11188,operation:Post-smoothing
SZ is downgraded to lossless mode.
cr:1.03302,iter:28,level:18,rank:0,datasize:1893,operation:Interpolation
SZ is downgraded to lossless mode.
cr:2.04858,iter:28,level:18,rank:0,datasize:14549,operation:Post-smoothing
SZ is downgraded to lossless mode.
cr:1.03301,iter:28,level:18,rank:0,datasize:2586,operation:Interpolation
SZ is downgraded to lossless mode.
cr:2.2877,iter:28,level:18,rank:0,datasize:18605,operation:Post-smoothing
SZ is downgraded to lossless mode.
SZ is downgraded to lossless mode.
cr:1.03353,iter:28,level:18,rank:0,datasize:3379,operation:Interpolation
cr:2.5392,iter:28,level:18,rank:0,datasize:22756,operation:Post-smoothing
SZ is downgraded to lossless mode.
SZ is downgraded to lossless mode.
cr:1.03512,iter:28,level:18,rank:0,datasize:4524,operation:Interpolation
cr:2.84814,iter:28,level:18,rank:0,datasize:26089,operation:Post-smoothing
cr:1.75031,iter:28,level:18,rank:0,datasize:6309,operation:Interpolation
SZ is downgraded to lossless mode.
cr:3.11805,iter:28,level:18,rank:0,datasize:23956,operation:Post-smoothing
cr:2.54364,iter:28,level:18,rank:0,datasize:7767,operation:Interpolation
cr:3.21415,iter:28,level:18,rank:0,datasize:18851,operation:Post-smoothing
cr:2.50704,iter:28,level:18,rank:0,datasize:7371,operation:Interpolation
cr:1.06341,iter:28,level:18,rank:0,datasize:15000,operation:Post-smoothing
cr:1.06293,iter:28,level:18,rank:0,datasize:15000,operation:Residual-Norm
cr:1.06293,iter:29,level:0,rank:0,datasize:15000,operation:Pre-Smoothing
cr:1.06337,iter:29,level:0,rank:0,datasize:15000,operation:Residual
cr:1142.48,iter:29,level:1,rank:0,datasize:18851,operation:Pre-Smoothing
cr:23.813,iter:29,level:1,rank:0,datasize:18851,operation:Residual
cr:1451.88,iter:29,level:2,rank:0,datasize:23956,operation:Pre-Smoothing
cr:18.7541,iter:29,level:2,rank:0,datasize:23956,operation:Residual
cr:1581.15,iter:29,level:3,rank:0,datasize:26089,operation:Pre-Smoothing
cr:13.2794,iter:29,level:3,rank:0,datasize:26089,operation:Residual
cr:1379.15,iter:29,level:4,rank:0,datasize:22756,operation:Pre-Smoothing
cr:9.9654,iter:29,level:4,rank:0,datasize:22756,operation:Residual
cr:1127.58,iter:29,level:5,rank:0,datasize:18605,operation:Pre-Smoothing
cr:8.08561,iter:29,level:5,rank:0,datasize:18605,operation:Residual
cr:888.489,iter:29,level:6,rank:0,datasize:14549,operation:Pre-Smoothing
cr:6.61168,iter:29,level:6,rank:0,datasize:14549,operation:Residual
cr:683.237,iter:29,level:7,rank:0,datasize:11188,operation:Pre-Smoothing
cr:4.83622,iter:29,level:7,rank:0,datasize:11188,operation:Residual
cr:501.538,iter:29,level:8,rank:0,datasize:8150,operation:Pre-Smoothing
cr:3.92063,iter:29,level:8,rank:0,datasize:8150,operation:Residual
cr:363.843,iter:29,level:9,rank:0,datasize:5776,operation:Pre-Smoothing
cr:3.22321,iter:29,level:9,rank:0,datasize:5776,operation:Residual
cr:295.028,iter:29,level:10,rank:0,datasize:3946,operation:Pre-Smoothing
cr:3.01826,iter:29,level:10,rank:0,datasize:3946,operation:Residual
cr:188.187,iter:29,level:11,rank:0,datasize:2517,operation:Pre-Smoothing
cr:1.86981,iter:29,level:11,rank:0,datasize:2517,operation:Residual
cr:116.561,iter:29,level:12,rank:0,datasize:1559,operation:Pre-Smoothing
cr:1.83817,iter:29,level:12,rank:0,datasize:1559,operation:Residual
cr:68.9346,iter:29,level:13,rank:0,datasize:922,operation:Pre-Smoothing
cr:1.48083,iter:29,level:13,rank:0,datasize:922,operation:Residual
cr:41.7944,iter:29,level:14,rank:0,datasize:559,operation:Pre-Smoothing
cr:1.34173,iter:29,level:14,rank:0,datasize:559,operation:Residual
cr:24.3107,iter:29,level:15,rank:0,datasize:313,operation:Pre-Smoothing
cr:1.24888,iter:29,level:15,rank:0,datasize:313,operation:Residual
cr:12.2182,iter:29,level:16,rank:0,datasize:168,operation:Pre-Smoothing
cr:1.17073,iter:29,level:16,rank:0,datasize:168,operation:Residual
cr:4.8,iter:29,level:17,rank:0,datasize:66,operation:Pre-Smoothing
cr:1.04762,iter:29,level:17,rank:0,datasize:66,operation:Residual
cr:0.583942,iter:29,level:18,rank:0,datasize:10,operation:Interpolation
cr:1.03327,iter:29,level:18,rank:0,datasize:66,operation:Post-smoothing
cr:0.737327,iter:29,level:18,rank:0,datasize:20,operation:Interpolation
cr:1.05247,iter:29,level:18,rank:0,datasize:168,operation:Post-smoothing
cr:0.861244,iter:29,level:18,rank:0,datasize:45,operation:Interpolation
cr:1.06553,iter:29,level:18,rank:0,datasize:313,operation:Post-smoothing
cr:0.879668,iter:29,level:18,rank:0,datasize:53,operation:Interpolation
SZ is downgraded to lossless mode.
cr:1.01245,iter:29,level:18,rank:0,datasize:559,operation:Post-smoothing
cr:1.03195,iter:29,level:18,rank:0,datasize:109,operation:Interpolation
SZ is downgraded to lossless mode.
SZ is downgraded to lossless mode.
cr:1.02118,iter:29,level:18,rank:0,datasize:922,operation:Post-smoothing
cr:0.959554,iter:29,level:18,rank:0,datasize:172,operation:Interpolation
SZ is downgraded to lossless mode.
cr:1.0265,iter:29,level:18,rank:0,datasize:1559,operation:Post-smoothing
SZ is downgraded to lossless mode.
cr:0.986253,iter:29,level:18,rank:0,datasize:278,operation:Interpolation
SZ is downgraded to lossless mode.
SZ is downgraded to lossless mode.
cr:1.02992,iter:29,level:18,rank:0,datasize:2517,operation:Post-smoothing
SZ is downgraded to lossless mode.
SZ is downgraded to lossless mode.
cr:1.00394,iter:29,level:18,rank:0,datasize:446,operation:Interpolation
SZ is downgraded to lossless mode.
SZ is downgraded to lossless mode.
cr:1.03285,iter:29,level:18,rank:0,datasize:3946,operation:Post-smoothing
SZ is downgraded to lossless mode.
SZ is downgraded to lossless mode.
cr:1.01695,iter:29,level:18,rank:0,datasize:630,operation:Interpolation
SZ is downgraded to lossless mode.
SZ is downgraded to lossless mode.
cr:1.03471,iter:29,level:18,rank:0,datasize:5776,operation:Post-smoothing
SZ is downgraded to lossless mode.
cr:1.02503,iter:29,level:18,rank:0,datasize:1029,operation:Interpolation
SZ is downgraded to lossless mode.
SZ is downgraded to lossless mode.
cr:1.03612,iter:29,level:18,rank:0,datasize:8150,operation:Post-smoothing
SZ is downgraded to lossless mode.
SZ is downgraded to lossless mode.
SZ is downgraded to lossless mode.
cr:1.02993,iter:29,level:18,rank:0,datasize:1471,operation:Interpolation
cr:1.87451,iter:29,level:18,rank:0,datasize:11188,operation:Post-smoothing
SZ is downgraded to lossless mode.
cr:1.03196,iter:29,level:18,rank:0,datasize:1893,operation:Interpolation
SZ is downgraded to lossless mode.
cr:2.14196,iter:29,level:18,rank:0,datasize:14549,operation:Post-smoothing
SZ is downgraded to lossless mode.
cr:1.03409,iter:29,level:18,rank:0,datasize:2586,operation:Interpolation
SZ is downgraded to lossless mode.
cr:2.35391,iter:29,level:18,rank:0,datasize:18605,operation:Post-smoothing
SZ is downgraded to lossless mode.
SZ is downgraded to lossless mode.
cr:1.03389,iter:29,level:18,rank:0,datasize:3379,operation:Interpolation
cr:2.70033,iter:29,level:18,rank:0,datasize:22756,operation:Post-smoothing
SZ is downgraded to lossless mode.
SZ is downgraded to lossless mode.
cr:1.03423,iter:29,level:18,rank:0,datasize:4524,operation:Interpolation
cr:2.9996,iter:29,level:18,rank:0,datasize:26089,operation:Post-smoothing
cr:1.82124,iter:29,level:18,rank:0,datasize:6309,operation:Interpolation
cr:3.18712,iter:29,level:18,rank:0,datasize:23956,operation:Post-smoothing
cr:2.3104,iter:29,level:18,rank:0,datasize:7767,operation:Interpolation
cr:3.35853,iter:29,level:18,rank:0,datasize:18851,operation:Post-smoothing
cr:2.63426,iter:29,level:18,rank:0,datasize:7371,operation:Interpolation
cr:1.06333,iter:29,level:18,rank:0,datasize:15000,operation:Post-smoothing
cr:1.063,iter:29,level:18,rank:0,datasize:15000,operation:Residual-Norm
cr:1.063,iter:30,level:0,rank:0,datasize:15000,operation:Pre-Smoothing
cr:1.06279,iter:30,level:0,rank:0,datasize:15000,operation:Residual
cr:1142.48,iter:30,level:1,rank:0,datasize:18851,operation:Pre-Smoothing
cr:25.591,iter:30,level:1,rank:0,datasize:18851,operation:Residual
cr:1451.88,iter:30,level:2,rank:0,datasize:23956,operation:Pre-Smoothing
cr:20.2267,iter:30,level:2,rank:0,datasize:23956,operation:Residual
cr:1581.15,iter:30,level:3,rank:0,datasize:26089,operation:Pre-Smoothing
cr:14.0358,iter:30,level:3,rank:0,datasize:26089,operation:Residual
cr:1379.15,iter:30,level:4,rank:0,datasize:22756,operation:Pre-Smoothing
cr:10.6804,iter:30,level:4,rank:0,datasize:22756,operation:Residual
cr:1127.58,iter:30,level:5,rank:0,datasize:18605,operation:Pre-Smoothing
cr:8.43429,iter:30,level:5,rank:0,datasize:18605,operation:Residual
cr:888.489,iter:30,level:6,rank:0,datasize:14549,operation:Pre-Smoothing
cr:6.88792,iter:30,level:6,rank:0,datasize:14549,operation:Residual
cr:683.237,iter:30,level:7,rank:0,datasize:11188,operation:Pre-Smoothing
cr:5.65908,iter:30,level:7,rank:0,datasize:11188,operation:Residual
cr:501.538,iter:30,level:8,rank:0,datasize:8150,operation:Pre-Smoothing
cr:4.14758,iter:30,level:8,rank:0,datasize:8150,operation:Residual
cr:363.843,iter:30,level:9,rank:0,datasize:5776,operation:Pre-Smoothing
cr:2.81344,iter:30,level:9,rank:0,datasize:5776,operation:Residual
cr:295.028,iter:30,level:10,rank:0,datasize:3946,operation:Pre-Smoothing
cr:2.71483,iter:30,level:10,rank:0,datasize:3946,operation:Residual
cr:188.187,iter:30,level:11,rank:0,datasize:2517,operation:Pre-Smoothing
cr:2.30152,iter:30,level:11,rank:0,datasize:2517,operation:Residual
cr:116.561,iter:30,level:12,rank:0,datasize:1559,operation:Pre-Smoothing
cr:1.89919,iter:30,level:12,rank:0,datasize:1559,operation:Residual
cr:68.9346,iter:30,level:13,rank:0,datasize:922,operation:Pre-Smoothing
cr:1.55481,iter:30,level:13,rank:0,datasize:922,operation:Residual
cr:41.7944,iter:30,level:14,rank:0,datasize:559,operation:Pre-Smoothing
cr:1.3777,iter:30,level:14,rank:0,datasize:559,operation:Residual
cr:24.3107,iter:30,level:15,rank:0,datasize:313,operation:Pre-Smoothing
cr:1.27171,iter:30,level:15,rank:0,datasize:313,operation:Residual
cr:12.2182,iter:30,level:16,rank:0,datasize:168,operation:Pre-Smoothing
cr:1.31507,iter:30,level:16,rank:0,datasize:168,operation:Residual
cr:4.8,iter:30,level:17,rank:0,datasize:66,operation:Pre-Smoothing
cr:1.13062,iter:30,level:17,rank:0,datasize:66,operation:Residual
cr:0.583942,iter:30,level:18,rank:0,datasize:10,operation:Interpolation
cr:1.06667,iter:30,level:18,rank:0,datasize:66,operation:Post-smoothing
cr:0.737327,iter:30,level:18,rank:0,datasize:20,operation:Interpolation
cr:1.11258,iter:30,level:18,rank:0,datasize:168,operation:Post-smoothing
cr:0.861244,iter:30,level:18,rank:0,datasize:45,operation:Interpolation
cr:1.05877,iter:30,level:18,rank:0,datasize:313,operation:Post-smoothing
cr:0.879668,iter:30,level:18,rank:0,datasize:53,operation:Interpolation
SZ is downgraded to lossless mode.
cr:1.00994,iter:30,level:18,rank:0,datasize:559,operation:Post-smoothing
cr:1.02588,iter:30,level:18,rank:0,datasize:109,operation:Interpolation
SZ is downgraded to lossless mode.
SZ is downgraded to lossless mode.
cr:1.02104,iter:30,level:18,rank:0,datasize:922,operation:Post-smoothing
cr:0.959554,iter:30,level:18,rank:0,datasize:172,operation:Interpolation
SZ is downgraded to lossless mode.
cr:1.02684,iter:30,level:18,rank:0,datasize:1559,operation:Post-smoothing
SZ is downgraded to lossless mode.
cr:1.00135,iter:30,level:18,rank:0,datasize:278,operation:Interpolation
SZ is downgraded to lossless mode.
SZ is downgraded to lossless mode.
cr:1.02897,iter:30,level:18,rank:0,datasize:2517,operation:Post-smoothing
SZ is downgraded to lossless mode.
cr:1.00253,iter:30SZ is downgraded to lossless mode.
,level:18,rank:0,datasize:446,operation:Interpolation
SZ is downgraded to lossless mode.
SZ is downgraded to lossless mode.
cr:1.03174,iter:30,level:18,rank:0,datasize:3946,operation:Post-smoothing
SZ is downgraded to lossless mode.
cr:1.0149,iter:30,level:18,rank:0,datasize:630,operation:Interpolation
SZ is downgraded to lossless mode.
SZ is downgraded to lossless mode.
SZ is downgraded to lossless mode.
cr:1.03378,iter:30,level:18,rank:0,datasize:5776,operation:Post-smoothing
SZ is downgraded to lossless mode.
cr:1.02503,iter:30,level:18,rank:0,datasize:1029,operation:Interpolation
SZ is downgraded to lossless mode.
cr:1.78269,iter:30,level:18,rank:0,datasize:8150,operation:Post-smoothing
SZ is downgraded to lossless mode.
cr:1.02885,iter:30,level:18,rank:0,datasize:1471,operation:Interpolation
SZ is downgraded to lossless mode.
cr:1.96864,iter:30,level:18,rank:0,datasize:11188,operation:Post-smoothing
SZ is downgraded to lossless mode.
cr:1.03084,iter:30,level:18,rank:0,datasize:1893,operation:Interpolation
SZ is downgraded to lossless mode.
cr:2.19,iter:30,level:18,rank:0,datasize:14549,operation:Post-smoothing
SZ is downgraded to lossless mode.
cr:1.03264,iter:30,level:18,rank:0,datasize:2586,operation:Interpolation
SZ is downgraded to lossless mode.
cr:2.48278,iter:30,level:18,rank:0,datasize:18605,operation:Post-smoothing
SZ is downgraded to lossless mode.
SZ is downgraded to lossless mode.
cr:1.03314,iter:30,level:18,rank:0,datasize:3379,operation:Interpolation
cr:2.72299,iter:30,level:18,rank:0,datasize:22756,operation:Post-smoothing
SZ is downgraded to lossless mode.
SZ is downgraded to lossless mode.
cr:1.03391,iter:30,level:18,rank:0,datasize:4524,operation:Interpolation
cr:3.68736,iter:30,level:18,rank:0,datasize:26089,operation:Post-smoothing
cr:1.89623,iter:30,level:18,rank:0,datasize:6309,operation:Interpolation
cr:3.31772,iter:30,level:18,rank:0,datasize:23956,operation:Post-smoothing
cr:2.78587,iter:30,level:18,rank:0,datasize:7767,operation:Interpolation
cr:4.11358,iter:30,level:18,rank:0,datasize:18851,operation:Post-smoothing
cr:2.7376,iter:30,level:18,rank:0,datasize:7371,operation:Interpolation
cr:1.06287,iter:30,level:18,rank:0,datasize:15000,operation:Post-smoothing
cr:1.06317,iter:30,level:18,rank:0,datasize:15000,operation:Residual-Norm
cr:1.06317,iter:31,level:0,rank:0,datasize:15000,operation:Pre-Smoothing
cr:1.063,iter:31,level:0,rank:0,datasize:15000,operation:Residual
cr:1142.48,iter:31,level:1,rank:0,datasize:18851,operation:Pre-Smoothing
cr:27.3848,iter:31,level:1,rank:0,datasize:18851,operation:Residual
cr:1451.88,iter:31,level:2,rank:0,datasize:23956,operation:Pre-Smoothing
cr:21.4973,iter:31,level:2,rank:0,datasize:23956,operation:Residual
cr:1581.15,iter:31,level:3,rank:0,datasize:26089,operation:Pre-Smoothing
cr:14.8159,iter:31,level:3,rank:0,datasize:26089,operation:Residual
cr:1379.15,iter:31,level:4,rank:0,datasize:22756,operation:Pre-Smoothing
cr:11.194,iter:31,level:4,rank:0,datasize:22756,operation:Residual
cr:1127.58,iter:31,level:5,rank:0,datasize:18605,operation:Pre-Smoothing
cr:8.78682,iter:31,level:5,rank:0,datasize:18605,operation:Residual
cr:888.489,iter:31,level:6,rank:0,datasize:14549,operation:Pre-Smoothing
cr:7.07034,iter:31,level:6,rank:0,datasize:14549,operation:Residual
cr:683.237,iter:31,level:7,rank:0,datasize:11188,operation:Pre-Smoothing
cr:5.84497,iter:31,level:7,rank:0,datasize:11188,operation:Residual
cr:501.538,iter:31,level:8,rank:0,datasize:8150,operation:Pre-Smoothing
cr:4.81821,iter:31,level:8,rank:0,datasize:8150,operation:Residual
cr:363.843,iter:31,level:9,rank:0,datasize:5776,operation:Pre-Smoothing
cr:4.03845,iter:31,level:9,rank:0,datasize:5776,operation:Residual
cr:295.028,iter:31,level:10,rank:0,datasize:3946,operation:Pre-Smoothing
cr:2.91245,iter:31,level:10,rank:0,datasize:3946,operation:Residual
cr:188.187,iter:31,level:11,rank:0,datasize:2517,operation:Pre-Smoothing
cr:2.41671,iter:31,level:11,rank:0,datasize:2517,operation:Residual
cr:116.561,iter:31,level:12,rank:0,datasize:1559,operation:Pre-Smoothing
cr:1.99233,iter:31,level:12,rank:0,datasize:1559,operation:Residual
cr:68.9346,iter:31,level:13,rank:0,datasize:922,operation:Pre-Smoothing
cr:1.82665,iter:31,level:13,rank:0,datasize:922,operation:Residual
cr:41.7944,iter:31,level:14,rank:0,datasize:559,operation:Pre-Smoothing
cr:1.40056,iter:31,level:14,rank:0,datasize:559,operation:Residual
cr:24.3107,iter:31,level:15,rank:0,datasize:313,operation:Pre-Smoothing
cr:1.25012,iter:31,level:15,rank:0,datasize:313,operation:Residual
cr:12.2182,iter:31,level:16,rank:0,datasize:168,operation:Pre-Smoothing
cr:1.3125,iter:31,level:16,rank:0,datasize:168,operation:Residual
cr:4.8,iter:31,level:17,rank:0,datasize:66,operation:Pre-Smoothing
cr:1.14039,iter:31,level:17,rank:0,datasize:66,operation:Residual
cr:0.583942,iter:31,level:18,rank:0,datasize:10,operation:Interpolation
cr:1.09771,iter:31,level:18,rank:0,datasize:66,operation:Post-smoothing
cr:0.737327,iter:31,level:18,rank:0,datasize:20,operation:Interpolation
cr:1.09894,iter:31,level:18,rank:0,datasize:168,operation:Post-smoothing
cr:0.861244,iter:31,level:18,rank:0,datasize:45,operation:Interpolation
cr:1.14234,iter:31,level:18,rank:0,datasize:313,operation:Post-smoothing
cr:0.879668,iter:31,level:18,rank:0,datasize:53,operation:Interpolation
cr:1.14696,iter:31,level:18,rank:0,datasize:559,operation:Post-smoothing
cr:1.02952,iter:31,level:18,rank:0,datasize:109,operation:Interpolation
SZ is downgraded to lossless mode.
SZ is downgraded to lossless mode.
cr:1.02019,iter:31,level:18,rank:0,datasize:922,operation:Post-smoothing
cr:0.959554,iter:31,level:18,rank:0,datasize:172,operation:Interpolation
SZ is downgraded to lossless mode.
cr:1.02718,iter:31,level:18,rank:0,datasize:1559,operation:Post-smoothing
SZ is downgraded to lossless mode.
cr:1.00135,iter:31,level:18,rank:0,datasize:278,operation:Interpolation
SZ is downgraded to lossless mode.
SZ is downgraded to lossless mode.
cr:1.02961,iter:31,level:18,rank:0,datasize:2517,operation:Post-smoothing
SZ is downgraded to lossless mode.
SZ is downgraded to lossless mode.
cr:1.00394,iter:31,level:18,rank:0,datasize:446,operation:Interpolation
SZ is downgraded to lossless mode.
SZ is downgraded to lossless mode.
cr:1.0312,iter:31,level:18,rank:0,datasize:3946,operation:Post-smoothing
SZ is downgraded to lossless mode.
cr:1.01368,iter:31,level:18,rank:0,datasize:630,operation:Interpolation
SZ is downgraded to lossless mode.
SZ is downgraded to lossless mode.
SZ is downgraded to lossless mode.
cr:1.03311,iter:31,level:18,rank:0,datasize:5776,operation:Post-smoothing
SZ is downgraded to lossless mode.
cr:1.02337,iter:31,level:18,rank:0,datasize:1029,operation:Interpolation
SZ is downgraded to lossless mode.
cr:1.86435,iter:31,level:18,rank:0,datasize:8150,operation:Post-smoothing
SZ is downgraded to lossless mode.
cr:1.02714,iter:31,level:18,rank:0,datasize:1471,operation:Interpolation
SZ is downgraded to lossless mode.
cr:2.02948,iter:31,level:18,rank:0,datasize:11188,operation:Post-smoothing
SZ is downgraded to lossless mode.
cr:1.03175,iter:31,level:18,rank:0,datasize:1893,operation:Interpolation
SZ is downgraded to lossless mode.
cr:2.72014,iter:31,level:18,rank:0,datasize:14549,operation:Post-smoothing
SZ is downgraded to lossless mode.
cr:1.03079,iter:31,level:18,rank:0,datasize:2586,operation:Interpolation
SZ is downgraded to lossless mode.
cr:2.59543,iter:31,level:18,rank:0,datasize:18605,operation:Post-smoothing
SZ is downgraded to lossless mode.
SZ is downgraded to lossless mode.
cr:1.03239,iter:31,level:18,rank:0,datasize:3379,operation:Interpolation
cr:2.85377,iter:31,level:18,rank:0,datasize:22756,operation:Post-smoothing
SZ is downgraded to lossless mode.
SZ is downgraded to lossless mode.
cr:1.03361,iter:31,level:18,rank:0,datasize:4524,operation:Interpolation
cr:3.22395,iter:31,level:18,rank:0,datasize:26089,operation:Post-smoothing
cr:1.96703,iter:31,level:18,rank:0,datasize:6309,operation:Interpolation
cr:3.5017,iter:31,level:18,rank:0,datasize:23956,operation:Post-smoothing
cr:2.9235,iter:31,level:18,rank:0,datasize:7767,operation:Interpolation
cr:3.62798,iter:31,level:18,rank:0,datasize:18851,operation:Post-smoothing
cr:2.84156,iter:31,level:18,rank:0,datasize:7371,operation:Interpolation
cr:1.06297,iter:31,level:18,rank:0,datasize:15000,operation:Post-smoothing
cr:1.0633,iter:31,level:18,rank:0,datasize:15000,operation:Residual-Norm
cr:1.0633,iter:32,level:0,rank:0,datasize:15000,operation:Pre-Smoothing
cr:1.0632,iter:32,level:0,rank:0,datasize:15000,operation:Residual
cr:1142.48,iter:32,level:1,rank:0,datasize:18851,operation:Pre-Smoothing
cr:30.7332,iter:32,level:1,rank:0,datasize:18851,operation:Residual
cr:1451.88,iter:32,level:2,rank:0,datasize:23956,operation:Pre-Smoothing
cr:23.492,iter:32,level:2,rank:0,datasize:23956,operation:Residual
cr:1581.15,iter:32,level:3,rank:0,datasize:26089,operation:Pre-Smoothing
cr:15.5895,iter:32,level:3,rank:0,datasize:26089,operation:Residual
cr:1379.15,iter:32,level:4,rank:0,datasize:22756,operation:Pre-Smoothing
cr:11.5352,iter:32,level:4,rank:0,datasize:22756,operation:Residual
cr:1127.58,iter:32,level:5,rank:0,datasize:18605,operation:Pre-Smoothing
cr:8.99607,iter:32,level:5,rank:0,datasize:18605,operation:Residual
cr:888.489,iter:32,level:6,rank:0,datasize:14549,operation:Pre-Smoothing
cr:7.45386,iter:32,level:6,rank:0,datasize:14549,operation:Residual
cr:683.237,iter:32,level:7,rank:0,datasize:11188,operation:Pre-Smoothing
cr:6.15571,iter:32,level:7,rank:0,datasize:11188,operation:Residual
cr:501.538,iter:32,level:8,rank:0,datasize:8150,operation:Pre-Smoothing
cr:5.03669,iter:32,level:8,rank:0,datasize:8150,operation:Residual
cr:363.843,iter:32,level:9,rank:0,datasize:5776,operation:Pre-Smoothing
cr:3.68426,iter:32,level:9,rank:0,datasize:5776,operation:Residual
cr:295.028,iter:32,level:10,rank:0,datasize:3946,operation:Pre-Smoothing
cr:2.95802,iter:32,level:10,rank:0,datasize:3946,operation:Residual
cr:188.187,iter:32,level:11,rank:0,datasize:2517,operation:Pre-Smoothing
cr:2.54114,iter:32,level:11,rank:0,datasize:2517,operation:Residual
cr:116.561,iter:32,level:12,rank:0,datasize:1559,operation:Pre-Smoothing
cr:2.0697,iter:32,level:12,rank:0,datasize:1559,operation:Residual
cr:68.9346,iter:32,level:13,rank:0,datasize:922,operation:Pre-Smoothing
cr:1.70032,iter:32,level:13,rank:0,datasize:922,operation:Residual
cr:41.7944,iter:32,level:14,rank:0,datasize:559,operation:Pre-Smoothing
cr:1.46912,iter:32,level:14,rank:0,datasize:559,operation:Residual
cr:24.3107,iter:32,level:15,rank:0,datasize:313,operation:Pre-Smoothing
cr:1.27625,iter:32,level:15,rank:0,datasize:313,operation:Residual
cr:12.2182,iter:32,level:16,rank:0,datasize:168,operation:Pre-Smoothing
cr:1.32414,iter:32,level:16,rank:0,datasize:168,operation:Residual
cr:4.8,iter:32,level:17,rank:0,datasize:66,operation:Pre-Smoothing
cr:1.13062,iter:32,level:17,rank:0,datasize:66,operation:Residual
cr:0.583942,iter:32,level:18,rank:0,datasize:10,operation:Interpolation
cr:1.06667,iter:32,level:18,rank:0,datasize:66,operation:Post-smoothing
cr:0.737327,iter:32,level:18,rank:0,datasize:20,operation:Interpolation
cr:1.32283,iter:32,level:18,rank:0,datasize:168,operation:Post-smoothing
cr:0.861244,iter:32,level:18,rank:0,datasize:45,operation:Interpolation
cr:1.21553,iter:32,level:18,rank:0,datasize:313,operation:Post-smoothing
cr:0.879668,iter:32,level:18,rank:0,datasize:53,operation:Interpolation
cr:1.17839,iter:32,level:18,rank:0,datasize:559,operation:Post-smoothing
cr:1.06471,iter:32,level:18,rank:0,datasize:109,operation:Interpolation
SZ is downgraded to lossless mode.
SZ is downgraded to lossless mode.
cr:1.02147,iter:32,level:18,rank:0,datasize:922,operation:Post-smoothing
cr:0.959554,iter:32,level:18,rank:0,datasize:172,operation:Interpolation
SZ is downgraded to lossless mode.
cr:1.02633,iter:32,level:18,rank:0,datasize:1559,operation:Post-smoothing
SZ is downgraded to lossless mode.
cr:0.992857,iter:32,level:18,rank:0,datasize:278,operation:Interpolation
SZ is downgraded to lossless mode.
SZ is downgraded to lossless mode.
cr:1.02903,iter:32,level:18,rank:0,datasize:2517,operation:Post-smoothing
SZ is downgraded to lossless mode.
SZ is downgraded to lossless mode.
cr:1.0045,iter:32,level:18,rank:0,datasize:446,operation:Interpolation
SZ is downgraded to lossless mode.
SZ is downgraded to lossless mode.
cr:1.03093,iter:32,level:18,rank:0,datasize:3946,operation:Post-smoothing
SZ is downgraded to lossless mode.
cr:1.01266,iter:32,level:18,rank:0,datasize:630,operation:Interpolation
SZ is downgraded to lossless mode.
SZ is downgraded to lossless mode.
SZ is downgraded to lossless mode.
cr:1.0323,iter:32,level:18,rank:0,datasize:5776,operation:Post-smoothing
SZ is downgraded to lossless mode.
cr:1.0235,iter:32,level:18,rank:0,datasize:1029,operation:Interpolation
SZ is downgraded to lossless mode.
cr:1.93437,iter:32,level:18,rank:0,datasize:8150,operation:Post-smoothing
SZ is downgraded to lossless mode.
SZ is downgraded to lossless mode.
cr:1.02759,iter:32,level:18,rank:0,datasize:1471,operation:Interpolation
cr:2.17867,iter:32,level:18,rank:0,datasize:11188,operation:Post-smoothing
SZ is downgraded to lossless mode.
cr:1.03069,iter:32,level:18,rank:0,datasize:1893,operation:Interpolation
SZ is downgraded to lossless mode.
cr:2.4267,iter:32,level:18,rank:0,datasize:14549,operation:Post-smoothing
SZ is downgraded to lossless mode.
SZ is downgraded to lossless mode.
cr:1.03084,iter:32,level:18,rank:0,datasize:2586,operation:Interpolation
cr:2.64079,iter:32,level:18,rank:0,datasize:18605,operation:Post-smoothing
SZ is downgraded to lossless mode.
SZ is downgraded to lossless mode.
cr:1.03148,iter:32,level:18,rank:0,datasize:3379,operation:Interpolation
cr:3.0241,iter:32,level:18,rank:0,datasize:22756,operation:Post-smoothing
SZ is downgraded to lossless mode.
SZ is downgraded to lossless mode.
cr:1.03279,iter:32,level:18,rank:0,datasize:4524,operation:Interpolation
cr:3.33624,iter:32,level:18,rank:0,datasize:26089,operation:Post-smoothing
cr:2.38627,iter:32,level:18,rank:0,datasize:6309,operation:Interpolation
cr:3.64773,iter:32,level:18,rank:0,datasize:23956,operation:Post-smoothing
cr:3.04618,iter:32,level:18,rank:0,datasize:7767,operation:Interpolation
cr:3.75977,iter:32,level:18,rank:0,datasize:18851,operation:Post-smoothing
cr:2.93417,iter:32,level:18,rank:0,datasize:7371,operation:Interpolation
cr:1.0634,iter:32,level:18,rank:0,datasize:15000,operation:Post-smoothing
cr:1.06293,iter:32,level:18,rank:0,datasize:15000,operation:Residual-Norm
cr:1.06293,iter:33,level:0,rank:0,datasize:15000,operation:Pre-Smoothing
cr:1.06296,iter:33,level:0,rank:0,datasize:15000,operation:Residual
cr:1142.48,iter:33,level:1,rank:0,datasize:18851,operation:Pre-Smoothing
cr:33.0212,iter:33,level:1,rank:0,datasize:18851,operation:Residual
cr:1451.88,iter:33,level:2,rank:0,datasize:23956,operation:Pre-Smoothing
cr:25.2069,iter:33,level:2,rank:0,datasize:23956,operation:Residual
cr:1581.15,iter:33,level:3,rank:0,datasize:26089,operation:Pre-Smoothing
cr:16.2157,iter:33,level:3,rank:0,datasize:26089,operation:Residual
cr:1379.15,iter:33,level:4,rank:0,datasize:22756,operation:Pre-Smoothing
cr:12.2922,iter:33,level:4,rank:0,datasize:22756,operation:Residual
cr:1127.58,iter:33,level:5,rank:0,datasize:18605,operation:Pre-Smoothing
cr:9.38462,iter:33,level:5,rank:0,datasize:18605,operation:Residual
cr:888.489,iter:33,level:6,rank:0,datasize:14549,operation:Pre-Smoothing
cr:7.55302,iter:33,level:6,rank:0,datasize:14549,operation:Residual
cr:683.237,iter:33,level:7,rank:0,datasize:11188,operation:Pre-Smoothing
cr:6.43682,iter:33,level:7,rank:0,datasize:11188,operation:Residual
cr:501.538,iter:33,level:8,rank:0,datasize:8150,operation:Pre-Smoothing
cr:4.70147,iter:33,level:8,rank:0,datasize:8150,operation:Residual
cr:363.843,iter:33,level:9,rank:0,datasize:5776,operation:Pre-Smoothing
cr:3.87618,iter:33,level:9,rank:0,datasize:5776,operation:Residual
cr:295.028,iter:33,level:10,rank:0,datasize:3946,operation:Pre-Smoothing
cr:3.19223,iter:33,level:10,rank:0,datasize:3946,operation:Residual
cr:188.187,iter:33,level:11,rank:0,datasize:2517,operation:Pre-Smoothing
cr:3.00897,iter:33,level:11,rank:0,datasize:2517,operation:Residual
cr:116.561,iter:33,level:12,rank:0,datasize:1559,operation:Pre-Smoothing
cr:2.12001,iter:33,level:12,rank:0,datasize:1559,operation:Residual
cr:68.9346,iter:33,level:13,rank:0,datasize:922,operation:Pre-Smoothing
cr:1.77949,iter:33,level:13,rank:0,datasize:922,operation:Residual
cr:41.7944,iter:33,level:14,rank:0,datasize:559,operation:Pre-Smoothing
cr:1.64412,iter:33,level:14,rank:0,datasize:559,operation:Residual
cr:24.3107,iter:33,level:15,rank:0,datasize:313,operation:Pre-Smoothing
cr:1.2874,iter:33,level:15,rank:0,datasize:313,operation:Residual
cr:12.2182,iter:33,level:16,rank:0,datasize:168,operation:Pre-Smoothing
cr:1.37988,iter:33,level:16,rank:0,datasize:168,operation:Residual
cr:4.8,iter:33,level:17,rank:0,datasize:66,operation:Pre-Smoothing
cr:1.13305,iter:33,level:17,rank:0,datasize:66,operation:Residual
cr:0.583942,iter:33,level:18,rank:0,datasize:10,operation:Interpolation
cr:1.1023,iter:33,level:18,rank:0,datasize:66,operation:Post-smoothing
cr:0.737327,iter:33,level:18,rank:0,datasize:20,operation:Interpolation
cr:1.12941,iter:33,level:18,rank:0,datasize:168,operation:Post-smoothing
cr:0.861244,iter:33,level:18,rank:0,datasize:45,operation:Interpolation
cr:1.17009,iter:33,level:18,rank:0,datasize:313,operation:Post-smoothing
cr:0.879668,iter:33,level:18,rank:0,datasize:53,operation:Interpolation
cr:1.15021,iter:33,level:18,rank:0,datasize:559,operation:Post-smoothing
cr:1.05954,iter:33,level:18,rank:0,datasize:109,operation:Interpolation
SZ is downgraded to lossless mode.
SZ is downgraded to lossless mode.
cr:1.02217,iter:33,level:18,rank:0,datasize:922,operation:Post-smoothing
cr:0.959554,iter:33,level:18,rank:0,datasize:172,operation:Interpolation
SZ is downgraded to lossless mode.
cr:1.02557,iter:SZ is downgraded to lossless mode.
33,level:18,rank:0,datasize:1559,operation:Post-smoothing
cr:0.984071,iter:33,level:18,rank:0,datasize:278,operation:Interpolation
SZ is downgraded to lossless mode.
SZ is downgraded to lossless mode.
cr:1.02955,iter:33,level:18,rank:0,datasize:2517,operation:Post-smoothing
SZ is downgraded to lossless mode.
cr:1.01508,iter:33,level:18,rank:0,datasize:446,operation:Interpolation
SZ is downgraded to lossless mode.
SZ is downgraded to lossless mode.
cr:1.03059,iter:33,level:18,rank:0,datasize:3946,operation:Post-smoothing
SZ is downgraded to lossless mode.
SZ is downgraded to lossless mode.
cr:1.01225,iter:33,level:18,rank:0,datasize:630,operation:Interpolation
cr:1.78637,iter:33,level:18,rank:0,datasize:5776,operation:Post-smoothing
SZ is downgraded to lossless mode.
cr:1.02235,iter:33,level:18,rank:0,datasize:1029,operation:Interpolation
SZ is downgraded to lossless mode.
cr:1.9793,iter:33,level:18,rank:0,datasize:8150,operation:Post-smoothing
SZ is downgraded to lossless mode.
SZ is downgraded to lossless mode.
cr:1.02786,iter:33,level:18,rank:0,datasize:1471,operation:Interpolation
cr:2.26352,iter:33,level:18,rank:0,datasize:11188,operation:Post-smoothing
SZ is downgraded to lossless mode.
cr:1.02929,iter:33,level:18,rank:0,datasize:1893,operation:Interpolation
SZ is downgraded to lossless mode.
cr:2.52401,iter:33,level:18,rank:0,datasize:14549,operation:Post-smoothing
SZ is downgraded to lossless mode.
cr:1.03074,iter:33,level:18,rank:0,datasize:2586,operation:Interpolation
SZ is downgraded to lossless mode.
cr:2.79974,iter:33,level:18,rank:0,datasize:18605,operation:Post-smoothing
SZ is downgraded to lossless mode.
SZ is downgraded to lossless mode.
cr:1.03022,iter:33,level:18,rank:0,datasize:3379,operation:Interpolation
cr:3.12948,iter:33,level:18,rank:0,datasize:22756,operation:Post-smoothing
SZ is downgraded to lossless mode.
SZ is downgraded to lossless mode.
cr:1.03235,iter:33,level:18,rank:0,datasize:4524,operation:Interpolation
cr:3.48539,iter:33,level:18,rank:0,datasize:26089,operation:Post-smoothing
cr:2.14838,iter:33,level:18,rank:0,datasize:6309,operation:Interpolation
cr:3.75633,iter:33,level:18,rank:0,datasize:23956,operation:Post-smoothing
cr:3.12713,iter:33,level:18,rank:0,datasize:7767,operation:Interpolation
cr:3.91455,iter:33,level:18,rank:0,datasize:18851,operation:Post-smoothing
cr:3.09787,iter:33,level:18,rank:0,datasize:7371,operation:Interpolation
cr:1.06303,iter:33,level:18,rank:0,datasize:15000,operation:Post-smoothing
cr:1.06313,iter:33,level:18,rank:0,datasize:15000,operation:Residual-Norm
cr:1.06313,iter:34,level:0,rank:0,datasize:15000,operation:Pre-Smoothing
cr:1.06288,iter:34,level:0,rank:0,datasize:15000,operation:Residual
cr:1142.48,iter:34,level:1,rank:0,datasize:18851,operation:Pre-Smoothing
cr:37.0809,iter:34,level:1,rank:0,datasize:18851,operation:Residual
cr:1451.88,iter:34,level:2,rank:0,datasize:23956,operation:Pre-Smoothing
cr:26.5293,iter:34,level:2,rank:0,datasize:23956,operation:Residual
cr:1581.15,iter:34,level:3,rank:0,datasize:26089,operation:Pre-Smoothing
cr:17.4874,iter:34,level:3,rank:0,datasize:26089,operation:Residual
cr:1379.15,iter:34,level:4,rank:0,datasize:22756,operation:Pre-Smoothing
cr:12.8366,iter:34,level:4,rank:0,datasize:22756,operation:Residual
cr:1127.58,iter:34,level:5,rank:0,datasize:18605,operation:Pre-Smoothing
cr:9.76576,iter:34,level:5,rank:0,datasize:18605,operation:Residual
cr:888.489,iter:34,level:6,rank:0,datasize:14549,operation:Pre-Smoothing
cr:7.41728,iter:34,level:6,rank:0,datasize:14549,operation:Residual
cr:683.237,iter:34,level:7,rank:0,datasize:11188,operation:Pre-Smoothing
cr:6.64667,iter:34,level:7,rank:0,datasize:11188,operation:Residual
cr:501.538,iter:34,level:8,rank:0,datasize:8150,operation:Pre-Smoothing
cr:4.94014,iter:34,level:8,rank:0,datasize:8150,operation:Residual
cr:363.843,iter:34,level:9,rank:0,datasize:5776,operation:Pre-Smoothing
cr:4.04482,iter:34,level:9,rank:0,datasize:5776,operation:Residual
cr:295.028,iter:34,level:10,rank:0,datasize:3946,operation:Pre-Smoothing
cr:3.27639,iter:34,level:10,rank:0,datasize:3946,operation:Residual
cr:188.187,iter:34,level:11,rank:0,datasize:2517,operation:Pre-Smoothing
cr:2.76366,iter:34,level:11,rank:0,datasize:2517,operation:Residual
cr:116.561,iter:34,level:12,rank:0,datasize:1559,operation:Pre-Smoothing
cr:2.23833,iter:34,level:12,rank:0,datasize:1559,operation:Residual
cr:68.9346,iter:34,level:13,rank:0,datasize:922,operation:Pre-Smoothing
cr:2.04208,iter:34,level:13,rank:0,datasize:922,operation:Residual
cr:41.7944,iter:34,level:14,rank:0,datasize:559,operation:Pre-Smoothing
cr:1.72199,iter:34,level:14,rank:0,datasize:559,operation:Residual
cr:24.3107,iter:34,level:15,rank:0,datasize:313,operation:Pre-Smoothing
cr:1.33121,iter:34,level:15,rank:0,datasize:313,operation:Residual
cr:12.2182,iter:34,level:16,rank:0,datasize:168,operation:Pre-Smoothing
cr:1.45455,iter:34,level:16,rank:0,datasize:168,operation:Residual
cr:4.8,iter:34,level:17,rank:0,datasize:66,operation:Pre-Smoothing
cr:1.19728,iter:34,level:17,rank:0,datasize:66,operation:Residual
cr:0.583942,iter:34,level:18,rank:0,datasize:10,operation:Interpolation
cr:1.14286,iter:34,level:18,rank:0,datasize:66,operation:Post-smoothing
cr:0.737327,iter:34,level:18,rank:0,datasize:20,operation:Interpolation
cr:1.13514,iter:34,level:18,rank:0,datasize:168,operation:Post-smoothing
cr:0.861244,iter:34,level:18,rank:0,datasize:45,operation:Interpolation
cr:1.14338,iter:34,level:18,rank:0,datasize:313,operation:Post-smoothing
cr:0.879668,iter:34,level:18,rank:0,datasize:53,operation:Interpolation
cr:1.31375,iter:34,level:18,rank:0,datasize:559,operation:Post-smoothing
cr:1.03933,iter:34,level:18,rank:0,datasize:109,operation:Interpolation
SZ is downgraded to lossless mode.
SZ is downgraded to lossless mode.
cr:1.0209,iter:34,level:18,rank:0,datasize:922,operation:Post-smoothing
cr:0.959554,iter:34,level:18,rank:0,datasize:172,operation:Interpolation
SZ is downgraded to lossless mode.
cr:1.02676,iter:34,level:18,rank:0,datasize:1559,operation:Post-smoothing
SZ is downgraded to lossless mode.
cr:0.992414,iter:34,level:18,rank:0,datasize:278,operation:Interpolation
SZ is downgraded to lossless mode.
SZ is downgraded to lossless mode.
cr:1.02913,iter:34,level:18,rank:0,datasize:2517,operation:Post-smoothing
SZ is downgraded to lossless mode.
cr:1.01943,iter:34,level:18,rank:0,datasize:446,operation:Interpolation
SZ is downgraded to lossless mode.
SZ is downgraded to lossless mode.
cr:1.03099,iter:34,level:18,rank:0,datasize:3946,operation:Post-smoothing
SZ is downgraded to lossless mode.
cr:1.01449,iter:34,level:18,rank:0,datasize:630,operation:Interpolation
SZ is downgraded to lossless mode.
cr:1.87876,iter:34,level:18,rank:0,datasize:5776,operation:Post-smoothing
SZ is downgraded to lossless mode.
SZ is downgraded to lossless mode.
cr:1.02274,iter:34,level:18,rank:0,datasize:1029,operation:Interpolation
cr:2.1016,iter:34,level:18,rank:0,datasize:8150,operation:Post-smoothing
SZ is downgraded to lossless mode.
SZ is downgraded to lossless mode.
cr:1.02536,iter:34,level:18,rank:0,datasize:1471,operation:Interpolation
cr:2.36171,iter:34,level:18,rank:0,datasize:11188,operation:Post-smoothing
SZ is downgraded to lossless mode.
cr:1.02839,iter:34,level:18,rank:0,datasize:1893,operation:Interpolation
SZ is downgraded to lossless mode.
cr:2.60233,iter:34,level:18,rank:0,datasize:14549,operation:Post-smoothing
SZ is downgraded to lossless mode.
cr:1.03012,iter:34,level:18,rank:0,datasize:2586,operation:Interpolation
SZ is downgraded to lossless mode.
cr:2.9186,iter:34,level:18,rank:0,datasize:18605,operation:Post-smoothing
SZ is downgraded to lossless mode.
SZ is downgraded to lossless mode.
cr:1.0301,iter:34,level:18,rank:0,datasize:3379,operation:Interpolation
cr:2.90079,iter:34,level:18,rank:0,datasize:22756,operation:Post-smoothing
cr:1.78717,iter:34,level:18,rank:0,datasize:4524,operation:Interpolation
cr:4.26509,iter:34,level:18,rank:0,datasize:26089,operation:Post-smoothing
cr:2.22913,iter:34,level:18,rank:0,datasize:6309,operation:Interpolation
cr:3.92376,iter:34,level:18,rank:0,datasize:23956,operation:Post-smoothing
cr:3.36307,iter:34,level:18,rank:0,datasize:7767,operation:Interpolation
cr:4.0555,iter:34,level:18,rank:0,datasize:18851,operation:Post-smoothing
cr:3.75568,iter:34,level:18,rank:0,datasize:7371,operation:Interpolation
cr:1.0635,iter:34,level:18,rank:0,datasize:15000,operation:Post-smoothing
cr:1.06309,iter:34,level:18,rank:0,datasize:15000,operation:Residual-Norm
cr:1.06309,iter:35,level:0,rank:0,datasize:15000,operation:Pre-Smoothing
cr:1.06336,iter:35,level:0,rank:0,datasize:15000,operation:Residual
cr:1142.48,iter:35,level:1,rank:0,datasize:18851,operation:Pre-Smoothing
cr:40.6162,iter:35,level:1,rank:0,datasize:18851,operation:Residual
cr:1451.88,iter:35,level:2,rank:0,datasize:23956,operation:Pre-Smoothing
cr:29.6393,iter:35,level:2,rank:0,datasize:23956,operation:Residual
cr:1581.15,iter:35,level:3,rank:0,datasize:26089,operation:Pre-Smoothing
cr:18.5687,iter:35,level:3,rank:0,datasize:26089,operation:Residual
cr:1379.15,iter:35,level:4,rank:0,datasize:22756,operation:Pre-Smoothing
cr:13.4432,iter:35,level:4,rank:0,datasize:22756,operation:Residual
cr:1127.58,iter:35,level:5,rank:0,datasize:18605,operation:Pre-Smoothing
cr:10.3282,iter:35,level:5,rank:0,datasize:18605,operation:Residual
cr:888.489,iter:35,level:6,rank:0,datasize:14549,operation:Pre-Smoothing
cr:7.68264,iter:35,level:6,rank:0,datasize:14549,operation:Residual
cr:683.237,iter:35,level:7,rank:0,datasize:11188,operation:Pre-Smoothing
cr:6.89713,iter:35,level:7,rank:0,datasize:11188,operation:Residual
cr:501.538,iter:35,level:8,rank:0,datasize:8150,operation:Pre-Smoothing
cr:5.64551,iter:35,level:8,rank:0,datasize:8150,operation:Residual
cr:363.843,iter:35,level:9,rank:0,datasize:5776,operation:Pre-Smoothing
cr:3.9004,iter:35,level:9,rank:0,datasize:5776,operation:Residual
cr:295.028,iter:35,level:10,rank:0,datasize:3946,operation:Pre-Smoothing
cr:3.84319,iter:35,level:10,rank:0,datasize:3946,operation:Residual
cr:188.187,iter:35,level:11,rank:0,datasize:2517,operation:Pre-Smoothing
cr:2.90061,iter:35,level:11,rank:0,datasize:2517,operation:Residual
cr:116.561,iter:35,level:12,rank:0,datasize:1559,operation:Pre-Smoothing
cr:2.33865,iter:35,level:12,rank:0,datasize:1559,operation:Residual
cr:68.9346,iter:35,level:13,rank:0,datasize:922,operation:Pre-Smoothing
cr:2.12933,iter:35,level:13,rank:0,datasize:922,operation:Residual
cr:41.7944,iter:35,level:14,rank:0,datasize:559,operation:Pre-Smoothing
cr:1.80906,iter:35,level:14,rank:0,datasize:559,operation:Residual
cr:24.3107,iter:35,level:15,rank:0,datasize:313,operation:Pre-Smoothing
cr:1.39576,iter:35,level:15,rank:0,datasize:313,operation:Residual
cr:12.2182,iter:35,level:16,rank:0,datasize:168,operation:Pre-Smoothing
cr:1.40146,iter:35,level:16,rank:0,datasize:168,operation:Residual
cr:4.8,iter:35,level:17,rank:0,datasize:66,operation:Pre-Smoothing
cr:1.163,iter:35,level:17,rank:0,datasize:66,operation:Residual
cr:0.583942,iter:35,level:18,rank:0,datasize:10,operation:Interpolation
cr:1.13305,iter:35,level:18,rank:0,datasize:66,operation:Post-smoothing
cr:0.737327,iter:35,level:18,rank:0,datasize:20,operation:Interpolation
cr:1.13322,iter:35,level:18,rank:0,datasize:168,operation:Post-smoothing
cr:0.861244,iter:35,level:18,rank:0,datasize:45,operation:Interpolation
cr:1.25956,iter:35,level:18,rank:0,datasize:313,operation:Post-smoothing
cr:0.879668,iter:35,level:18,rank:0,datasize:53,operation:Interpolation
cr:1.26399,iter:35,level:18,rank:0,datasize:559,operation:Post-smoothing
cr:1.08323,iter:35,level:18,rank:0,datasize:109,operation:Interpolation
SZ is downgraded to lossless mode.
cr:1.01991,iter:35,level:18,rank:0,datasize:922,operation:Post-smoothing
SZ is downgraded to lossless mode.
cr:0.960894,iter:35,level:18,rank:0,datasize:172,operation:Interpolation
SZ is downgraded to lossless mode.
SZ is downgraded to lossless mode.
cr:1.02709,iter:35,level:18,rank:0,datasize:1559,operation:Post-smoothing
cr:1.00316,iter:35,level:18,rank:0,datasize:278,operation:Interpolation
SZ is downgraded to lossless mode.
cr:1.02903,iter:35,level:18,rank:0,datasize:2517,operation:Post-smoothing
SZ is downgraded to lossless mode.
cr:1.04358,iter:35,level:18,rank:0,datasize:446,operation:Interpolation
SZ is downgraded to lossless mode.
cr:1.03093,iter:35,level:18,rank:0,datasize:3946,operation:Post-smoothing
SZ is downgraded to lossless mode.
cr:1.01449,iter:35,level:18,rank:0,datasize:630,operation:Interpolation
SZ is downgraded to lossless mode.
cr:1.93105,iter:35,level:18,rank:0,datasize:5776,operation:Post-smoothing
SZ is downgraded to lossless mode.
cr:1.02248,iter:35,level:18,rank:0,datasize:1029,operation:Interpolation
SZ is downgraded to lossless mode.
cr:2.00178,iter:35,level:18,rank:0,datasize:8150,operation:Post-smoothing
SZ is downgraded to lossless mode.
cr:1.02634,iter:35,level:18,rank:0,datasize:1471,operation:Interpolation
SZ is downgraded to lossless mode.
cr:2.39668,iter:35,level:18,rank:0,datasize:11188,operation:Post-smoothing
SZ is downgraded to lossless mode.
cr:1.0288,iter:35,level:18,rank:0,datasize:1893,operation:Interpolation
SZ is downgraded to lossless mode.
cr:2.6766,iter:35,level:18,rank:0,datasize:14549,operation:Post-smoothing
SZ is downgraded to lossless mode.
SZ is downgraded to lossless mode.
cr:1.02946,iter:35,level:18,rank:0,datasize:2586,operation:Interpolation
cr:3.03476,iter:35,level:18,rank:0,datasize:18605,operation:Post-smoothing
SZ is downgraded to lossless mode.
SZ is downgraded to lossless mode.
cr:1.02956,iter:35,level:18,rank:0,datasize:3379,operation:Interpolation
cr:3.29839,iter:35,level:18,rank:0,datasize:22756,operation:Post-smoothing
cr:1.84052,iter:35,level:18,rank:0,datasize:4524,operation:Interpolation
cr:4.40181,iter:35,level:18,rank:0,datasize:26089,operation:Post-smoothing
cr:2.26973,iter:35,level:18,rank:0,datasize:6309,operation:Interpolation
cr:4.81612,iter:35,level:18,rank:0,datasize:23956,operation:Post-smoothing
cr:3.5018,iter:35,level:18,rank:0,datasize:7767,operation:Interpolation
cr:4.24895,iter:35,level:18,rank:0,datasize:18851,operation:Post-smoothing
cr:3.35465,iter:35,level:18,rank:0,datasize:7371,operation:Interpolation
cr:1.0633,iter:35,level:18,rank:0,datasize:15000,operation:Post-smoothing
cr:1.06306,iter:35,level:18,rank:0,datasize:15000,operation:Residual-Norm
cr:1.06306,iter:36,level:0,rank:0,datasize:15000,operation:Pre-Smoothing
cr:1.06302,iter:36,level:0,rank:0,datasize:15000,operation:Residual
cr:1142.48,iter:36,level:1,rank:0,datasize:18851,operation:Pre-Smoothing
cr:37.2182,iter:36,level:1,rank:0,datasize:18851,operation:Residual
cr:1451.88,iter:36,level:2,rank:0,datasize:23956,operation:Pre-Smoothing
cr:32.9179,iter:36,level:2,rank:0,datasize:23956,operation:Residual
cr:1581.15,iter:36,level:3,rank:0,datasize:26089,operation:Pre-Smoothing
cr:19.2699,iter:36,level:3,rank:0,datasize:26089,operation:Residual
cr:1379.15,iter:36,level:4,rank:0,datasize:22756,operation:Pre-Smoothing
cr:14.0773,iter:36,level:4,rank:0,datasize:22756,operation:Residual
cr:1127.58,iter:36,level:5,rank:0,datasize:18605,operation:Pre-Smoothing
cr:10.7489,iter:36,level:5,rank:0,datasize:18605,operation:Residual
cr:888.489,iter:36,level:6,rank:0,datasize:14549,operation:Pre-Smoothing
cr:8.45503,iter:36,level:6,rank:0,datasize:14549,operation:Residual
cr:683.237,iter:36,level:7,rank:0,datasize:11188,operation:Pre-Smoothing
cr:6.4133,iter:36,level:7,rank:0,datasize:11188,operation:Residual
cr:501.538,iter:36,level:8,rank:0,datasize:8150,operation:Pre-Smoothing
cr:5.28877,iter:36,level:8,rank:0,datasize:8150,operation:Residual
cr:363.843,iter:36,level:9,rank:0,datasize:5776,operation:Pre-Smoothing
cr:4.36336,iter:36,level:9,rank:0,datasize:5776,operation:Residual
cr:295.028,iter:36,level:10,rank:0,datasize:3946,operation:Pre-Smoothing
cr:3.51341,iter:36,level:10,rank:0,datasize:3946,operation:Residual
cr:188.187,iter:36,level:11,rank:0,datasize:2517,operation:Pre-Smoothing
cr:2.94128,iter:36,level:11,rank:0,datasize:2517,operation:Residual
cr:116.561,iter:36,level:12,rank:0,datasize:1559,operation:Pre-Smoothing
cr:2.16867,iter:36,level:12,rank:0,datasize:1559,operation:Residual
cr:68.9346,iter:36,level:13,rank:0,datasize:922,operation:Pre-Smoothing
cr:2.21635,iter:36,level:13,rank:0,datasize:922,operation:Residual
cr:41.7944,iter:36,level:14,rank:0,datasize:559,operation:Pre-Smoothing
cr:1.85791,iter:36,level:14,rank:0,datasize:559,operation:Residual
cr:24.3107,iter:36,level:15,rank:0,datasize:313,operation:Pre-Smoothing
cr:1.38957,iter:36,level:15,rank:0,datasize:313,operation:Residual
cr:12.2182,iter:36,level:16,rank:0,datasize:168,operation:Pre-Smoothing
cr:1.40881,iter:36,level:16,rank:0,datasize:168,operation:Residual
cr:4.8,iter:36,level:17,rank:0,datasize:66,operation:Pre-Smoothing
cr:1.19187,iter:36,level:17,rank:0,datasize:66,operation:Residual
cr:0.583942,iter:36,level:18,rank:0,datasize:10,operation:Interpolation
cr:1.12102,iter:36,level:18,rank:0,datasize:66,operation:Post-smoothing
cr:0.737327,iter:36,level:18,rank:0,datasize:20,operation:Interpolation
cr:1.41922,iter:36,level:18,rank:0,datasize:168,operation:Post-smoothing
cr:0.861244,iter:36,level:18,rank:0,datasize:45,operation:Interpolation
cr:1.23289,iter:36,level:18,rank:0,datasize:313,operation:Post-smoothing
cr:0.879668,iter:36,level:18,rank:0,datasize:53,operation:Interpolation
cr:1.30227,iter:36,level:18,rank:0,datasize:559,operation:Post-smoothing
cr:1.06863,iter:36,level:18,rank:0,datasize:109,operation:Interpolation
SZ is downgraded to lossless mode.
SZ is downgraded to lossless mode.
cr:1.0209,iter:36,level:18,rank:0,datasize:922,operation:Post-smoothing
cr:0.959554,iter:36,level:18,rank:0,datasize:172,operation:Interpolation
SZ is downgraded to lossless mode.
SZ is downgraded to lossless mode.
cr:1.02718,iter:36,level:18,rank:0,datasize:1559,operation:Post-smoothing
cr:1.02488,iter:36,level:18,rank:0,datasize:278,operation:Interpolation
SZ is downgraded to lossless mode.
cr:1.02955,iter:36,level:18,rank:0,datasize:2517,operation:Post-smoothing
SZ is downgraded to lossless mode.
SZ is downgraded to lossless mode.
cr:1.07892,iter:36,level:18,rank:0,datasize:446,operation:Interpolation
cr:1.76004,iter:36,level:18,rank:0,datasize:3946,operation:Post-smoothing
SZ is downgraded to lossless mode.
cr:1.01429,iter:36,level:18,rank:0,datasize:630,operation:Interpolation
SZ is downgraded to lossless mode.
cr:1.99732,iter:36,level:18,rank:0,datasize:5776,operation:Post-smoothing
SZ is downgraded to lossless mode.
cr:1.02147,iter:36,level:18,rank:0,datasize:1029,operation:Interpolation
SZ is downgraded to lossless mode.
cr:2.20122,iter:36,level:18,rank:0,datasize:8150,operation:Post-smoothing
SZ is downgraded to lossless mode.
SZ is downgraded to lossless mode.
cr:1.02589,iter:36,level:18,rank:0,datasize:1471,operation:Interpolation
cr:2.50403,iter:36,level:18,rank:0,datasize:11188,operation:Post-smoothing
SZ is downgraded to lossless mode.
cr:1.02762,iter:36,level:18,rank:0,datasize:1893,operation:Interpolation
SZ is downgraded to lossless mode.
cr:2.77626,iter:36,level:18,rank:0,datasize:14549,operation:Post-smoothing
SZ is downgraded to lossless mode.
cr:1.02874,iter:36,level:18,rank:0,datasize:2586,operation:Interpolation
SZ is downgraded to lossless mode.
cr:3.06665,iter:36,level:18,rank:0,datasize:18605,operation:Post-smoothing
SZ is downgraded to lossless mode.
cr:1.03007,iter:36,level:18,rank:0,datasize:3379,operation:Interpolation
cr:3.48011,iter:36,level:18,rank:0,datasize:22756,operation:Post-smoothing
cr:1.87436,iter:36,level:18,rank:0,datasize:4524,operation:Interpolation
cr:4.5655,iter:36,level:18,rank:0,datasize:26089,operation:Post-smoothing
cr:2.39989,iter:36,level:18,rank:0,datasize:6309,operation:Interpolation
cr:4.96884,iter:36,level:18,rank:0,datasize:23956,operation:Post-smoothing
cr:3.6793,iter:36,level:18,rank:0,datasize:7767,operation:Interpolation
cr:4.34781,iter:36,level:18,rank:0,datasize:18851,operation:Post-smoothing
cr:3.43857,iter:36,level:18,rank:0,datasize:7371,operation:Interpolation
cr:1.06319,iter:36,level:18,rank:0,datasize:15000,operation:Post-smoothing
cr:1.06298,iter:36,level:18,rank:0,datasize:15000,operation:Residual-Norm
cr:1.06298,iter:37,level:0,rank:0,datasize:15000,operation:Pre-Smoothing
cr:1.06288,iter:37,level:0,rank:0,datasize:15000,operation:Residual
cr:1142.48,iter:37,level:1,rank:0,datasize:18851,operation:Pre-Smoothing
cr:48.5538,iter:37,level:1,rank:0,datasize:18851,operation:Residual
cr:1451.88,iter:37,level:2,rank:0,datasize:23956,operation:Pre-Smoothing
cr:35.3725,iter:37,level:2,rank:0,datasize:23956,operation:Residual
cr:1581.15,iter:37,level:3,rank:0,datasize:26089,operation:Pre-Smoothing
cr:20.7199,iter:37,level:3,rank:0,datasize:26089,operation:Residual
cr:1379.15,iter:37,level:4,rank:0,datasize:22756,operation:Pre-Smoothing
cr:14.7934,iter:37,level:4,rank:0,datasize:22756,operation:Residual
cr:1127.58,iter:37,level:5,rank:0,datasize:18605,operation:Pre-Smoothing
cr:11.3324,iter:37,level:5,rank:0,datasize:18605,operation:Residual
cr:888.489,iter:37,level:6,rank:0,datasize:14549,operation:Pre-Smoothing
cr:8.19028,iter:37,level:6,rank:0,datasize:14549,operation:Residual
cr:683.237,iter:37,level:7,rank:0,datasize:11188,operation:Pre-Smoothing
cr:6.65655,iter:37,level:7,rank:0,datasize:11188,operation:Residual
cr:501.538,iter:37,level:8,rank:0,datasize:8150,operation:Pre-Smoothing
cr:6.04375,iter:37,level:8,rank:0,datasize:8150,operation:Residual
cr:363.843,iter:37,level:9,rank:0,datasize:5776,operation:Pre-Smoothing
cr:4.05014,iter:37,level:9,rank:0,datasize:5776,operation:Residual
cr:295.028,iter:37,level:10,rank:0,datasize:3946,operation:Pre-Smoothing
cr:3.82179,iter:37,level:10,rank:0,datasize:3946,operation:Residual
cr:188.187,iter:37,level:11,rank:0,datasize:2517,operation:Pre-Smoothing
cr:3.61184,iter:37,level:11,rank:0,datasize:2517,operation:Residual
cr:116.561,iter:37,level:12,rank:0,datasize:1559,operation:Pre-Smoothing
cr:2.46385,iter:37,level:12,rank:0,datasize:1559,operation:Residual
cr:68.9346,iter:37,level:13,rank:0,datasize:922,operation:Pre-Smoothing
cr:2.07775,iter:37,level:13,rank:0,datasize:922,operation:Residual
cr:41.7944,iter:37,level:14,rank:0,datasize:559,operation:Pre-Smoothing
cr:1.94097,iter:37,level:14,rank:0,datasize:559,operation:Residual
cr:24.3107,iter:37,level:15,rank:0,datasize:313,operation:Pre-Smoothing
cr:1.45328,iter:37,level:15,rank:0,datasize:313,operation:Residual
cr:12.2182,iter:37,level:16,rank:0,datasize:168,operation:Pre-Smoothing
cr:1.59242,iter:37,level:16,rank:0,datasize:168,operation:Residual
cr:4.8,iter:37,level:17,rank:0,datasize:66,operation:Pre-Smoothing
cr:1.20273,iter:37,level:17,rank:0,datasize:66,operation:Residual
cr:0.583942,iter:37,level:18,rank:0,datasize:10,operation:Interpolation
cr:1.24528,iter:37,level:18,rank:0,datasize:66,operation:Post-smoothing
cr:0.737327,iter:37,level:18,rank:0,datasize:20,operation:Interpolation
cr:1.41922,iter:37,level:18,rank:0,datasize:168,operation:Post-smoothing
cr:0.891089,iter:37,level:18,rank:0,datasize:45,operation:Interpolation
cr:1.35425,iter:37,level:18,rank:0,datasize:313,operation:Post-smoothing
cr:0.879668,iter:37,level:18,rank:0,datasize:53,operation:Interpolation
cr:1.40939,iter:37,level:18,rank:0,datasize:559,operation:Post-smoothing
cr:1.08728,iter:37,level:18,rank:0,datasize:109,operation:Interpolation
SZ is downgraded to lossless mode.
cr:1.36719,iter:37,level:18,rank:0,datasize:922,operation:Post-smoothing
cr:0.977967,iter:37,level:18,rank:0,datasize:172,operation:Interpolation
SZ is downgraded to lossless mode.
cr:1.02667,iter:37,level:18,rank:0,datasize:1559,operation:Post-smoothing
SZ is downgraded to lossless mode.
cr:1.0146,iter:37,level:18,rank:0,datasize:278,operation:Interpolation
cr:1.66868,iter:37,level:18,rank:0,datasize:2517,operation:Post-smoothing
cr:1.05282,iter:37,level:18,rank:0,datasize:446,operation:Interpolation
cr:1.74418,iter:37,level:18,rank:0,datasize:3946,operation:Post-smoothing
SZ is downgraded to lossless mode.
cr:1.01245,iter:37,level:18,rank:0,datasize:630,operation:Interpolation
SZ is downgraded to lossless mode.
cr:2.10784,iter:37,level:18,rank:0,datasize:5776,operation:Post-smoothing
SZ is downgraded to lossless mode.
cr:1.02197,iter:37,level:18,rank:0,datasize:1029,operation:Interpolation
SZ is downgraded to lossless mode.
cr:2.28684,iter:37,level:18,rank:0,datasize:8150,operation:Post-smoothing
SZ is downgraded to lossless mode.
cr:1.02589,iter:37,level:18,rank:0,datasize:1471,operation:Interpolation
SZ is downgraded to lossless mode.
cr:2.68104,iter:37,level:18,rank:0,datasize:11188,operation:Post-smoothing
SZ is downgraded to lossless mode.
cr:1.02741,iter:37,level:18,rank:0,datasize:1893,operation:Interpolation
SZ is downgraded to lossless mode.
cr:2.93823,iter:37,level:18,rank:0,datasize:14549,operation:Post-smoothing
SZ is downgraded to lossless mode.
cr:1.02915,iter:37,level:18,rank:0,datasize:2586,operation:Interpolation
SZ is downgraded to lossless mode.
cr:3.17451,iter:37,level:18,rank:0,datasize:18605,operation:Post-smoothing
cr:1.71697,iter:37,level:18,rank:0,datasize:3379,operation:Interpolation
cr:3.53917,iter:37,level:18,rank:0,datasize:22756,operation:Post-smoothing
cr:1.97976,iter:37,level:18,rank:0,datasize:4524,operation:Interpolation
cr:3.97532,iter:37,level:18,rank:0,datasize:26089,operation:Post-smoothing
cr:2.11871,iter:37,level:18,rank:0,datasize:6309,operation:Interpolation
cr:4.26728,iter:37,level:18,rank:0,datasize:23956,operation:Post-smoothing
cr:3.94865,iter:37,level:18,rank:0,datasize:7767,operation:Interpolation
cr:4.4866,iter:37,level:18,rank:0,datasize:18851,operation:Post-smoothing
cr:4.30706,iter:37,level:18,rank:0,datasize:7371,operation:Interpolation
cr:1.06332,iter:37,level:18,rank:0,datasize:15000,operation:Post-smoothing
cr:1.06298,iter:37,level:18,rank:0,datasize:15000,operation:Residual-Norm
cr:1.06298,iter:38,level:0,rank:0,datasize:15000,operation:Pre-Smoothing
cr:1.06317,iter:38,level:0,rank:0,datasize:15000,operation:Residual
cr:1142.48,iter:38,level:1,rank:0,datasize:18851,operation:Pre-Smoothing
cr:52.8965,iter:38,level:1,rank:0,datasize:18851,operation:Residual
cr:1451.88,iter:38,level:2,rank:0,datasize:23956,operation:Pre-Smoothing
cr:38.6309,iter:38,level:2,rank:0,datasize:23956,operation:Residual
cr:1581.15,iter:38,level:3,rank:0,datasize:26089,operation:Pre-Smoothing
cr:22.1164,iter:38,level:3,rank:0,datasize:26089,operation:Residual
cr:1379.15,iter:38,level:4,rank:0,datasize:22756,operation:Pre-Smoothing
cr:15.5305,iter:38,level:4,rank:0,datasize:22756,operation:Residual
cr:1127.58,iter:38,level:5,rank:0,datasize:18605,operation:Pre-Smoothing
cr:11.8202,iter:38,level:5,rank:0,datasize:18605,operation:Residual
cr:888.489,iter:38,level:6,rank:0,datasize:14549,operation:Pre-Smoothing
cr:9.09668,iter:38,level:6,rank:0,datasize:14549,operation:Residual
cr:683.237,iter:38,level:7,rank:0,datasize:11188,operation:Pre-Smoothing
cr:7.71387,iter:38,level:7,rank:0,datasize:11188,operation:Residual
cr:501.538,iter:38,level:8,rank:0,datasize:8150,operation:Pre-Smoothing
cr:6.33563,iter:38,level:8,rank:0,datasize:8150,operation:Residual
cr:363.843,iter:38,level:9,rank:0,datasize:5776,operation:Pre-Smoothing
cr:4.74951,iter:38,level:9,rank:0,datasize:5776,operation:Residual
cr:295.028,iter:38,level:10,rank:0,datasize:3946,operation:Pre-Smoothing
cr:3.94946,iter:38,level:10,rank:0,datasize:3946,operation:Residual
cr:188.187,iter:38,level:11,rank:0,datasize:2517,operation:Pre-Smoothing
cr:3.71102,iter:38,level:11,rank:0,datasize:2517,operation:Residual
cr:116.561,iter:38,level:12,rank:0,datasize:1559,operation:Pre-Smoothing
cr:2.95335,iter:38,level:12,rank:0,datasize:1559,operation:Residual
cr:68.9346,iter:38,level:13,rank:0,datasize:922,operation:Pre-Smoothing
cr:2.069,iter:38,level:13,rank:0,datasize:922,operation:Residual
cr:41.7944,iter:38,level:14,rank:0,datasize:559,operation:Pre-Smoothing
cr:1.97614,iter:38,level:14,rank:0,datasize:559,operation:Residual
cr:24.3107,iter:38,level:15,rank:0,datasize:313,operation:Pre-Smoothing
cr:1.47208,iter:38,level:15,rank:0,datasize:313,operation:Residual
cr:12.2182,iter:38,level:16,rank:0,datasize:168,operation:Pre-Smoothing
cr:1.57377,iter:38,level:16,rank:0,datasize:168,operation:Residual
cr:4.8,iter:38,level:17,rank:0,datasize:66,operation:Pre-Smoothing
cr:1.49575,iter:38,level:17,rank:0,datasize:66,operation:Residual
cr:0.583942,iter:38,level:18,rank:0,datasize:10,operation:Interpolation
cr:1.31017,iter:38,level:18,rank:0,datasize:66,operation:Post-smoothing
cr:0.737327,iter:38,level:18,rank:0,datasize:20,operation:Interpolation
cr:1.4514,iter:38,level:18,rank:0,datasize:168,operation:Post-smoothing
cr:0.861244,iter:38,level:18,rank:0,datasize:45,operation:Interpolation
cr:1.25451,iter:38,level:18,rank:0,datasize:313,operation:Post-smoothing
cr:0.92779,iter:38,level:18,rank:0,datasize:53,operation:Interpolation
cr:1.4384,iter:38,level:18,rank:0,datasize:559,operation:Post-smoothing
cr:1.05954,iter:38,level:18,rank:0,datasize:109,operation:Interpolation
cr:1.39433,iter:38,level:18,rank:0,datasize:922,operation:Post-smoothing
cr:0.962238,iter:38,level:18,rank:0,datasize:172,operation:Interpolation
SZ is downgraded to lossless mode.
cr:1.53275,iter:38,level:18,rank:0,datasize:1559,operation:Post-smoothing
cr:1.04413,iter:38,level:18,rank:0,datasize:278,operation:Interpolation
cr:1.73287,iter:38,level:18,rank:0,datasize:2517,operation:Post-smoothing
SZ is downgraded to lossless mode.
cr:1.07179,iter:38,level:18,rank:0,datasize:446,operation:Interpolation
cr:1.93966,iter:38,level:18,rank:0,datasize:3946,operation:Post-smoothing
SZ is downgraded to lossless mode.
cr:1.01307,iter:38,level:18,rank:0,datasize:630,operation:Interpolation
SZ is downgraded to lossless mode.
cr:2.51458,iter:38,level:18,rank:0,datasize:5776,operation:Post-smoothing
SZ is downgraded to lossless mode.
cr:1.02261,iter:38,level:18,rank:0,datasize:1029,operation:Interpolation
SZ is downgraded to lossless mode.
cr:2.8101,iter:38,level:18,rank:0,datasize:8150,operation:Post-smoothing
SZ is downgraded to lossless mode.
cr:1.02634,iter:38,level:18,rank:0,datasize:1471,operation:Interpolation
SZ is downgraded to lossless mode.
cr:2.6912,iter:38,level:18,rank:0,datasize:11188,operation:Post-smoothing
SZ is downgraded to lossless mode.
cr:1.02734,iter:38,level:18,rank:0,datasize:1893,operation:Interpolation
SZ is downgraded to lossless mode.
cr:3.04675,iter:38,level:18,rank:0,datasize:14549,operation:Post-smoothing
SZ is downgraded to lossless mode.
SZ is downgraded to lossless mode.
cr:1.02859,iter:38,level:18,rank:0,datasize:2586,operation:Interpolation
cr:3.37483,iter:38,level:18,rank:0,datasize:18605,operation:Post-smoothing
cr:1.76173,iter:38,level:18,rank:0,datasize:3379,operation:Interpolation
cr:3.61572,iter:38,level:18,rank:0,datasize:22756,operation:Post-smoothing
cr:2.40542,iter:38,level:18,rank:0,datasize:4524,operation:Interpolation
cr:4.75697,iter:38,level:18,rank:0,datasize:26089,operation:Post-smoothing
cr:3.07175,iter:38,level:18,rank:0,datasize:6309,operation:Interpolation
cr:5.31735,iter:38,level:18,rank:0,datasize:23956,operation:Post-smoothing
cr:3.93141,iter:38,level:18,rank:0,datasize:7767,operation:Interpolation
cr:4.68814,iter:38,level:18,rank:0,datasize:18851,operation:Post-smoothing
cr:5.17626,iter:38,level:18,rank:0,datasize:7371,operation:Interpolation
cr:1.0631,iter:38,level:18,rank:0,datasize:15000,operation:Post-smoothing
cr:1.06293,iter:38,level:18,rank:0,datasize:15000,operation:Residual-Norm
cr:1.06293,iter:39,level:0,rank:0,datasize:15000,operation:Pre-Smoothing
cr:1.06295,iter:39,level:0,rank:0,datasize:15000,operation:Residual
cr:1142.48,iter:39,level:1,rank:0,datasize:18851,operation:Pre-Smoothing
cr:49.3805,iter:39,level:1,rank:0,datasize:18851,operation:Residual
cr:1451.88,iter:39,level:2,rank:0,datasize:23956,operation:Pre-Smoothing
cr:42.2877,iter:39,level:2,rank:0,datasize:23956,operation:Residual
cr:1581.15,iter:39,level:3,rank:0,datasize:26089,operation:Pre-Smoothing
cr:20.5122,iter:39,level:3,rank:0,datasize:26089,operation:Residual
cr:1379.15,iter:39,level:4,rank:0,datasize:22756,operation:Pre-Smoothing
cr:16.3082,iter:39,level:4,rank:0,datasize:22756,operation:Residual
cr:1127.58,iter:39,level:5,rank:0,datasize:18605,operation:Pre-Smoothing
cr:12.2917,iter:39,level:5,rank:0,datasize:18605,operation:Residual
cr:888.489,iter:39,level:6,rank:0,datasize:14549,operation:Pre-Smoothing
cr:9.78413,iter:39,level:6,rank:0,datasize:14549,operation:Residual
cr:683.237,iter:39,level:7,rank:0,datasize:11188,operation:Pre-Smoothing
cr:7.99428,iter:39,level:7,rank:0,datasize:11188,operation:Residual
cr:501.538,iter:39,level:8,rank:0,datasize:8150,operation:Pre-Smoothing
cr:6.59052,iter:39,level:8,rank:0,datasize:8150,operation:Residual
cr:363.843,iter:39,level:9,rank:0,datasize:5776,operation:Pre-Smoothing
cr:4.92885,iter:39,level:9,rank:0,datasize:5776,operation:Residual
cr:295.028,iter:39,level:10,rank:0,datasize:3946,operation:Pre-Smoothing
cr:3.61645,iter:39,level:10,rank:0,datasize:3946,operation:Residual
cr:188.187,iter:39,level:11,rank:0,datasize:2517,operation:Pre-Smoothing
cr:3.87231,iter:39,level:11,rank:0,datasize:2517,operation:Residual
cr:116.561,iter:39,level:12,rank:0,datasize:1559,operation:Pre-Smoothing
cr:2.62513,iter:39,level:12,rank:0,datasize:1559,operation:Residual
cr:68.9346,iter:39,level:13,rank:0,datasize:922,operation:Pre-Smoothing
cr:2.476,iter:39,level:13,rank:0,datasize:922,operation:Residual
cr:41.7944,iter:39,level:14,rank:0,datasize:559,operation:Pre-Smoothing
cr:2.05515,iter:39,level:14,rank:0,datasize:559,operation:Residual
cr:24.3107,iter:39,level:15,rank:0,datasize:313,operation:Pre-Smoothing
cr:1.8631,iter:39,level:15,rank:0,datasize:313,operation:Residual
cr:12.2182,iter:39,level:16,rank:0,datasize:168,operation:Pre-Smoothing
cr:1.66131,iter:39,level:16,rank:0,datasize:168,operation:Residual
cr:4.8,iter:39,level:17,rank:0,datasize:66,operation:Pre-Smoothing
cr:1.20824,iter:39,level:17,rank:0,datasize:66,operation:Residual
cr:0.583942,iter:39,level:18,rank:0,datasize:10,operation:Interpolation
cr:1.22791,iter:39,level:18,rank:0,datasize:66,operation:Post-smoothing
cr:0.737327,iter:39,level:18,rank:0,datasize:20,operation:Interpolation
cr:1.45297,iter:39,level:18,rank:0,datasize:168,operation:Post-smoothing
cr:0.884521,iter:39,level:18,rank:0,datasize:45,operation:Interpolation
cr:1.30553,iter:39,level:18,rank:0,datasize:313,operation:Post-smoothing
cr:0.883333,iter:39,level:18,rank:0,datasize:53,operation:Interpolation
cr:1.36051,iter:39,level:18,rank:0,datasize:559,operation:Post-smoothing
cr:1.08728,iter:39,level:18,rank:0,datasize:109,operation:Interpolation
SZ is downgraded to lossless mode.
cr:1.02317,iter:39,level:18,rank:0,datasize:922,operation:Post-smoothing
cr:0.98356,iter:39,level:18,rank:0,datasize:172,operation:Interpolation
cr:1.63825,iter:39,level:18,rank:0,datasize:1559,operation:Post-smoothing
cr:1.0325,iter:39,level:18,rank:0,datasize:278,operation:Interpolation
cr:1.78606,iter:39,level:18,rank:0,datasize:2517,operation:Post-smoothing
cr:1.07341,iter:39,level:18,rank:0,datasize:446,operation:Interpolation
cr:1.84792,iter:39,level:18,rank:0,datasize:3946,operation:Post-smoothing
SZ is downgraded to lossless mode.
SZ is downgraded to lossless mode.
cr:1.01286,iter:39,level:18,rank:0,datasize:630,operation:Interpolation
cr:2.20374,iter:39,level:18,rank:0,datasize:5776,operation:Post-smoothing
SZ is downgraded to lossless mode.
SZ is downgraded to lossless mode.
cr:1.02261,iter:39,level:18,rank:0,datasize:1029,operation:Interpolation
cr:2.44515,iter:39,level:18,rank:0,datasize:8150,operation:Post-smoothing
SZ is downgraded to lossless mode.
SZ is downgraded to lossless mode.
cr:1.02553,iter:39,level:18,rank:0,datasize:1471,operation:Interpolation
cr:2.80392,iter:39,level:18,rank:0,datasize:11188,operation:Post-smoothing
SZ is downgraded to lossless mode.
cr:1.02734,iter:39,level:18,rank:0,datasize:1893,operation:Interpolation
SZ is downgraded to lossless mode.
cr:3.08111,iter:39,level:18,rank:0,datasize:14549,operation:Post-smoothing
SZ is downgraded to lossless mode.
cr:1.02997,iter:39,level:18,rank:0,datasize:2586,operation:Interpolation
SZ is downgraded to lossless mode.
cr:3.41235,iter:39,level:18,rank:0,datasize:18605,operation:Post-smoothing
cr:1.81997,iter:39,level:18,rank:0,datasize:3379,operation:Interpolation
cr:3.82237,iter:39,level:18,rank:0,datasize:22756,operation:Post-smoothing
cr:2.15891,iter:39,level:18,rank:0,datasize:4524,operation:Interpolation
cr:5.01567,iter:39,level:18,rank:0,datasize:26089,operation:Post-smoothing
cr:2.63768,iter:39,level:18,rank:0,datasize:6309,operation:Interpolation
cr:4.65968,iter:39,level:18,rank:0,datasize:23956,operation:Post-smoothing
cr:4.11143,iter:39,level:18,rank:0,datasize:7767,operation:Interpolation
cr:5.75845,iter:39,level:18,rank:0,datasize:18851,operation:Post-smoothing
cr:4.57755,iter:39,level:18,rank:0,datasize:7371,operation:Interpolation
cr:1.06305,iter:39,level:18,rank:0,datasize:15000,operation:Post-smoothing
cr:1.06309,iter:39,level:18,rank:0,datasize:15000,operation:Residual-Norm
cr:1.06309,iter:40,level:0,rank:0,datasize:15000,operation:Pre-Smoothing
cr:1.06302,iter:40,level:0,rank:0,datasize:15000,operation:Residual
cr:1142.48,iter:40,level:1,rank:0,datasize:18851,operation:Pre-Smoothing
cr:51.6997,iter:40,level:1,rank:0,datasize:18851,operation:Residual
cr:1451.88,iter:40,level:2,rank:0,datasize:23956,operation:Pre-Smoothing
cr:45.9808,iter:40,level:2,rank:0,datasize:23956,operation:Residual
cr:1581.15,iter:40,level:3,rank:0,datasize:26089,operation:Pre-Smoothing
cr:25.4155,iter:40,level:3,rank:0,datasize:26089,operation:Residual
cr:1379.15,iter:40,level:4,rank:0,datasize:22756,operation:Pre-Smoothing
cr:17.0457,iter:40,level:4,rank:0,datasize:22756,operation:Residual
cr:1127.58,iter:40,level:5,rank:0,datasize:18605,operation:Pre-Smoothing
cr:12.5837,iter:40,level:5,rank:0,datasize:18605,operation:Residual
cr:888.489,iter:40,level:6,rank:0,datasize:14549,operation:Pre-Smoothing
cr:10.1537,iter:40,level:6,rank:0,datasize:14549,operation:Residual
cr:683.237,iter:40,level:7,rank:0,datasize:11188,operation:Pre-Smoothing
cr:8.27898,iter:40,level:7,rank:0,datasize:11188,operation:Residual
cr:501.538,iter:40,level:8,rank:0,datasize:8150,operation:Pre-Smoothing
cr:6.253,iter:40,level:8,rank:0,datasize:8150,operation:Residual
cr:363.843,iter:40,level:9,rank:0,datasize:5776,operation:Pre-Smoothing
cr:5.10304,iter:40,level:9,rank:0,datasize:5776,operation:Residual
cr:295.028,iter:40,level:10,rank:0,datasize:3946,operation:Pre-Smoothing
cr:4.74707,iter:40,level:10,rank:0,datasize:3946,operation:Residual
cr:188.187,iter:40,level:11,rank:0,datasize:2517,operation:Pre-Smoothing
cr:2.76936,iter:40,level:11,rank:0,datasize:2517,operation:Residual
cr:116.561,iter:40,level:12,rank:0,datasize:1559,operation:Pre-Smoothing
cr:3.27263,iter:40,level:12,rank:0,datasize:1559,operation:Residual
cr:68.9346,iter:40,level:13,rank:0,datasize:922,operation:Pre-Smoothing
cr:2.60636,iter:40,level:13,rank:0,datasize:922,operation:Residual
cr:41.7944,iter:40,level:14,rank:0,datasize:559,operation:Pre-Smoothing
cr:1.89975,iter:40,level:14,rank:0,datasize:559,operation:Residual
cr:24.3107,iter:40,level:15,rank:0,datasize:313,operation:Pre-Smoothing
cr:1.45836,iter:40,level:15,rank:0,datasize:313,operation:Residual
cr:12.2182,iter:40,level:16,rank:0,datasize:168,operation:Pre-Smoothing
cr:1.71867,iter:40,level:16,rank:0,datasize:168,operation:Residual
cr:4.8,iter:40,level:17,rank:0,datasize:66,operation:Pre-Smoothing
cr:1.31017,iter:40,level:17,rank:0,datasize:66,operation:Residual
cr:0.583942,iter:40,level:18,rank:0,datasize:10,operation:Interpolation
cr:1.24528,iter:40,level:18,rank:0,datasize:66,operation:Post-smoothing
cr:0.737327,iter:40,level:18,rank:0,datasize:20,operation:Interpolation
cr:1.63902,iter:40,level:18,rank:0,datasize:168,operation:Post-smoothing
cr:0.913706,iter:40,level:18,rank:0,datasize:45,operation:Interpolation
cr:1.33262,iter:40,level:18,rank:0,datasize:313,operation:Post-smoothing
cr:0.879668,iter:40,level:18,rank:0,datasize:53,operation:Interpolation
cr:1.55819,iter:40,level:18,rank:0,datasize:559,operation:Post-smoothing
cr:1.10101,iter:40,level:18,rank:0,datasize:109,operation:Interpolation
cr:1.47697,iter:40,level:18,rank:0,datasize:922,operation:Post-smoothing
cr:1,iter:40,level:18,rank:0,datasize:172,operation:Interpolation
cr:1.65411,iter:40,level:18,rank:0,datasize:1559,operation:Post-smoothing
cr:1.11256,iter:40,level:18,rank:0,datasize:278,operation:Interpolation
cr:2.11713,iter:40,level:18,rank:0,datasize:2517,operation:Post-smoothing
SZ is downgraded to lossless mode.
cr:1.05375,iter:40,level:18,rank:0,datasize:446,operation:Interpolation
cr:2.04841,iter:40,level:18,rank:0,datasize:3946,operation:Post-smoothing
SZ is downgraded to lossless mode.
cr:1.01307,iter:40,level:18,rank:0,datasize:630,operation:Interpolation
SZ is downgraded to lossless mode.
cr:2.36153,iter:40,level:18,rank:0,datasize:5776,operation:Post-smoothing
SZ is downgraded to lossless mode.
SZ is downgraded to lossless mode.
cr:1.02274,iter:40,level:18,rank:0,datasize:1029,operation:Interpolation
cr:2.61218,iter:40,level:18,rank:0,datasize:8150,operation:Post-smoothing
SZ is downgraded to lossless mode.
SZ is downgraded to lossless mode.
cr:1.02544,iter:40,level:18,rank:0,datasize:1471,operation:Interpolation
cr:2.98148,iter:40,level:18,rank:0,datasize:11188,operation:Post-smoothing
SZ is downgraded to lossless mode.
cr:1.02839,iter:40,level:18,rank:0,datasize:1893,operation:Interpolation
SZ is downgraded to lossless mode.
cr:3.19013,iter:40,level:18,rank:0,datasize:14549,operation:Post-smoothing
cr:1.65504,iter:40,level:18,rank:0,datasize:2586,operation:Interpolation
cr:3.54575,iter:40,level:18,rank:0,datasize:18605,operation:Post-smoothing
cr:1.9244,iter:40,level:18,rank:0,datasize:3379,operation:Interpolation
cr:4.66013,iter:40,level:18,rank:0,datasize:22756,operation:Post-smoothing
cr:2.22665,iter:40,level:18,rank:0,datasize:4524,operation:Interpolation
cr:5.09016,iter:40,level:18,rank:0,datasize:26089,operation:Post-smoothing
cr:3.35942,iter:40,level:18,rank:0,datasize:6309,operation:Interpolation
cr:4.79648,iter:40,level:18,rank:0,datasize:23956,operation:Post-smoothing
cr:4.46283,iter:40,level:18,rank:0,datasize:7767,operation:Interpolation
cr:5.036,iter:40,level:18,rank:0,datasize:18851,operation:Post-smoothing
cr:5.55097,iter:40,level:18,rank:0,datasize:7371,operation:Interpolation
cr:1.06316,iter:40,level:18,rank:0,datasize:15000,operation:Post-smoothing
cr:1.06311,iter:40,level:18,rank:0,datasize:15000,operation:Residual-Norm
cr:1.06311,iter:41,level:0,rank:0,datasize:15000,operation:Pre-Smoothing
