-- Configuring done (5.3s)
-- Generating done (8.0s)
-- Build files have been written to: /home/bigyang/amg-compress/raptor-compress/build
[  1%] Built target gtest
[  2%] Built target gtest_main
[  2%] Built target gmock
[  3%] Built target gmock_main
[ 26%] Built target raptor
[ 47%] Built target test_spmv_laplacian
[ 47%] Built target test_tap_comm
[ 47%] Built target test_transpose
[ 47%] Built target test_par_scale_aniso
[ 57%] Built target test_par_transpose
[ 57%] Built target test_tap_spmv_laplacian
[ 57%] Built target test_tap_splitting
[ 47%] Built target test_ruge_stuben
[ 57%] Built target test_par_interpolation
[ 57%] Built target test_par_spmv_random
[ 47%] Built target test_par_block_matrix
[ 47%] Built target test_par_comm
[ 47%] Built target test_interpolation
[ 57%] Built target test_repartition
[ 57%] Built target test_par_splitting
[ 47%] Built target test_strength
[ 47%] Built target test_par_add
[ 47%] Built target test_spmv_aniso
[ 47%] Built target test_tap_spmv_random
[ 47%] Built target test_par_strength
[ 57%] Built target test_matrix
[ 47%] Built target test_par_block_conversion
[ 47%] Built target test_spmv_random
[ 47%] Built target test_par_rap
[ 57%] Built target test_par_spmv_aniso
[ 47%] Built target test_par_spmv_laplacian
[ 47%] Built target test_tap_spmv_aniso
[ 47%] Built target test_splitting
[ 47%] Built target test_par_matrix
[ 57%] Built target test_rap
[ 57%] Built target test_tap_rap
[ 47%] Built target test_par_vector
[ 61%] Built target test_tap_ruge_stuben
[ 61%] Built target test_par_mis
[ 68%] Built target test_par_bicgstab
[ 68%] Built target test_laplacian
[ 68%] Built target test_tap_candidates
[ 68%] Built target test_par_aniso
[ 68%] Built target test_par_cg
[ 68%] Built target test_tap_interpolation
[ 68%] Built target test_prolongation
[ 68%] Built target test_mis
[ 68%] Built target test_candidates
[ 68%] Built target test_par_candidates
[ 68%] Built target test_cg
[ 68%] Building CXX object examples/CMakeFiles/example.dir/example.cpp.o
[ 68%] Built target benchmark_spmv
[ 83%] Built target test_par_amg
[ 83%] Built target test_stencil
[ 83%] Built target test_matrix_market
[ 83%] Built target test_tap_mis
[ 83%] Built target test_par_smoothed_aggregation
[ 83%] Built target test_amg
[ 83%] Built target test_aggregate
[ 83%] Built target test_tap_aggregate
[ 83%] Built target test_aniso
[ 83%] Built target test_par_ruge_stuben
[ 83%] Built target test_par_prolongation
[ 83%] Built target test_par_aggregate
[ 83%] Built target test_par_matrix_market
[ 83%] Built target test_bicgstab
[ 85%] Built target test_smoothed_aggregation
[ 85%] Built target matop_example
[ 84%] Built target test_par_laplacian
[ 84%] Built target test_tap_prolongation
[ 86%] Built target coo_example
[ 87%] Built target benchmark_setup
[ 91%] Built target benchmark_reader
[ 91%] Built target benchmark_tap_spgemm
[ 91%] Built target benchmark_amg
[ 91%] Built target profile_tap_spgemm
[ 93%] Built target profile_tap_rss
[ 93%] Built target benchmark_setup_sweeps
[ 98%] Built target benchmark_solve
[ 99%] Built target profile_tap_amg
[ 99%] Built target model_tap_steps
[ 99%] Built target profile_tap_sas
[ 98%] Built target profile_tap_steps
[ 98%] Built target csr_example
[ 98%] Built target benchmark_tap_spmv
  argv[1] = 1e-7
  argv[2] = 1e-7
  argv[3] = 1
  argv[4] = 10000
  argv[1] = 1e-7
  argv[2] = 1e-7
  argv[3] = 1
  argv[4] = 10000
N is>>>>>10000
TIme matrix setup before3435.63
N is>>>>>10000
TIme matrix setup before3435.63
TIme matrix setup after3435.63
TIme matrix setup after3435.63
Level	NumRows	NNZ
-----	-------	---
0	100000000	899880004
1	60846840	910748744
2	35816803	895942167
3	17228917	578879385
4	8340622	324822224
5	3960238	168267750
6	1866093	83362739
7	871015	40053023
8	399228	18572258
9	177000	8154540
10	74862	3347106
11	29999	1277032
12	11397	451847
13	4144	149938
14	1439	45885
15	496	13491
16	168	3336
17	52	586
18	17	91
cr:615.385,iter:0,level:0,rank:0,datasize:10000,operation:
cr:615.385,iter:0,level:0,rank:0,datasize:10000,operation:Pre-Smoothing
cr:1.04622,iter:0,level:0,rank:0,datasize:10000,operation:Residual
cr:771.786,iter:0,level:1,rank:0,datasize:12638,operation:Pre-Smoothing
SZ is downgraded to lossless mode.
cr:1.04673,iter:0,level:1,rank:0,datasize:12638,operation:Residual
SZ is downgraded to lossless mode.
cr:984.615,iter:0,level:2,rank:0,datasize:16000,operation:Pre-Smoothing
SZ is downgraded to lossless mode.
cr:1.04598,iter:0,level:2,rank:0,datasize:16000,operation:Residual
SZ is downgraded to lossless mode.
cr:1054.67,iter:0,level:3,rank:0,datasize:17402,operation:Pre-Smoothing
SZ is downgraded to lossless mode.
cr:1.04549,iter:0,level:3,rank:0,datasize:17402,operation:Residual
SZ is downgraded to lossless mode.
cr:931.603,iter:0,level:4,rank:0,datasize:15255,operation:Pre-Smoothing
SZ is downgraded to lossless mode.
cr:1.04554,iter:0,level:4,rank:0,datasize:15255,operation:Residual
SZ is downgraded to lossless mode.
cr:743.511,iter:0,level:5,rank:0,datasize:12175,operation:Pre-Smoothing
SZ is downgraded to lossless mode.
cr:1.04565,iter:0,level:5,rank:0,datasize:12175,operation:Residual
SZ is downgraded to lossless mode.
cr:584.55,iter:0,level:6,rank:0,datasize:9572,operation:Pre-Smoothing
SZ is downgraded to lossless mode.
cr:1.04559,iter:0,level:6,rank:0,datasize:9572,operation:Residual
SZ is downgraded to lossless mode.
cr:453.953,iter:0,level:7,rank:0,datasize:7320,operation:Pre-Smoothing
SZ is downgraded to lossless mode.
cr:1.04474,iter:0,level:7,rank:0,datasize:7320,operation:Residual
SZ is downgraded to lossless mode.
cr:346.709,iter:0,level:8,rank:0,datasize:5504,operation:Pre-Smoothing
SZ is downgraded to lossless mode.
cr:1.04458,iter:0,level:8,rank:0,datasize:5504,operation:Residual
SZ is downgraded to lossless mode.
cr:284.262,iter:0,level:9,rank:0,datasize:3802,operation:Pre-Smoothing
SZ is downgraded to lossless mode.
cr:1.04372,iter:0,level:9,rank:0,datasize:3802,operation:Residual
SZ is downgraded to lossless mode.
cr:195.589,iter:0,level:10,rank:0,datasize:2616,operation:Pre-Smoothing
SZ is downgraded to lossless mode.
cr:1.04208,iter:0,level:10,rank:0,datasize:2616,operation:Residual
SZ is downgraded to lossless mode.
cr:125.009,iter:0,level:11,rank:0,datasize:1672,operation:Pre-Smoothing
SZ is downgraded to lossless mode.
cr:1.04012,iter:0,level:11,rank:0,datasize:1672,operation:Residual
SZ is downgraded to lossless mode.
cr:77.8318,iter:0,level:12,rank:0,datasize:1041,operation:Pre-Smoothing
SZ is downgraded to lossless mode.
cr:1.03505,iter:0,level:12,rank:0,datasize:1041,operation:Residual
SZ is downgraded to lossless mode.
cr:47.9252,iter:0,level:13,rank:0,datasize:641,operation:Pre-Smoothing
cr:1.02724,iter:0,level:13,rank:0,datasize:641,operation:Residual
cr:25.3204,iter:0,level:14,rank:0,datasize:326,operation:Pre-Smoothing
cr:1.01795,iter:0,level:14,rank:0,datasize:326,operation:Residual
cr:14.019,iter:0,level:15,rank:0,datasize:184,operation:Pre-Smoothing
cr:0.992583,iter:0,level:15,rank:0,datasize:184,operation:Residual
cr:5.67273,iter:0,level:16,rank:0,datasize:78,operation:Pre-Smoothing
cr:0.914956,iter:0,level:16,rank:0,datasize:78,operation:Residual
cr:2.66667,iter:0,level:17,rank:0,datasize:22,operation:Pre-Smoothing
cr:0.755365,iter:0,level:17,rank:0,datasize:22,operation:Residual
cr:0.359551,iter:0,level:18,rank:0,datasize:4,operation:Interpolation
cr:0.755365,iter:0,level:18,rank:0,datasize:22,operation:Post-smoothing
cr:0.55814,iter:0,level:18,rank:0,datasize:9,operation:Interpolation
cr:0.914956,iter:0,level:18,rank:0,datasize:78,operation:Post-smoothing
cr:0.802768,iter:0,level:18,rank:0,datasize:29,operation:Interpolation
cr:1.00409,iter:0,level:18,rank:0,datasize:184,operation:Post-smoothing
cr:0.861244,iter:0,level:18,rank:0,datasize:45,operation:Interpolation
cr:1.05374,iter:0,level:18,rank:0,datasize:326,operation:Post-smoothing
cr:0.908517,iter:0,level:18,rank:0,datasize:72,operation:Interpolation
cr:1.07686,iter:0,level:18,rank:0,datasize:641,operation:Post-smoothing
cr:0.977226,iter:0,level:18,rank:0,datasize:118,operation:Interpolation
cr:1.08325,iter:0,level:18,rank:0,datasize:1041,operation:Post-smoothing
cr:1.02372,iter:0,level:18,rank:0,datasize:205,operation:Interpolation
cr:1.08554,iter:0,level:18,rank:0,datasize:1672,operation:Post-smoothing
cr:1.04317,iter:0,level:18,rank:0,datasize:299,operation:Interpolation
SZ is downgraded to lossless mode.
cr:1.08396,iter:0,level:18,rank:0,datasize:2616,operation:Post-smoothing
cr:1.05767,iter:0,level:18,rank:0,datasize:470,operation:Interpolation
SZ is downgraded to lossless mode.
cr:1.08207,iter:0,level:18,rank:0,datasize:3802,operation:Post-smoothing
SZ is downgraded to lossless mode.
cr:1.06622,iter:0,level:18,rank:0,datasize:630,operation:Interpolation
SZ is downgraded to lossless mode.
SZ is downgraded to lossless mode.
cr:1.0807,iter:0,level:18,rank:0,datasize:5504,operation:Post-smoothing
cr:1.07102,iter:0,level:18,rank:0,datasize:886,operation:Interpolation
SZ is downgraded to lossless mode.
SZ is downgraded to lossless mode.
cr:1.07869,iter:0,level:18,rank:0,datasize:7320,operation:Post-smoothing
cr:1.07088,iter:0,level:18,rank:0,datasize:1271,operation:Interpolation
SZ is downgraded to lossless mode.
cr:1.07635,iter:0,level:18,rank:0,datasize:9572,operation:Post-smoothing
SZ is downgraded to lossless mode.
cr:1.07106,iter:0,level:18,rank:0,datasize:1724,operation:Interpolation
SZ is downgraded to lossless mode.
cr:1.07434,iter:0,level:18,rank:0,datasize:12175,operation:Post-smoothing
SZ is downgraded to lossless mode.
cr:1.07039,iter:0,level:18,rank:0,datasize:2300,operation:Interpolation
SZ is downgraded to lossless mode.
SZ is downgraded to lossless mode.
cr:1.07159,iter:0,level:18,rank:0,datasize:15255,operation:Post-smoothing
cr:1.06838,iter:0,level:18,rank:0,datasize:2998,operation:Interpolation
SZ is downgraded to lossless mode.
cr:1.06858,iter:0,level:18,rank:0,datasize:17402,operation:Post-smoothing
SZ is downgraded to lossless mode.
cr:1.06667,iter:0,level:18,rank:0,datasize:4098,operation:Interpolation
SZ is downgraded to lossless mode.
cr:1.06642,iter:0,level:18,rank:0,datasize:16000,operation:Post-smoothing
SZ is downgraded to lossless mode.
cr:1.06458,iter:0,level:18,rank:0,datasize:5269,operation:Interpolation
SZ is downgraded to lossless mode.
cr:1.06078,iter:0,level:18,rank:0,datasize:12638,operation:Post-smoothing
SZ is downgraded to lossless mode.
cr:1.05932,iter:0,level:18,rank:0,datasize:4815,operation:Interpolation
cr:1.05162,iter:0,level:18,rank:0,datasize:10000,operation:Post-smoothing
cr:1.05129,iter:0,level:18,rank:0,datasize:10000,operation:Residual-Norm
cr:1.05129,iter:1,level:0,rank:0,datasize:10000,operation:Pre-Smoothing
cr:1.05114,iter:1,level:0,rank:0,datasize:10000,operation:Residual
cr:771.786,iter:1,level:1,rank:0,datasize:12638,operation:Pre-Smoothing
SZ is downgraded to lossless mode.
cr:1.04555,iter:1,level:1,rank:0,datasize:12638,operation:Residual
SZ is downgraded to lossless mode.
cr:984.615,iter:1,level:2,rank:0,datasize:16000,operation:Pre-Smoothing
SZ is downgraded to lossless mode.
cr:1.04539,iter:1,level:2,rank:0,datasize:16000,operation:Residual
SZ is downgraded to lossless mode.
cr:1054.67,iter:1,level:3,rank:0,datasize:17402,operation:Pre-Smoothing
SZ is downgraded to lossless mode.
cr:1.04531,iter:1,level:3,rank:0,datasize:17402,operation:Residual
SZ is downgraded to lossless mode.
cr:931.603,iter:1,level:4,rank:0,datasize:15255,operation:Pre-Smoothing
SZ is downgraded to lossless mode.
cr:1.0454,iter:1,level:4,rank:0,datasize:15255,operation:Residual
SZ is downgraded to lossless mode.
cr:743.511,iter:1,level:5,rank:0,datasize:12175,operation:Pre-Smoothing
SZ is downgraded to lossless mode.
cr:1.04537,iter:1,level:5,rank:0,datasize:12175,operation:Residual
SZ is downgraded to lossless mode.
cr:584.55,iter:1,level:6,rank:0,datasize:9572,operation:Pre-Smoothing
SZ is downgraded to lossless mode.
cr:1.04561,iter:1,level:6,rank:0,datasize:9572,operation:Residual
SZ is downgraded to lossless mode.
cr:453.953,iter:1,level:7,rank:0,datasize:7320,operation:Pre-Smoothing
SZ is downgraded to lossless mode.
cr:1.04463,iter:1,level:7,rank:0,datasize:7320,operation:Residual
SZ is downgraded to lossless mode.
cr:346.709,iter:1,level:8,rank:0,datasize:5504,operation:Pre-Smoothing
SZ is downgraded to lossless mode.
cr:1.04433,iter:1,level:8,rank:0,datasize:5504,operation:Residual
SZ is downgraded to lossless mode.
cr:284.262,iter:1,level:9,rank:0,datasize:3802,operation:Pre-Smoothing
SZ is downgraded to lossless mode.
cr:1.04354,iter:1,level:9,rank:0,datasize:3802,operation:Residual
SZ is downgraded to lossless mode.
cr:195.589,iter:1,level:10,rank:0,datasize:2616,operation:Pre-Smoothing
SZ is downgraded to lossless mode.
cr:1.04213,iter:1,level:10,rank:0,datasize:2616,operation:Residual
SZ is downgraded to lossless mode.
cr:125.009,iter:1,level:11,rank:0,datasize:1672,operation:Pre-Smoothing
SZ is downgraded to lossless mode.
cr:1.04012,iter:1,level:11,rank:0,datasize:1672,operation:Residual
SZ is downgraded to lossless mode.
cr:77.8318,iter:1,level:12,rank:0,datasize:1041,operation:Pre-Smoothing
SZ is downgraded to lossless mode.
SZ is downgraded to lossless mode.
cr:1.03479,iter:1,level:12,rank:0,datasize:1041,operation:Residual
cr:47.9252,iter:1,level:13,rank:0,datasize:641,operation:Pre-Smoothing
SZ is downgraded to lossless mode.
SZ is downgraded to lossless mode.
cr:1.02539,iter:1,level:13,rank:0,datasize:641,operation:Residual
cr:25.3204,iter:1,level:14,rank:0,datasize:326,operation:Pre-Smoothing
cr:1.01875,iter:1,level:14,rank:0,datasize:326,operation:Residual
cr:14.019,iter:1,level:15,rank:0,datasize:184,operation:Pre-Smoothing
cr:0.991246,iter:1,level:15,rank:0,datasize:184,operation:Residual
cr:5.67273,iter:1,level:16,rank:0,datasize:78,operation:Pre-Smoothing
cr:0.914956,iter:1,level:16,rank:0,datasize:78,operation:Residual
cr:2.66667,iter:1,level:17,rank:0,datasize:22,operation:Pre-Smoothing
cr:0.755365,iter:1,level:17,rank:0,datasize:22,operation:Residual
cr:0.359551,iter:1,level:18,rank:0,datasize:4,operation:Interpolation
cr:0.755365,iter:1,level:18,rank:0,datasize:22,operation:Post-smoothing
cr:0.55814,iter:1,level:18,rank:0,datasize:9,operation:Interpolation
cr:0.914956,iter:1,level:18,rank:0,datasize:78,operation:Post-smoothing
cr:0.802768,iter:1,level:18,rank:0,datasize:29,operation:Interpolation
cr:1.00615,iter:1,level:18,rank:0,datasize:184,operation:Post-smoothing
cr:0.861244,iter:1,level:18,rank:0,datasize:45,operation:Interpolation
cr:1.04195,iter:1,level:18,rank:0,datasize:326,operation:Post-smoothing
cr:0.908517,iter:1,level:18,rank:0,datasize:72,operation:Interpolation
cr:1.06656,iter:1,level:18,rank:0,datasize:641,operation:Post-smoothing
cr:0.963265,iter:1,level:18,rank:0,datasize:118,operation:Interpolation
SZ is downgraded to lossless mode.
SZ is downgraded to lossless mode.
cr:1.0732,iter:1,level:18,rank:0,datasize:1041,operation:Post-smoothing
cr:1.01611,iter:1,level:18,rank:0,datasize:205,operation:Interpolation
SZ is downgraded to lossless mode.
SZ is downgraded to lossless mode.
cr:1.07541,iter:1,level:18,rank:0,datasize:1672,operation:Post-smoothing
cr:1.03505,iter:1,level:18,rank:0,datasize:299,operation:Interpolation
SZ is downgraded to lossless mode.
cr:1.07649,iter:1,level:18,rank:0,datasize:2616,operation:Post-smoothing
SZ is downgraded to lossless mode.
cr:1.05145,iter:1,level:18,rank:0,datasize:470,operation:Interpolation
SZ is downgraded to lossless mode.
SZ is downgraded to lossless mode.
cr:1.07564,iter:1,level:18,rank:0,datasize:3802,operation:Post-smoothing
cr:1.06038,iter:1,level:18,rank:0,datasize:630,operation:Interpolation
SZ is downgraded to lossless mode.
SZ is downgraded to lossless mode.
cr:1.07574,iter:1,level:18,rank:0,datasize:5504,operation:Post-smoothing
cr:1.06363,iter:1,level:18,rank:0,datasize:886,operation:Interpolation
SZ is downgraded to lossless mode.
cr:1.07365,iter:1,level:18,rank:0,datasize:7320,operation:Post-smoothing
SZ is downgraded to lossless mode.
cr:1.06616,iter:1,level:18,rank:0,datasize:1271,operation:Interpolation
SZ is downgraded to lossless mode.
cr:1.07174,iter:1,level:18,rank:0,datasize:9572,operation:Post-smoothing
SZ is downgraded to lossless mode.
SZ is downgraded to lossless mode.
cr:1.06733,iter:1,level:18,rank:0,datasize:1724,operation:Interpolation
SZ is downgraded to lossless mode.
SZ is downgraded to lossless mode.
SZ is downgraded to lossless mode.
cr:1.07008,iter:1,level:18,rank:0,datasize:12175,operation:Post-smoothing
SZ is downgraded to lossless mode.
cr:1.0676,iter:1,level:18,rank:0,datasize:2300,operation:Interpolation
SZ is downgraded to lossless mode.
SZ is downgraded to lossless mode.
cr:1.06916,iter:1,level:18,rank:0,datasize:15255,operation:Post-smoothing
SZ is downgraded to lossless mode.
SZ is downgraded to lossless mode.
cr:1.06676,iter:1,level:18,rank:0,datasize:2998,operation:Interpolation
SZ is downgraded to lossless mode.
SZ is downgraded to lossless mode.
cr:1.06743,iter:1,level:18,rank:0,datasize:17402,operation:Post-smoothing
SZ is downgraded to lossless mode.
SZ is downgraded to lossless mode.
cr:1.06545,iter:1,level:18,rank:0,datasize:4098,operation:Interpolation
SZ is downgraded to lossless mode.
SZ is downgraded to lossless mode.
cr:1.06645,iter:1,level:18,rank:0,datasize:16000,operation:Post-smoothing
SZ is downgraded to lossless mode.
SZ is downgraded to lossless mode.
SZ is downgraded to lossless mode.
cr:1.06506,iter:1,level:18,rank:0,datasize:5269,operation:Interpolation
SZ is downgraded to lossless mode.
cr:1.0638,iter:1,level:18,rank:0,datasize:12638,operation:Post-smoothing
SZ is downgraded to lossless mode.
SZ is downgraded to lossless mode.
cr:1.06265,iter:1,level:18,rank:0,datasize:4815,operation:Interpolation
SZ is downgraded to lossless mode.
cr:1.0562,iter:1,level:18,rank:0,datasize:10000,operation:Post-smoothing
cr:1.05609,iter:1,level:18,rank:0,datasize:10000,operation:Residual-Norm
cr:1.05609,iter:2,level:0,rank:0,datasize:10000,operation:Pre-Smoothing
cr:1.05604,iter:2,level:0,rank:0,datasize:10000,operation:Residual
cr:771.786,iter:2,level:1,rank:0,datasize:12638,operation:Pre-Smoothing
SZ is downgraded to lossless mode.
cr:1.04542,iter:2,level:1,rank:0,datasize:12638,operation:Residual
SZ is downgraded to lossless mode.
cr:984.615,iter:2,level:2,rank:0,datasize:16000,operation:Pre-Smoothing
SZ is downgraded to lossless mode.
cr:1.04534,iter:2,level:2,rank:0,datasize:16000,operation:Residual
SZ is downgraded to lossless mode.
cr:1054.67,iter:2,level:3,rank:0,datasize:17402,operation:Pre-Smoothing
SZ is downgraded to lossless mode.
cr:1.04561,iter:2,level:3,rank:0,datasize:17402,operation:Residual
SZ is downgraded to lossless mode.
cr:931.603,iter:2,level:4,rank:0,datasize:15255,operation:Pre-Smoothing
SZ is downgraded to lossless mode.
cr:1.04548,iter:2,level:4,rank:0,datasize:15255,operation:Residual
SZ is downgraded to lossless mode.
cr:743.511,iter:2,level:5,rank:0,datasize:12175,operation:Pre-Smoothing
SZ is downgraded to lossless mode.
cr:1.04523,iter:2,level:5,rank:0,datasize:12175,operation:Residual
SZ is downgraded to lossless mode.
cr:584.55,iter:2,level:6,rank:0,datasize:9572,operation:Pre-Smoothing
SZ is downgraded to lossless mode.
cr:1.04456,iter:2,level:6,rank:0,datasize:9572,operation:Residual
SZ is downgraded to lossless mode.
cr:453.953,iter:2,level:7,rank:0,datasize:7320,operation:Pre-Smoothing
SZ is downgraded to lossless mode.
cr:1.04467,iter:2,level:7,rank:0,datasize:7320,operation:Residual
SZ is downgraded to lossless mode.
cr:346.709,iter:2,level:8,rank:0,datasize:5504,operation:Pre-Smoothing
SZ is downgraded to lossless mode.
cr:1.04467,iter:2,level:8,rank:0,datasize:5504,operation:Residual
SZ is downgraded to lossless mode.
cr:284.262,iter:2,level:9,rank:0,datasize:3802,operation:Pre-Smoothing
SZ is downgraded to lossless mode.
cr:1.0435,iter:2,level:9,rank:0,datasize:3802,operation:Residual
SZ is downgraded to lossless mode.
cr:195.589,iter:2,level:10,rank:0,datasize:2616,operation:Pre-Smoothing
SZ is downgraded to lossless mode.
cr:1.04213,iter:2,level:10,rank:0,datasize:2616,operation:Residual
SZ is downgraded to lossless mode.
cr:125.009,iter:2,level:11,rank:0,datasize:1672,operation:Pre-Smoothing
SZ is downgraded to lossless mode.
cr:1.0394,iter:2,level:11,rank:0,datasize:1672,operation:Residual
SZ is downgraded to lossless mode.
cr:77.8318,iter:2,level:12,rank:0,datasize:1041,operation:Pre-Smoothing
SZ is downgraded to lossless mode.
SZ is downgraded to lossless mode.
cr:1.03621,iter:2,level:12,rank:0,datasize:1041,operation:Residual
cr:47.9252,iter:2,level:13,rank:0,datasize:641,operation:Pre-Smoothing
SZ is downgraded to lossless mode.
SZ is downgraded to lossless mode.
cr:1.02683,iter:2,level:13,rank:0,datasize:641,operation:Residual
cr:25.3204,iter:2,level:14,rank:0,datasize:326,operation:Pre-Smoothing
cr:1.01518,iter:2,level:14,rank:0,datasize:326,operation:Residual
cr:14.019,iter:2,level:15,rank:0,datasize:184,operation:Pre-Smoothing
cr:0.991246,iter:2,level:15,rank:0,datasize:184,operation:Residual
cr:5.67273,iter:2,level:16,rank:0,datasize:78,operation:Pre-Smoothing
cr:0.914956,iter:2,level:16,rank:0,datasize:78,operation:Residual
cr:2.66667,iter:2,level:17,rank:0,datasize:22,operation:Pre-Smoothing
cr:0.755365,iter:2,level:17,rank:0,datasize:22,operation:Residual
cr:0.359551,iter:2,level:18,rank:0,datasize:4,operation:Interpolation
cr:0.755365,iter:2,level:18,rank:0,datasize:22,operation:Post-smoothing
cr:0.55814,iter:2,level:18,rank:0,datasize:9,operation:Interpolation
cr:0.914956,iter:2,level:18,rank:0,datasize:78,operation:Post-smoothing
cr:0.802768,iter:2,level:18,rank:0,datasize:29,operation:Interpolation
cr:0.996615,iter:2,level:18,rank:0,datasize:184,operation:Post-smoothing
cr:0.861244,iter:2,level:18,rank:0,datasize:45,operation:Interpolation
cr:1.03904,iter:2,level:18,rank:0,datasize:326,operation:Post-smoothing
cr:0.908517,iter:2,level:18,rank:0,datasize:72,operation:Interpolation
SZ is downgraded to lossless mode.
SZ is downgraded to lossless mode.
cr:1.06214,iter:2,level:18,rank:0,datasize:641,operation:Post-smoothing
cr:0.963265,iter:2,level:18,rank:0,datasize:118,operation:Interpolation
SZ is downgraded to lossless mode.
cr:1.06961,iter:2,level:18,rank:0,datasize:1041,operation:Post-smoothing
SZ is downgraded to lossless mode.
cr:1.01611,iter:2,level:18,rank:0,datasize:205,operation:Interpolation
SZ is downgraded to lossless mode.
cr:1.07369,iter:2,level:18,rank:0,datasize:1672,operation:Post-smoothing
SZ is downgraded to lossless mode.
cr:1.02926,iter:2,level:18,rank:0,datasize:299,operation:Interpolation
SZ is downgraded to lossless mode.
cr:1.07433,iter:2,level:18,rank:0,datasize:2616,operation:Post-smoothing
SZ is downgraded to lossless mode.
cr:1.05087,iter:2,level:18,rank:0,datasize:470,operation:Interpolation
SZ is downgraded to lossless mode.
SZ is downgraded to lossless mode.
cr:1.07443,iter:2,level:18,rank:0,datasize:3802,operation:Post-smoothing
cr:1.05882,iter:2,level:18,rank:0,datasize:630,operation:Interpolation
SZ is downgraded to lossless mode.
SZ is downgraded to lossless mode.
cr:1.07322,iter:2,level:18,rank:0,datasize:5504,operation:Post-smoothing
SZ is downgraded to lossless mode.
cr:1.06092,iter:2,level:18,rank:0,datasize:886,operation:Interpolation
SZ is downgraded to lossless mode.
SZ is downgraded to lossless mode.
cr:1.07219,iter:2,level:18,rank:0,datasize:7320,operation:Post-smoothing
SZ is downgraded to lossless mode.
SZ is downgraded to lossless mode.
SZ is downgraded to lossless mode.
cr:1.06449,iter:2,level:18,rank:0,datasize:1271,operation:Interpolation
SZ is downgraded to lossless mode.
cr:1.06938,iter:2,level:18,rank:0,datasize:9572,operation:Post-smoothing
SZ is downgraded to lossless mode.
SZ is downgraded to lossless mode.
cr:1.06379,iter:2,level:18,rank:0,datasize:1724,operation:Interpolation
SZ is downgraded to lossless mode.
SZ is downgraded to lossless mode.
cr:1.06836,iter:2,level:18,rank:0,datasize:12175,operation:Post-smoothing
SZ is downgraded to lossless mode.
SZ is downgraded to lossless mode.
SZ is downgraded to lossless mode.
cr:1.06414,iter:2,level:18,rank:0,datasize:2300,operation:Interpolation
SZ is downgraded to lossless mode.
SZ is downgraded to lossless mode.
cr:1.06732,iter:2,level:18,rank:0,datasize:15255,operation:Post-smoothing
SZ is downgraded to lossless mode.
cr:1.06373,iter:2,level:18,rank:0,datasize:2998,operation:Interpolation
SZ is downgraded to lossless mode.
SZ is downgraded to lossless mode.
SZ is downgraded to lossless mode.
cr:1.06523,iter:2,level:18,rank:0,datasize:17402,operation:Post-smoothing
SZ is downgraded to lossless mode.
cr:1.06252,iter:2,level:18,rank:0,datasize:4098,operation:Interpolation
SZ is downgraded to lossless mode.
SZ is downgraded to lossless mode.
cr:1.06327,iter:2,level:18,rank:0,datasize:16000,operation:Post-smoothing
SZ is downgraded to lossless mode.
SZ is downgraded to lossless mode.
SZ is downgraded to lossless mode.
cr:1.06158,iter:2,level:18,rank:0,datasize:5269,operation:Interpolation
SZ is downgraded to lossless mode.
cr:1.06106,iter:2,level:18,rank:0,datasize:12638,operation:Post-smoothing
SZ is downgraded to lossless mode.
SZ is downgraded to lossless mode.
cr:1.05909,iter:2,level:18,rank:0,datasize:4815,operation:Interpolation
SZ is downgraded to lossless mode.
cr:1.05862,iter:2,level:18,rank:0,datasize:10000,operation:Post-smoothing
cr:1.05864,iter:2,level:18,rank:0,datasize:10000,operation:Residual-Norm
cr:1.05864,iter:3,level:0,rank:0,datasize:10000,operation:Pre-Smoothing
cr:1.05871,iter:3,level:0,rank:0,datasize:10000,operation:Residual
cr:771.786,iter:3,level:1,rank:0,datasize:12638,operation:Pre-Smoothing
SZ is downgraded to lossless mode.
cr:1.04482,iter:3,level:1,rank:0,datasize:12638,operation:Residual
SZ is downgraded to lossless mode.
cr:984.615,iter:3,level:2,rank:0,datasize:16000,operation:Pre-Smoothing
SZ is downgraded to lossless mode.
cr:1.04503,iter:3,level:2,rank:0,datasize:16000,operation:Residual
SZ is downgraded to lossless mode.
cr:1054.67,iter:3,level:3,rank:0,datasize:17402,operation:Pre-Smoothing
SZ is downgraded to lossless mode.
cr:1.04514,iter:3,level:3,rank:0,datasize:17402,operation:Residual
SZ is downgraded to lossless mode.
cr:931.603,iter:3,level:4,rank:0,datasize:15255,operation:Pre-Smoothing
SZ is downgraded to lossless mode.
cr:1.04529,iter:3,level:4,rank:0,datasize:15255,operation:Residual
SZ is downgraded to lossless mode.
cr:743.511,iter:3,level:5,rank:0,datasize:12175,operation:Pre-Smoothing
SZ is downgraded to lossless mode.
cr:1.04495,iter:3,level:5,rank:0,datasize:12175,operation:Residual
SZ is downgraded to lossless mode.
cr:584.55,iter:3,level:6,rank:0,datasize:9572,operation:Pre-Smoothing
SZ is downgraded to lossless mode.
cr:1.04514,iter:3,level:6,rank:0,datasize:9572,operation:Residual
SZ is downgraded to lossless mode.
cr:453.953,iter:3,level:7,rank:0,datasize:7320,operation:Pre-Smoothing
SZ is downgraded to lossless mode.
cr:1.04435,iter:3,level:7,rank:0,datasize:7320,operation:Residual
SZ is downgraded to lossless mode.
cr:346.709,iter:3,level:8,rank:0,datasize:5504,operation:Pre-Smoothing
SZ is downgraded to lossless mode.
cr:1.04413,iter:3,level:8,rank:0,datasize:5504,operation:Residual
SZ is downgraded to lossless mode.
cr:284.262,iter:3,level:9,rank:0,datasize:3802,operation:Pre-Smoothing
SZ is downgraded to lossless mode.
cr:1.04372,iter:3,level:9,rank:0,datasize:3802,operation:Residual
SZ is downgraded to lossless mode.
cr:195.589,iter:3,level:10,rank:0,datasize:2616,operation:Pre-Smoothing
SZ is downgraded to lossless mode.
cr:1.04109,iter:3,level:10,rank:0,datasize:2616,operation:Residual
SZ is downgraded to lossless mode.
cr:125.009,iter:3,level:11,rank:0,datasize:1672,operation:Pre-Smoothing
SZ is downgraded to lossless mode.
cr:1.03915,iter:3,level:11,rank:0,datasize:1672,operation:Residual
SZ is downgraded to lossless mode.
cr:77.8318,iter:3,level:12,rank:0,datasize:1041,operation:Pre-Smoothing
SZ is downgraded to lossless mode.
cr:1.03453,iter:3,level:12,rank:0,datasize:1041,operation:Residual
SZ is downgraded to lossless mode.
cr:47.9252,iter:3,level:13,rank:0,datasize:641,operation:Pre-Smoothing
SZ is downgraded to lossless mode.
SZ is downgraded to lossless mode.
cr:1.02519,iter:3,level:13,rank:0,datasize:641,operation:Residual
cr:25.3204,iter:3,level:14,rank:0,datasize:326,operation:Pre-Smoothing
cr:1.01479,iter:3,level:14,rank:0,datasize:326,operation:Residual
cr:14.019,iter:3,level:15,rank:0,datasize:184,operation:Pre-Smoothing
cr:0.998643,iter:3,level:15,rank:0,datasize:184,operation:Residual
cr:5.67273,iter:3,level:16,rank:0,datasize:78,operation:Pre-Smoothing
cr:0.914956,iter:3,level:16,rank:0,datasize:78,operation:Residual
cr:2.66667,iter:3,level:17,rank:0,datasize:22,operation:Pre-Smoothing
cr:0.755365,iter:3,level:17,rank:0,datasize:22,operation:Residual
cr:0.359551,iter:3,level:18,rank:0,datasize:4,operation:Interpolation
cr:0.755365,iter:3,level:18,rank:0,datasize:22,operation:Post-smoothing
cr:0.55814,iter:3,level:18,rank:0,datasize:9,operation:Interpolation
cr:0.914956,iter:3,level:18,rank:0,datasize:78,operation:Post-smoothing
cr:0.802768,iter:3,level:18,rank:0,datasize:29,operation:Interpolation
cr:1.00136,iter:3,level:18,rank:0,datasize:184,operation:Post-smoothing
cr:0.861244,iter:3,level:18,rank:0,datasize:45,operation:Interpolation
cr:1.03904,iter:3,level:18,rank:0,datasize:326,operation:Post-smoothing
cr:0.908517,iter:3,level:18,rank:0,datasize:72,operation:Interpolation
SZ is downgraded to lossless mode.
cr:1.0617,iter:3,level:18,rank:0,datasize:641,operation:Post-smoothing
SZ is downgraded to lossless mode.
cr:0.963265,iter:3,level:18,rank:0,datasize:118,operation:Interpolation
SZ is downgraded to lossless mode.
cr:1.0681,iter:3,level:18,rank:0,datasize:1041,operation:Post-smoothing
SZ is downgraded to lossless mode.
cr:1.01548,iter:3,level:18,rank:0,datasize:205,operation:Interpolation
SZ is downgraded to lossless mode.
cr:1.0724,iter:3,level:18,rank:0,datasize:1672,operation:Post-smoothing
SZ is downgraded to lossless mode.
cr:1.0297,iter:3,level:18,rank:0,datasize:299,operation:Interpolation
SZ is downgraded to lossless mode.
cr:1.07257,iter:3,level:18,rank:0,datasize:2616,operation:Post-smoothing
SZ is downgraded to lossless mode.
SZ is downgraded to lossless mode.
cr:1.04648,iter:3,level:18,rank:0,datasize:470,operation:Interpolation
SZ is downgraded to lossless mode.
cr:1.07212,iter:3,level:18,rank:0,datasize:3802,operation:Post-smoothing
SZ is downgraded to lossless mode.
SZ is downgraded to lossless mode.
SZ is downgraded to lossless mode.
cr:1.05395,iter:3,level:18,rank:0,datasize:630,operation:Interpolation
SZ is downgraded to lossless mode.
SZ is downgraded to lossless mode.
cr:1.07079,iter:3,level:18,rank:0,datasize:5504,operation:Post-smoothing
SZ is downgraded to lossless mode.
cr:1.05949,iter:3,level:18,rank:0,datasize:886,operation:Interpolation
SZ is downgraded to lossless mode.
SZ is downgraded to lossless mode.
cr:1.06926,iter:3,level:18,rank:0,datasize:7320,operation:Post-smoothing
SZ is downgraded to lossless mode.
SZ is downgraded to lossless mode.
cr:1.06204,iter:3,level:18,rank:0,datasize:1271,operation:Interpolation
SZ is downgraded to lossless mode.
SZ is downgraded to lossless mode.
cr:1.0676,iter:3,level:18,rank:0,datasize:9572,operation:Post-smoothing
SZ is downgraded to lossless mode.
SZ is downgraded to lossless mode.
cr:1.06231,iter:3,level:18,rank:0,datasize:1724,operation:Interpolation
SZ is downgraded to lossless mode.
SZ is downgraded to lossless mode.
cr:1.06615,iter:3,level:18,rank:0,datasize:12175,operation:Post-smoothing
SZ is downgraded to lossless mode.
SZ is downgraded to lossless mode.
cr:1.06211,iter:3,level:18,rank:0,datasize:2300,operation:Interpolation
SZ is downgraded to lossless mode.
SZ is downgraded to lossless mode.
cr:1.0641,iter:3,level:18,rank:0,datasize:15255,operation:Post-smoothing
SZ is downgraded to lossless mode.
SZ is downgraded to lossless mode.
cr:1.06068,iter:3,level:18,rank:0,datasize:2998,operation:Interpolation
SZ is downgraded to lossless mode.
SZ is downgraded to lossless mode.
cr:1.062,iter:3,level:18,rank:0,datasize:17402,operation:Post-smoothing
SZ is downgraded to lossless mode.
SZ is downgraded to lossless mode.
cr:1.05929,iter:3,level:18,rank:0,datasize:4098,operation:Interpolation
SZ is downgraded to lossless mode.
SZ is downgraded to lossless mode.
cr:1.06024,iter:3,level:18,rank:0,datasize:16000,operation:Post-smoothing
SZ is downgraded to lossless mode.
SZ is downgraded to lossless mode.
cr:1.05896,iter:3,level:18,rank:0,datasize:5269,operation:Interpolation
SZ is downgraded to lossless mode.
SZ is downgraded to lossless mode.
cr:1.05896,iter:3,level:18,rank:0,datasize:12638,operation:Post-smoothing
SZ is downgraded to lossless mode.
SZ is downgraded to lossless mode.
cr:1.05711,iter:3,level:18,rank:0,datasize:4815,operation:Interpolation
SZ is downgraded to lossless mode.
cr:1.0604,iter:3,level:18,rank:0,datasize:10000,operation:Post-smoothing
cr:1.06064,iter:3,level:18,rank:0,datasize:10000,operation:Residual-Norm
cr:1.06064,iter:4,level:0,rank:0,datasize:10000,operation:Pre-Smoothing
cr:1.06049,iter:4,level:0,rank:0,datasize:10000,operation:Residual
cr:771.786,iter:4,level:1,rank:0,datasize:12638,operation:Pre-Smoothing
SZ is downgraded to lossless mode.
cr:1.04352,iter:4,level:1,rank:0,datasize:12638,operation:Residual
SZ is downgraded to lossless mode.
cr:984.615,iter:4,level:2,rank:0,datasize:16000,operation:Pre-Smoothing
SZ is downgraded to lossless mode.
cr:1.0445,iter:4,level:2,rank:0,datasize:16000,operation:Residual
SZ is downgraded to lossless mode.
cr:1054.67,iter:4,level:3,rank:0,datasize:17402,operation:Pre-Smoothing
SZ is downgraded to lossless mode.
cr:1.04466,iter:4,level:3,rank:0,datasize:17402,operation:Residual
SZ is downgraded to lossless mode.
cr:931.603,iter:4,level:4,rank:0,datasize:15255,operation:Pre-Smoothing
SZ is downgraded to lossless mode.
cr:1.04472,iter:4,level:4,rank:0,datasize:15255,operation:Residual
SZ is downgraded to lossless mode.
cr:743.511,iter:4,level:5,rank:0,datasize:12175,operation:Pre-Smoothing
SZ is downgraded to lossless mode.
cr:1.04474,iter:4,level:5,rank:0,datasize:12175,operation:Residual
SZ is downgraded to lossless mode.
cr:584.55,iter:4,level:6,rank:0,datasize:9572,operation:Pre-Smoothing
SZ is downgraded to lossless mode.
cr:1.04459,iter:4,level:6,rank:0,datasize:9572,operation:Residual
SZ is downgraded to lossless mode.
cr:453.953,iter:4,level:7,rank:0,datasize:7320,operation:Pre-Smoothing
SZ is downgraded to lossless mode.
cr:1.04445,iter:4,level:7,rank:0,datasize:7320,operation:Residual
SZ is downgraded to lossless mode.
cr:346.709,iter:4,level:8,rank:0,datasize:5504,operation:Pre-Smoothing
SZ is downgraded to lossless mode.
cr:1.04324,iter:4,level:8,rank:0,datasize:5504,operation:Residual
SZ is downgraded to lossless mode.
cr:284.262,iter:4,level:9,rank:0,datasize:3802,operation:Pre-Smoothing
SZ is downgraded to lossless mode.
cr:1.04254,iter:4,level:9,rank:0,datasize:3802,operation:Residual
SZ is downgraded to lossless mode.
cr:195.589,iter:4,level:10,rank:0,datasize:2616,operation:Pre-Smoothing
SZ is downgraded to lossless mode.
cr:1.04135,iter:4,level:10,rank:0,datasize:2616,operation:Residual
SZ is downgraded to lossless mode.
cr:125.009,iter:4,level:11,rank:0,datasize:1672,operation:Pre-Smoothing
SZ is downgraded to lossless mode.
cr:1.03859,iter:4,level:11,rank:0,datasize:1672,operation:Residual
SZ is downgraded to lossless mode.
cr:77.8318,iter:4,level:12,rank:0,datasize:1041,operation:Pre-Smoothing
SZ is downgraded to lossless mode.
SZ is downgraded to lossless mode.
cr:1.03261,iter:4,level:12,rank:0,datasize:1041,operation:Residual
cr:47.9252,iter:4,level:13,rank:0,datasize:641,operation:Pre-Smoothing
SZ is downgraded to lossless mode.
SZ is downgraded to lossless mode.
cr:1.02437,iter:4,level:13,rank:0,datasize:641,operation:Residual
cr:25.3204,iter:4,level:14,rank:0,datasize:326,operation:Pre-Smoothing
cr:1.01321,iter:4,level:14,rank:0,datasize:326,operation:Residual
cr:14.019,iter:4,level:15,rank:0,datasize:184,operation:Pre-Smoothing
cr:0.991246,iter:4,level:15,rank:0,datasize:184,operation:Residual
cr:5.67273,iter:4,level:16,rank:0,datasize:78,operation:Pre-Smoothing
cr:0.914956,iter:4,level:16,rank:0,datasize:78,operation:Residual
cr:2.66667,iter:4,level:17,rank:0,datasize:22,operation:Pre-Smoothing
cr:0.755365,iter:4,level:17,rank:0,datasize:22,operation:Residual
cr:0.359551,iter:4,level:18,rank:0,datasize:4,operation:Interpolation
cr:0.755365,iter:4,level:18,rank:0,datasize:22,operation:Post-smoothing
cr:0.55814,iter:4,level:18,rank:0,datasize:9,operation:Interpolation
cr:0.914956,iter:4,level:18,rank:0,datasize:78,operation:Post-smoothing
cr:0.802768,iter:4,level:18,rank:0,datasize:29,operation:Interpolation
cr:0.994595,iter:4,level:18,rank:0,datasize:184,operation:Post-smoothing
cr:0.861244,iter:4,level:18,rank:0,datasize:45,operation:Interpolation
cr:1.03246,iter:4,level:18,rank:0,datasize:326,operation:Post-smoothing
cr:0.908517,iter:4,level:18,rank:0,datasize:72,operation:Interpolation
SZ is downgraded to lossless mode.
cr:1.05667,iter:4,level:18,rank:0,datasize:641,operation:Post-smoothing
SZ is downgraded to lossless mode.
cr:0.977226,iter:4,level:18,rank:0,datasize:118,operation:Interpolation
SZ is downgraded to lossless mode.
SZ is downgraded to lossless mode.
cr:1.06537,iter:4,level:18,rank:0,datasize:1041,operation:Post-smoothing
cr:1.01297,iter:4,level:18,rank:0,datasize:205,operation:Interpolation
SZ is downgraded to lossless mode.
SZ is downgraded to lossless mode.
cr:1.06658,iter:4,level:18,rank:0,datasize:1672,operation:Post-smoothing
cr:1.02485,iter:4,level:18,rank:0,datasize:299,operation:Interpolation
SZ is downgraded to lossless mode.
SZ is downgraded to lossless mode.
cr:1.06841,iter:4,level:18,rank:0,datasize:2616,operation:Post-smoothing
SZ is downgraded to lossless mode.
SZ is downgraded to lossless mode.
cr:1.04069,iter:4,level:18,rank:0,datasize:470,operation:Interpolation
SZ is downgraded to lossless mode.
cr:1.06877,iter:4,level:18,rank:0,datasize:3802,operation:Post-smoothing
SZ is downgraded to lossless mode.
SZ is downgraded to lossless mode.
SZ is downgraded to lossless mode.
cr:1.05088,iter:4,level:18,rank:0,datasize:630,operation:Interpolation
SZ is downgraded to lossless mode.
SZ is downgraded to lossless mode.
cr:1.06698,iter:4,level:18,rank:0,datasize:5504,operation:Post-smoothing
SZ is downgraded to lossless mode.
SZ is downgraded to lossless mode.
cr:1.05508,iter:4,level:18,rank:0,datasize:886,operation:Interpolation
SZ is downgraded to lossless mode.
SZ is downgraded to lossless mode.
cr:1.06597,iter:4,level:18,rank:0,datasize:7320,operation:Post-smoothing
SZ is downgraded to lossless mode.
cr:1.05729,iter:4,level:18,rank:0,datasize:1271,operation:Interpolation
SZ is downgraded to lossless mode.
SZ is downgraded to lossless mode.
cr:1.06401,iter:4,level:18,rank:0,datasize:9572,operation:Post-smoothing
SZ is downgraded to lossless mode.
SZ is downgraded to lossless mode.
cr:1.05921,iter:4,level:18,rank:0,datasize:1724,operation:Interpolation
SZ is downgraded to lossless mode.
SZ is downgraded to lossless mode.
cr:1.06142,iter:4,level:18,rank:0,datasize:12175,operation:Post-smoothing
SZ is downgraded to lossless mode.
SZ is downgraded to lossless mode.
cr:1.05729,iter:4,level:18,rank:0,datasize:2300,operation:Interpolation
SZ is downgraded to lossless mode.
SZ is downgraded to lossless mode.
SZ is downgraded to lossless mode.
cr:1.06012,iter:4,level:18,rank:0,datasize:15255,operation:Post-smoothing
SZ is downgraded to lossless mode.
cr:1.05722,iter:4,level:18,rank:0,datasize:2998,operation:Interpolation
SZ is downgraded to lossless mode.
SZ is downgraded to lossless mode.
cr:1.05755,iter:4,level:18,rank:0,datasize:17402,operation:Post-smoothing
SZ is downgraded to lossless mode.
SZ is downgraded to lossless mode.
cr:1.05605,iter:4,level:18,rank:0,datasize:4098,operation:Interpolation
SZ is downgraded to lossless mode.
SZ is downgraded to lossless mode.
cr:1.05632,iter:4,level:18,rank:0,datasize:16000,operation:Post-smoothing
SZ is downgraded to lossless mode.
SZ is downgraded to lossless mode.
cr:1.05499,iter:4,level:18,rank:0,datasize:5269,operation:Interpolation
SZ is downgraded to lossless mode.
SZ is downgraded to lossless mode.
cr:1.05574,iter:4,level:18,rank:0,datasize:12638,operation:Post-smoothing
SZ is downgraded to lossless mode.
SZ is downgraded to lossless mode.
cr:1.05378,iter:4,level:18,rank:0,datasize:4815,operation:Interpolation
SZ is downgraded to lossless mode.
cr:1.06087,iter:4,level:18,rank:0,datasize:10000,operation:Post-smoothing
cr:1.06115,iter:4,level:18,rank:0,datasize:10000,operation:Residual-Norm
cr:1.06115,iter:5,level:0,rank:0,datasize:10000,operation:Pre-Smoothing
cr:1.06098,iter:5,level:0,rank:0,datasize:10000,operation:Residual
cr:771.786,iter:5,level:1,rank:0,datasize:12638,operation:Pre-Smoothing
SZ is downgraded to lossless mode.
cr:1.0414,iter:5,level:1,rank:0,datasize:12638,operation:Residual
SZ is downgraded to lossless mode.
cr:984.615,iter:5,level:2,rank:0,datasize:16000,operation:Pre-Smoothing
SZ is downgraded to lossless mode.
cr:1.04365,iter:5,level:2,rank:0,datasize:16000,operation:Residual
SZ is downgraded to lossless mode.
cr:1054.67,iter:5,level:3,rank:0,datasize:17402,operation:Pre-Smoothing
SZ is downgraded to lossless mode.
cr:1.04345,iter:5,level:3,rank:0,datasize:17402,operation:Residual
SZ is downgraded to lossless mode.
cr:931.603,iter:5,level:4,rank:0,datasize:15255,operation:Pre-Smoothing
SZ is downgraded to lossless mode.
cr:1.04453,iter:5,level:4,rank:0,datasize:15255,operation:Residual
SZ is downgraded to lossless mode.
cr:743.511,iter:5,level:5,rank:0,datasize:12175,operation:Pre-Smoothing
SZ is downgraded to lossless mode.
cr:1.04475,iter:5,level:5,rank:0,datasize:12175,operation:Residual
SZ is downgraded to lossless mode.
cr:584.55,iter:5,level:6,rank:0,datasize:9572,operation:Pre-Smoothing
SZ is downgraded to lossless mode.
cr:1.0439,iter:5,level:6,rank:0,datasize:9572,operation:Residual
SZ is downgraded to lossless mode.
cr:453.953,iter:5,level:7,rank:0,datasize:7320,operation:Pre-Smoothing
SZ is downgraded to lossless mode.
cr:1.04394,iter:5,level:7,rank:0,datasize:7320,operation:Residual
SZ is downgraded to lossless mode.
cr:346.709,iter:5,level:8,rank:0,datasize:5504,operation:Pre-Smoothing
SZ is downgraded to lossless mode.
cr:1.04356,iter:5,level:8,rank:0,datasize:5504,operation:Residual
SZ is downgraded to lossless mode.
cr:284.262,iter:5,level:9,rank:0,datasize:3802,operation:Pre-Smoothing
SZ is downgraded to lossless mode.
cr:1.04236,iter:5,level:9,rank:0,datasize:3802,operation:Residual
SZ is downgraded to lossless mode.
cr:195.589,iter:5,level:10,rank:0,datasize:2616,operation:Pre-Smoothing
SZ is downgraded to lossless mode.
cr:1.04078,iter:5,level:10,rank:0,datasize:2616,operation:Residual
SZ is downgraded to lossless mode.
cr:125.009,iter:5,level:11,rank:0,datasize:1672,operation:Pre-Smoothing
SZ is downgraded to lossless mode.
cr:1.03666,iter:5,level:11,rank:0,datasize:1672,operation:Residual
SZ is downgraded to lossless mode.
cr:77.8318,iter:5,level:12,rank:0,datasize:1041,operation:Pre-Smoothing
SZ is downgraded to lossless mode.
SZ is downgraded to lossless mode.
cr:1.03248,iter:5,level:12,rank:0,datasize:1041,operation:Residual
cr:47.9252,iter:5,level:13,rank:0,datasize:641,operation:Pre-Smoothing
SZ is downgraded to lossless mode.
SZ is downgraded to lossless mode.
cr:1.02642,iter:5,level:13,rank:0,datasize:641,operation:Residual
cr:25.3204,iter:5,level:14,rank:0,datasize:326,operation:Pre-Smoothing
cr:1.00851,iter:5,level:14,rank:0,datasize:326,operation:Residual
cr:14.019,iter:5,level:15,rank:0,datasize:184,operation:Pre-Smoothing
cr:0.987919,iter:5,level:15,rank:0,datasize:184,operation:Residual
cr:5.67273,iter:5,level:16,rank:0,datasize:78,operation:Pre-Smoothing
cr:0.914956,iter:5,level:16,rank:0,datasize:78,operation:Residual
cr:2.66667,iter:5,level:17,rank:0,datasize:22,operation:Pre-Smoothing
cr:0.755365,iter:5,level:17,rank:0,datasize:22,operation:Residual
cr:0.359551,iter:5,level:18,rank:0,datasize:4,operation:Interpolation
cr:0.755365,iter:5,level:18,rank:0,datasize:22,operation:Post-smoothing
cr:0.55814,iter:5,level:18,rank:0,datasize:9,operation:Interpolation
cr:0.914956,iter:5,level:18,rank:0,datasize:78,operation:Post-smoothing
cr:0.802768,iter:5,level:18,rank:0,datasize:29,operation:Interpolation
cr:0.997966,iter:5,level:18,rank:0,datasize:184,operation:Post-smoothing
cr:0.861244,iter:5,level:18,rank:0,datasize:45,operation:Interpolation
cr:1.02758,iter:5,level:18,rank:0,datasize:326,operation:Post-smoothing
cr:0.908517,iter:5,level:18,rank:0,datasize:72,operation:Interpolation
SZ is downgraded to lossless mode.
cr:1.05406,iter:5,level:18,rank:0,datasize:641,operation:Post-smoothing
SZ is downgraded to lossless mode.
cr:0.989518,iter:5,level:18,rank:0,datasize:118,operation:Interpolation
SZ is downgraded to lossless mode.
SZ is downgraded to lossless mode.
cr:1.06008,iter:5,level:18,rank:0,datasize:1041,operation:Post-smoothing
cr:1.00429,iter:5,level:18,rank:0,datasize:205,operation:Interpolation
SZ is downgraded to lossless mode.
cr:1.06302,iter:5,level:18,rank:0,datasize:1672,operation:Post-smoothing
SZ is downgraded to lossless mode.
cr:1.02091,iter:5,level:18,rank:0,datasize:299,operation:Interpolation
SZ is downgraded to lossless mode.
cr:1.06471,iter:5,level:18,rank:0,datasize:2616,operation:Post-smoothing
SZ is downgraded to lossless mode.
SZ is downgraded to lossless mode.
SZ is downgraded to lossless mode.
cr:1.04069,iter:5,level:18,rank:0,datasize:470,operation:Interpolation
SZ is downgraded to lossless mode.
SZ is downgraded to lossless mode.
cr:1.06435,iter:5,level:18,rank:0,datasize:3802,operation:Post-smoothing
SZ is downgraded to lossless mode.
SZ is downgraded to lossless mode.
cr:1.04651,iter:5,level:18,rank:0,datasize:630,operation:Interpolation
SZ is downgraded to lossless mode.
SZ is downgraded to lossless mode.
cr:1.06373,iter:5,level:18,rank:0,datasize:5504,operation:Post-smoothing
SZ is downgraded to lossless mode.
cr:1.05101,iter:5,level:18,rank:0,datasize:886,operation:Interpolation
SZ is downgraded to lossless mode.
SZ is downgraded to lossless mode.
SZ is downgraded to lossless mode.
cr:1.0607,iter:5,level:18,rank:0,datasize:7320,operation:Post-smoothing
SZ is downgraded to lossless mode.
cr:1.05335,iter:5,level:18,rank:0,datasize:1271,operation:Interpolation
SZ is downgraded to lossless mode.
SZ is downgraded to lossless mode.
cr:1.05873,iter:5,level:18,rank:0,datasize:9572,operation:Post-smoothing
SZ is downgraded to lossless mode.
SZ is downgraded to lossless mode.
cr:1.05435,iter:5,level:18,rank:0,datasize:1724,operation:Interpolation
SZ is downgraded to lossless mode.
SZ is downgraded to lossless mode.
cr:1.05639,iter:5,level:18,rank:0,datasize:12175,operation:Post-smoothing
SZ is downgraded to lossless mode.
SZ is downgraded to lossless mode.
cr:1.05167,iter:5,level:18,rank:0,datasize:2300,operation:Interpolation
SZ is downgraded to lossless mode.
SZ is downgraded to lossless mode.
cr:1.05486,iter:5,level:18,rank:0,datasize:15255,operation:Post-smoothing
SZ is downgraded to lossless mode.
SZ is downgraded to lossless mode.
cr:1.05221,iter:5,level:18,rank:0,datasize:2998,operation:Interpolation
SZ is downgraded to lossless mode.
SZ is downgraded to lossless mode.
cr:1.05326,iter:5,level:18,rank:0,datasize:17402,operation:Post-smoothing
SZ is downgraded to lossless mode.
SZ is downgraded to lossless mode.
cr:1.05192,iter:5,level:18,rank:0,datasize:4098,operation:Interpolation
SZ is downgraded to lossless mode.
SZ is downgraded to lossless mode.
cr:1.05285,iter:5,level:18,rank:0,datasize:16000,operation:Post-smoothing
SZ is downgraded to lossless mode.
SZ is downgraded to lossless mode.
cr:1.05175,iter:5,level:18,rank:0,datasize:5269,operation:Interpolation
SZ is downgraded to lossless mode.
SZ is downgraded to lossless mode.
cr:1.05216,iter:5,level:18,rank:0,datasize:12638,operation:Post-smoothing
SZ is downgraded to lossless mode.
SZ is downgraded to lossless mode.
cr:1.05097,iter:5,level:18,rank:0,datasize:4815,operation:Interpolation
SZ is downgraded to lossless mode.
cr:1.0617,iter:5,level:18,rank:0,datasize:10000,operation:Post-smoothing
cr:1.0618,iter:5,level:18,rank:0,datasize:10000,operation:Residual-Norm
cr:1.0618,iter:6,level:0,rank:0,datasize:10000,operation:Pre-Smoothing
cr:1.06147,iter:6,level:0,rank:0,datasize:10000,operation:Residual
cr:771.786,iter:6,level:1,rank:0,datasize:12638,operation:Pre-Smoothing
SZ is downgraded to lossless mode.
cr:1.03719,iter:6,level:1,rank:0,datasize:12638,operation:Residual
SZ is downgraded to lossless mode.
cr:984.615,iter:6,level:2,rank:0,datasize:16000,operation:Pre-Smoothing
SZ is downgraded to lossless mode.
cr:1.04039,iter:6,level:2,rank:0,datasize:16000,operation:Residual
cr:1054.67,iter:6,level:3,rank:0,datasize:17402,operation:Pre-Smoothing
SZ is downgraded to lossless mode.
cr:1.04243,iter:6,level:3,rank:0,datasize:17402,operation:Residual
SZ is downgraded to lossless mode.
cr:931.603,iter:6,level:4,rank:0,datasize:15255,operation:Pre-Smoothing
SZ is downgraded to lossless mode.
cr:1.04384,iter:6,level:4,rank:0,datasize:15255,operation:Residual
SZ is downgraded to lossless mode.
cr:743.511,iter:6,level:5,rank:0,datasize:12175,operation:Pre-Smoothing
SZ is downgraded to lossless mode.
cr:1.04374,iter:6,level:5,rank:0,datasize:12175,operation:Residual
SZ is downgraded to lossless mode.
cr:584.55,iter:6,level:6,rank:0,datasize:9572,operation:Pre-Smoothing
SZ is downgraded to lossless mode.
cr:1.04357,iter:6,level:6,rank:0,datasize:9572,operation:Residual
SZ is downgraded to lossless mode.
cr:453.953,iter:6,level:7,rank:0,datasize:7320,operation:Pre-Smoothing
SZ is downgraded to lossless mode.
cr:1.04394,iter:6,level:7,rank:0,datasize:7320,operation:Residual
SZ is downgraded to lossless mode.
cr:346.709,iter:6,level:8,rank:0,datasize:5504,operation:Pre-Smoothing
SZ is downgraded to lossless mode.
cr:1.04272,iter:6,level:8,rank:0,datasize:5504,operation:Residual
SZ is downgraded to lossless mode.
cr:284.262,iter:6,level:9,rank:0,datasize:3802,operation:Pre-Smoothing
SZ is downgraded to lossless mode.
cr:1.042,iter:6,level:9,rank:0,datasize:3802,operation:Residual
SZ is downgraded to lossless mode.
cr:195.589,iter:6,level:10,rank:0,datasize:2616,operation:Pre-Smoothing
SZ is downgraded to lossless mode.
cr:1.03913,iter:6,level:10,rank:0,datasize:2616,operation:Residual
SZ is downgraded to lossless mode.
cr:125.009,iter:6,level:11,rank:0,datasize:1672,operation:Pre-Smoothing
SZ is downgraded to lossless mode.
cr:1.03602,iter:6,level:11,rank:0,datasize:1672,operation:Residual
SZ is downgraded to lossless mode.
cr:77.8318,iter:6,level:12,rank:0,datasize:1041,operation:Pre-Smoothing
SZ is downgraded to lossless mode.
cr:1.03171,iter:6,level:12,rank:0,datasize:1041,operation:Residual
SZ is downgraded to lossless mode.
cr:47.9252,iter:6,level:13,rank:0,datasize:641,operation:Pre-Smoothing
SZ is downgraded to lossless mode.
SZ is downgraded to lossless mode.
cr:1.02314,iter:6,level:13,rank:0,datasize:641,operation:Residual
cr:25.3204,iter:6,level:14,rank:0,datasize:326,operation:Pre-Smoothing
cr:1.00385,iter:6,level:14,rank:0,datasize:326,operation:Residual
cr:14.019,iter:6,level:15,rank:0,datasize:184,operation:Pre-Smoothing
cr:0.981988,iter:6,level:15,rank:0,datasize:184,operation:Residual
cr:5.67273,iter:6,level:16,rank:0,datasize:78,operation:Pre-Smoothing
cr:0.924444,iter:6,level:16,rank:0,datasize:78,operation:Residual
cr:2.66667,iter:6,level:17,rank:0,datasize:22,operation:Pre-Smoothing
cr:0.755365,iter:6,level:17,rank:0,datasize:22,operation:Residual
cr:0.359551,iter:6,level:18,rank:0,datasize:4,operation:Interpolation
cr:0.755365,iter:6,level:18,rank:0,datasize:22,operation:Post-smoothing
cr:0.55814,iter:6,level:18,rank:0,datasize:9,operation:Interpolation
cr:0.914956,iter:6,level:18,rank:0,datasize:78,operation:Post-smoothing
cr:0.802768,iter:6,level:18,rank:0,datasize:29,operation:Interpolation
cr:0.994595,iter:6,level:18,rank:0,datasize:184,operation:Post-smoothing
cr:0.861244,iter:6,level:18,rank:0,datasize:45,operation:Interpolation
cr:1.02275,iter:6,level:18,rank:0,datasize:326,operation:Post-smoothing
cr:0.908517,iter:6,level:18,rank:0,datasize:72,operation:Interpolation
SZ is downgraded to lossless mode.
SZ is downgraded to lossless mode.
cr:1.04781,iter:6,level:18,rank:0,datasize:641,operation:Post-smoothing
cr:1,iter:6,level:18,rank:0,datasize:118,operation:Interpolation
SZ is downgraded to lossless mode.
SZ is downgraded to lossless mode.
cr:1.05565,iter:6,level:18,rank:0,datasize:1041,operation:Post-smoothing
cr:1.00122,iter:6,level:18,rank:0,datasize:205,operation:Interpolation
SZ is downgraded to lossless mode.
SZ is downgraded to lossless mode.
cr:1.05949,iter:6,level:18,rank:0,datasize:1672,operation:Post-smoothing
cr:1.01787,iter:6,level:18,rank:0,datasize:299,operation:Interpolation
SZ is downgraded to lossless mode.
cr:1.05879,iter:6,level:18,rank:0,datasize:2616,operation:Post-smoothing
SZ is downgraded to lossless mode.
SZ is downgraded to lossless mode.
SZ is downgraded to lossless mode.
cr:1.0341,iter:6,level:18,rank:0,datasize:470,operation:Interpolation
SZ is downgraded to lossless mode.
cr:1.05835,iter:6,level:18,rank:0,datasize:3802,operation:Post-smoothing
SZ is downgraded to lossless mode.
SZ is downgraded to lossless mode.
SZ is downgraded to lossless mode.
cr:1.04068,iter:6,level:18,rank:0,datasize:630,operation:Interpolation
SZ is downgraded to lossless mode.
SZ is downgraded to lossless mode.
cr:1.0577,iter:6,level:18,rank:0,datasize:5504,operation:Post-smoothing
SZ is downgraded to lossless mode.
cr:1.04481,iter:6,level:18,rank:0,datasize:886,operation:Interpolation
SZ is downgraded to lossless mode.
SZ is downgraded to lossless mode.
cr:1.05439,iter:6,level:18,rank:0,datasize:7320,operation:Post-smoothing
SZ is downgraded to lossless mode.
SZ is downgraded to lossless mode.
cr:1.0476,iter:6,level:18,rank:0,datasize:1271,operation:Interpolation
SZ is downgraded to lossless mode.
SZ is downgraded to lossless mode.
cr:1.05333,iter:6,level:18,rank:0,datasize:9572,operation:Post-smoothing
SZ is downgraded to lossless mode.
SZ is downgraded to lossless mode.
cr:1.0481,iter:6,level:18,rank:0,datasize:1724,operation:Interpolation
SZ is downgraded to lossless mode.
SZ is downgraded to lossless mode.
cr:1.05132,iter:6,level:18,rank:0,datasize:12175,operation:Post-smoothing
SZ is downgraded to lossless mode.
SZ is downgraded to lossless mode.
cr:1.04664,iter:6,level:18,rank:0,datasize:2300,operation:Interpolation
SZ is downgraded to lossless mode.
SZ is downgraded to lossless mode.
SZ is downgraded to lossless mode.
cr:1.05048,iter:6,level:18,rank:0,datasize:15255,operation:Post-smoothing
SZ is downgraded to lossless mode.
cr:1.04761,iter:6,level:18,rank:0,datasize:2998,operation:Interpolation
SZ is downgraded to lossless mode.
SZ is downgraded to lossless mode.
cr:1.0499,iter:6,level:18,rank:0,datasize:17402,operation:Post-smoothing
SZ is downgraded to lossless mode.
SZ is downgraded to lossless mode.
cr:1.04812,iter:6,level:18,rank:0,datasize:4098,operation:Interpolation
SZ is downgraded to lossless mode.
SZ is downgraded to lossless mode.
cr:1.0496,iter:6,level:18,rank:0,datasize:16000,operation:Post-smoothing
SZ is downgraded to lossless mode.
SZ is downgraded to lossless mode.
SZ is downgraded to lossless mode.
cr:1.04845,iter:6,level:18,rank:0,datasize:5269,operation:Interpolation
SZ is downgraded to lossless mode.
cr:1.04925,iter:6,level:18,rank:0,datasize:12638,operation:Post-smoothing
SZ is downgraded to lossless mode.
SZ is downgraded to lossless mode.
cr:1.04811,iter:6,level:18,rank:0,datasize:4815,operation:Interpolation
SZ is downgraded to lossless mode.
cr:1.06202,iter:6,level:18,rank:0,datasize:10000,operation:Post-smoothing
cr:1.06209,iter:6,level:18,rank:0,datasize:10000,operation:Residual-Norm
cr:1.06209,iter:7,level:0,rank:0,datasize:10000,operation:Pre-Smoothing
cr:1.06233,iter:7,level:0,rank:0,datasize:10000,operation:Residual
cr:771.786,iter:7,level:1,rank:0,datasize:12638,operation:Pre-Smoothing
cr:2.10104,iter:7,level:1,rank:0,datasize:12638,operation:Residual
cr:984.615,iter:7,level:2,rank:0,datasize:16000,operation:Pre-Smoothing
cr:1.95518,iter:7,level:2,rank:0,datasize:16000,operation:Residual
cr:1054.67,iter:7,level:3,rank:0,datasize:17402,operation:Pre-Smoothing
SZ is downgraded to lossless mode.
cr:1.03993,iter:7,level:3,rank:0,datasize:17402,operation:Residual
SZ is downgraded to lossless mode.
cr:931.603,iter:7,level:4,rank:0,datasize:15255,operation:Pre-Smoothing
SZ is downgraded to lossless mode.
cr:1.04269,iter:7,level:4,rank:0,datasize:15255,operation:Residual
SZ is downgraded to lossless mode.
cr:743.511,iter:7,level:5,rank:0,datasize:12175,operation:Pre-Smoothing
SZ is downgraded to lossless mode.
cr:1.04327,iter:7,level:5,rank:0,datasize:12175,operation:Residual
SZ is downgraded to lossless mode.
cr:584.55,iter:7,level:6,rank:0,datasize:9572,operation:Pre-Smoothing
SZ is downgraded to lossless mode.
cr:1.04307,iter:7,level:6,rank:0,datasize:9572,operation:Residual
SZ is downgraded to lossless mode.
cr:453.953,iter:7,level:7,rank:0,datasize:7320,operation:Pre-Smoothing
SZ is downgraded to lossless mode.
cr:1.04257,iter:7,level:7,rank:0,datasize:7320,operation:Residual
SZ is downgraded to lossless mode.
cr:346.709,iter:7,level:8,rank:0,datasize:5504,operation:Pre-Smoothing
SZ is downgraded to lossless mode.
cr:1.04218,iter:7,level:8,rank:0,datasize:5504,operation:Residual
SZ is downgraded to lossless mode.
cr:284.262,iter:7,level:9,rank:0,datasize:3802,operation:Pre-Smoothing
SZ is downgraded to lossless mode.
cr:1.04086,iter:7,level:9,rank:0,datasize:3802,operation:Residual
SZ is downgraded to lossless mode.
cr:195.589,iter:7,level:10,rank:0,datasize:2616,operation:Pre-Smoothing
SZ is downgraded to lossless mode.
cr:1.03804,iter:7,level:10,rank:0,datasize:2616,operation:Residual
SZ is downgraded to lossless mode.
cr:125.009,iter:7,level:11,rank:0,datasize:1672,operation:Pre-Smoothing
SZ is downgraded to lossless mode.
cr:1.03457,iter:7,level:11,rank:0,datasize:1672,operation:Residual
SZ is downgraded to lossless mode.
cr:77.8318,iter:7,level:12,rank:0,datasize:1041,operation:Pre-Smoothing
SZ is downgraded to lossless mode.
SZ is downgraded to lossless mode.
cr:1.02853,iter:7,level:12,rank:0,datasize:1041,operation:Residual
cr:47.9252,iter:7,level:13,rank:0,datasize:641,operation:Pre-Smoothing
SZ is downgraded to lossless mode.
SZ is downgraded to lossless mode.
cr:1.02029,iter:7,level:13,rank:0,datasize:641,operation:Residual
cr:25.3204,iter:7,level:14,rank:0,datasize:326,operation:Pre-Smoothing
cr:1.00077,iter:7,level:14,rank:0,datasize:326,operation:Residual
cr:14.019,iter:7,level:15,rank:0,datasize:184,operation:Pre-Smoothing
cr:0.962092,iter:7,level:15,rank:0,datasize:184,operation:Residual
cr:5.67273,iter:7,level:16,rank:0,datasize:78,operation:Pre-Smoothing
cr:0.914956,iter:7,level:16,rank:0,datasize:78,operation:Residual
cr:2.66667,iter:7,level:17,rank:0,datasize:22,operation:Pre-Smoothing
cr:0.755365,iter:7,level:17,rank:0,datasize:22,operation:Residual
cr:0.359551,iter:7,level:18,rank:0,datasize:4,operation:Interpolation
cr:0.755365,iter:7,level:18,rank:0,datasize:22,operation:Post-smoothing
cr:0.55814,iter:7,level:18,rank:0,datasize:9,operation:Interpolation
cr:0.914956,iter:7,level:18,rank:0,datasize:78,operation:Post-smoothing
cr:0.802768,iter:7,level:18,rank:0,datasize:29,operation:Interpolation
cr:0.988583,iter:7,level:18,rank:0,datasize:184,operation:Post-smoothing
cr:0.861244,iter:7,level:18,rank:0,datasize:45,operation:Interpolation
cr:1.02234,iter:7,level:18,rank:0,datasize:326,operation:Post-smoothing
cr:0.908517,iter:7,level:18,rank:0,datasize:72,operation:Interpolation
SZ is downgraded to lossless mode.
SZ is downgraded to lossless mode.
cr:1.0427,iter:7,level:18,rank:0,datasize:641,operation:Post-smoothing
cr:1,iter:7,level:18,rank:0,datasize:118,operation:Interpolation
SZ is downgraded to lossless mode.
SZ is downgraded to lossless mode.
cr:1.04926,iter:7,level:18,rank:0,datasize:1041,operation:Post-smoothing
cr:0.998782,iter:7,level:18,rank:0,datasize:205,operation:Interpolation
SZ is downgraded to lossless mode.
SZ is downgraded to lossless mode.
cr:1.05265,iter:7,level:18,rank:0,datasize:1672,operation:Post-smoothing
cr:1.01099,iter:7,level:18,rank:0,datasize:299,operation:Interpolation
SZ is downgraded to lossless mode.
SZ is downgraded to lossless mode.
cr:1.05272,iter:7,level:18,rank:0,datasize:2616,operation:Post-smoothing
SZ is downgraded to lossless mode.
SZ is downgraded to lossless mode.
cr:1.02592,iter:7,level:18,rank:0,datasize:470,operation:Interpolation
SZ is downgraded to lossless mode.
cr:1.0518,iter:7,level:18,rank:0,datasize:3802,operation:Post-smoothing
SZ is downgraded to lossless mode.
SZ is downgraded to lossless mode.
SZ is downgraded to lossless mode.
cr:1.03342,iter:7,level:18,rank:0,datasize:630,operation:Interpolation
SZ is downgraded to lossless mode.
SZ is downgraded to lossless mode.
cr:1.05141,iter:7,level:18,rank:0,datasize:5504,operation:Post-smoothing
SZ is downgraded to lossless mode.
SZ is downgraded to lossless mode.
cr:1.04067,iter:7,level:18,rank:0,datasize:886,operation:Interpolation
SZ is downgraded to lossless mode.
SZ is downgraded to lossless mode.
cr:1.04974,iter:7,level:18,rank:0,datasize:7320,operation:Post-smoothing
SZ is downgraded to lossless mode.
cr:1.04223,iter:7,level:18,rank:0,datasize:1271,operation:Interpolation
SZ is downgraded to lossless mode.
SZ is downgraded to lossless mode.
cr:1.04857,iter:7,level:18,rank:0,datasize:9572,operation:Post-smoothing
SZ is downgraded to lossless mode.
SZ is downgraded to lossless mode.
cr:1.04422,iter:7,level:18,rank:0,datasize:1724,operation:Interpolation
SZ is downgraded to lossless mode.
SZ is downgraded to lossless mode.
SZ is downgraded to lossless mode.
cr:1.04811,iter:7,level:18,rank:0,datasize:12175,operation:Post-smoothing
SZ is downgraded to lossless mode.
cr:1.04421,iter:7,level:18,rank:0,datasize:2300,operation:Interpolation
SZ is downgraded to lossless mode.
SZ is downgraded to lossless mode.
cr:1.04722,iter:7,level:18,rank:0,datasize:15255,operation:Post-smoothing
SZ is downgraded to lossless mode.
SZ is downgraded to lossless mode.
SZ is downgraded to lossless mode.
cr:1.04478,iter:7,level:18,rank:0,datasize:2998,operation:Interpolation
SZ is downgraded to lossless mode.
SZ is downgraded to lossless mode.
cr:1.04698,iter:7,level:18,rank:0,datasize:17402,operation:Post-smoothing
SZ is downgraded to lossless mode.
cr:1.04534,iter:7,level:18,rank:0,datasize:4098,operation:Interpolation
SZ is downgraded to lossless mode.
SZ is downgraded to lossless mode.
cr:1.04691,iter:7,level:18,rank:0,datasize:16000,operation:Post-smoothing
SZ is downgraded to lossless mode.
SZ is downgraded to lossless mode.
SZ is downgraded to lossless mode.
cr:1.04611,iter:7,level:18,rank:0,datasize:5269,operation:Interpolation
SZ is downgraded to lossless mode.
cr:1.0467,iter:7,level:18,rank:0,datasize:12638,operation:Post-smoothing
SZ is downgraded to lossless mode.
SZ is downgraded to lossless mode.
cr:1.04538,iter:7,level:18,rank:0,datasize:4815,operation:Interpolation
SZ is downgraded to lossless mode.
cr:1.06202,iter:7,level:18,rank:0,datasize:10000,operation:Post-smoothing
cr:1.0618,iter:7,level:18,rank:0,datasize:10000,operation:Residual-Norm
cr:1.0618,iter:8,level:0,rank:0,datasize:10000,operation:Pre-Smoothing
cr:1.06178,iter:8,level:0,rank:0,datasize:10000,operation:Residual
cr:771.786,iter:8,level:1,rank:0,datasize:12638,operation:Pre-Smoothing
cr:2.49868,iter:8,level:1,rank:0,datasize:12638,operation:Residual
cr:984.615,iter:8,level:2,rank:0,datasize:16000,operation:Pre-Smoothing
cr:2.40457,iter:8,level:2,rank:0,datasize:16000,operation:Residual
cr:1054.67,iter:8,level:3,rank:0,datasize:17402,operation:Pre-Smoothing
cr:1.92171,iter:8,level:3,rank:0,datasize:17402,operation:Residual
cr:931.603,iter:8,level:4,rank:0,datasize:15255,operation:Pre-Smoothing
SZ is downgraded to lossless mode.
cr:1.0405,iter:8,level:4,rank:0,datasize:15255,operation:Residual
SZ is downgraded to lossless mode.
cr:743.511,iter:8,level:5,rank:0,datasize:12175,operation:Pre-Smoothing
SZ is downgraded to lossless mode.
cr:1.04221,iter:8,level:5,rank:0,datasize:12175,operation:Residual
SZ is downgraded to lossless mode.
cr:584.55,iter:8,level:6,rank:0,datasize:9572,operation:Pre-Smoothing
SZ is downgraded to lossless mode.
cr:1.04242,iter:8,level:6,rank:0,datasize:9572,operation:Residual
SZ is downgraded to lossless mode.
cr:453.953,iter:8,level:7,rank:0,datasize:7320,operation:Pre-Smoothing
SZ is downgraded to lossless mode.
cr:1.04214,iter:8,level:7,rank:0,datasize:7320,operation:Residual
SZ is downgraded to lossless mode.
cr:346.709,iter:8,level:8,rank:0,datasize:5504,operation:Pre-Smoothing
SZ is downgraded to lossless mode.
cr:1.04198,iter:8,level:8,rank:0,datasize:5504,operation:Residual
SZ is downgraded to lossless mode.
cr:284.262,iter:8,level:9,rank:0,datasize:3802,operation:Pre-Smoothing
SZ is downgraded to lossless mode.
cr:1.04011,iter:8,level:9,rank:0,datasize:3802,operation:Residual
SZ is downgraded to lossless mode.
cr:195.589,iter:8,level:10,rank:0,datasize:2616,operation:Pre-Smoothing
SZ is downgraded to lossless mode.
cr:1.03707,iter:8,level:10,rank:0,datasize:2616,operation:Residual
SZ is downgraded to lossless mode.
cr:125.009,iter:8,level:11,rank:0,datasize:1672,operation:Pre-Smoothing
SZ is downgraded to lossless mode.
cr:1.03457,iter:8,level:11,rank:0,datasize:1672,operation:Residual
SZ is downgraded to lossless mode.
cr:77.8318,iter:8,level:12,rank:0,datasize:1041,operation:Pre-Smoothing
SZ is downgraded to lossless mode.
SZ is downgraded to lossless mode.
cr:1.02751,iter:8,level:12,rank:0,datasize:1041,operation:Residual
cr:47.9252,iter:8,level:13,rank:0,datasize:641,operation:Pre-Smoothing
SZ is downgraded to lossless mode.
SZ is downgraded to lossless mode.
cr:1.02131,iter:8,level:13,rank:0,datasize:641,operation:Residual
cr:25.3204,iter:8,level:14,rank:0,datasize:326,operation:Pre-Smoothing
cr:0.998851,iter:8,level:14,rank:0,datasize:326,operation:Residual
cr:14.019,iter:8,level:15,rank:0,datasize:184,operation:Pre-Smoothing
cr:0.962092,iter:8,level:15,rank:0,datasize:184,operation:Residual
cr:5.67273,iter:8,level:16,rank:0,datasize:78,operation:Pre-Smoothing
cr:0.921713,iter:8,level:16,rank:0,datasize:78,operation:Residual
cr:2.66667,iter:8,level:17,rank:0,datasize:22,operation:Pre-Smoothing
cr:0.755365,iter:8,level:17,rank:0,datasize:22,operation:Residual
cr:0.359551,iter:8,level:18,rank:0,datasize:4,operation:Interpolation
cr:0.755365,iter:8,level:18,rank:0,datasize:22,operation:Post-smoothing
cr:0.55814,iter:8,level:18,rank:0,datasize:9,operation:Interpolation
cr:0.914956,iter:8,level:18,rank:0,datasize:78,operation:Post-smoothing
cr:0.802768,iter:8,level:18,rank:0,datasize:29,operation:Interpolation
cr:0.987919,iter:8,level:18,rank:0,datasize:184,operation:Post-smoothing
cr:0.861244,iter:8,level:18,rank:0,datasize:45,operation:Interpolation
cr:1.01558,iter:8,level:18,rank:0,datasize:326,operation:Post-smoothing
cr:0.908517,iter:8,level:18,rank:0,datasize:72,operation:Interpolation
SZ is downgraded to lossless mode.
SZ is downgraded to lossless mode.
cr:1.03533,iter:8,level:18,rank:0,datasize:641,operation:Post-smoothing
cr:0.997886,iter:8,level:18,rank:0,datasize:118,operation:Interpolation
SZ is downgraded to lossless mode.
SZ is downgraded to lossless mode.
cr:1.04165,iter:8,level:18,rank:0,datasize:1041,operation:Post-smoothing
cr:0.987952,iter:8,level:18,rank:0,datasize:205,operation:Interpolation
SZ is downgraded to lossless mode.
cr:1.04574,iter:8,level:18,rank:0,datasize:1672,operation:Post-smoothing
SZ is downgraded to lossless mode.
cr:1.00462,iter:8,level:18,rank:0,datasize:299,operation:Interpolation
SZ is downgraded to lossless mode.
cr:1.04692,iter:8,level:18,rank:0,datasize:2616,operation:Post-smoothing
SZ is downgraded to lossless mode.
SZ is downgraded to lossless mode.
SZ is downgraded to lossless mode.
cr:1.02035,iter:8,level:18,rank:0,datasize:470,operation:Interpolation
SZ is downgraded to lossless mode.
SZ is downgraded to lossless mode.
cr:1.04702,iter:8,level:18,rank:0,datasize:3802,operation:Post-smoothing
SZ is downgraded to lossless mode.
SZ is downgraded to lossless mode.
cr:1.03173,iter:8,level:18,rank:0,datasize:630,operation:Interpolation
SZ is downgraded to lossless mode.
SZ is downgraded to lossless mode.
cr:1.04651,iter:8,level:18,rank:0,datasize:5504,operation:Post-smoothing
SZ is downgraded to lossless mode.
SZ is downgraded to lossless mode.
cr:1.03384,iter:8,level:18,rank:0,datasize:886,operation:Interpolation
SZ is downgraded to lossless mode.
SZ is downgraded to lossless mode.
cr:1.04652,iter:8,level:18,rank:0,datasize:7320,operation:Post-smoothing
SZ is downgraded to lossless mode.
cr:1.0384,iter:8,level:18,rank:0,datasize:1271,operation:Interpolation
SZ is downgraded to lossless mode.
SZ is downgraded to lossless mode.
SZ is downgraded to lossless mode.
cr:1.04591,iter:8,level:18,rank:0,datasize:9572,operation:Post-smoothing
SZ is downgraded to lossless mode.
cr:1.04138,iter:8,level:18,rank:0,datasize:1724,operation:Interpolation
SZ is downgraded to lossless mode.
SZ is downgraded to lossless mode.
SZ is downgraded to lossless mode.
cr:1.04607,iter:8,level:18,rank:0,datasize:12175,operation:Post-smoothing
SZ is downgraded to lossless mode.
SZ is downgraded to lossless mode.
cr:1.04285,iter:8,level:18,rank:0,datasize:2300,operation:Interpolation
SZ is downgraded to lossless mode.
SZ is downgraded to lossless mode.
cr:1.04562,iter:8,level:18,rank:0,datasize:15255,operation:Post-smoothing
SZ is downgraded to lossless mode.
SZ is downgraded to lossless mode.
cr:1.04315,iter:8,level:18,rank:0,datasize:2998,operation:Interpolation
SZ is downgraded to lossless mode.
cr:1.04593,iter:8,level:18,rank:0,datasize:17402,operation:Post-smoothing
SZ is downgraded to lossless mode.
SZ is downgraded to lossless mode.
cr:1.04524,iter:8,level:18,rank:0,datasize:4098,operation:Interpolation
SZ is downgraded to lossless mode.
SZ is downgraded to lossless mode.
cr:1.04571,iter:8,level:18,rank:0,datasize:16000,operation:Post-smoothing
SZ is downgraded to lossless mode.
SZ is downgraded to lossless mode.
SZ is downgraded to lossless mode.
cr:1.04476,iter:8,level:18,rank:0,datasize:5269,operation:Interpolation
SZ is downgraded to lossless mode.
cr:1.04553,iter:8,level:18,rank:0,datasize:12638,operation:Post-smoothing
SZ is downgraded to lossless mode.
SZ is downgraded to lossless mode.
cr:1.04464,iter:8,level:18,rank:0,datasize:4815,operation:Interpolation
SZ is downgraded to lossless mode.
cr:1.06208,iter:8,level:18,rank:0,datasize:10000,operation:Post-smoothing
cr:1.06209,iter:8,level:18,rank:0,datasize:10000,operation:Residual-Norm
cr:1.06209,iter:9,level:0,rank:0,datasize:10000,operation:Pre-Smoothing
cr:1.06247,iter:9,level:0,rank:0,datasize:10000,operation:Residual
cr:771.786,iter:9,level:1,rank:0,datasize:12638,operation:Pre-Smoothing
cr:3.36117,iter:9,level:1,rank:0,datasize:12638,operation:Residual
cr:984.615,iter:9,level:2,rank:0,datasize:16000,operation:Pre-Smoothing
cr:2.92866,iter:9,level:2,rank:0,datasize:16000,operation:Residual
cr:1054.67,iter:9,level:3,rank:0,datasize:17402,operation:Pre-Smoothing
cr:2.58915,iter:9,level:3,rank:0,datasize:17402,operation:Residual
cr:931.603,iter:9,level:4,rank:0,datasize:15255,operation:Pre-Smoothing
cr:1.76351,iter:9,level:4,rank:0,datasize:15255,operation:Residual
cr:743.511,iter:9,level:5,rank:0,datasize:12175,operation:Pre-Smoothing
SZ is downgraded to lossless mode.
cr:1.04009,iter:9,level:5,rank:0,datasize:12175,operation:Residual
SZ is downgraded to lossless mode.
cr:584.55,iter:9,level:6,rank:0,datasize:9572,operation:Pre-Smoothing
SZ is downgraded to lossless mode.
cr:1.04075,iter:9,level:6,rank:0,datasize:9572,operation:Residual
SZ is downgraded to lossless mode.
cr:453.953,iter:9,level:7,rank:0,datasize:7320,operation:Pre-Smoothing
SZ is downgraded to lossless mode.
cr:1.04162,iter:9,level:7,rank:0,datasize:7320,operation:Residual
SZ is downgraded to lossless mode.
cr:346.709,iter:9,level:8,rank:0,datasize:5504,operation:Pre-Smoothing
SZ is downgraded to lossless mode.
cr:1.04082,iter:9,level:8,rank:0,datasize:5504,operation:Residual
SZ is downgraded to lossless mode.
cr:284.262,iter:9,level:9,rank:0,datasize:3802,operation:Pre-Smoothing
SZ is downgraded to lossless mode.
cr:1.0388,iter:9,level:9,rank:0,datasize:3802,operation:Residual
SZ is downgraded to lossless mode.
cr:195.589,iter:9,level:10,rank:0,datasize:2616,operation:Pre-Smoothing
SZ is downgraded to lossless mode.
cr:1.03732,iter:9,level:10,rank:0,datasize:2616,operation:Residual
SZ is downgraded to lossless mode.
cr:125.009,iter:9,level:11,rank:0,datasize:1672,operation:Pre-Smoothing
SZ is downgraded to lossless mode.
cr:1.03353,iter:9,level:11,rank:0,datasize:1672,operation:Residual
SZ is downgraded to lossless mode.
cr:77.8318,iter:9,level:12,rank:0,datasize:1041,operation:Pre-Smoothing
SZ is downgraded to lossless mode.
SZ is downgraded to lossless mode.
cr:1.02701,iter:9,level:12,rank:0,datasize:1041,operation:Residual
cr:47.9252,iter:9,level:13,rank:0,datasize:641,operation:Pre-Smoothing
SZ is downgraded to lossless mode.
SZ is downgraded to lossless mode.
cr:1.01847,iter:9,level:13,rank:0,datasize:641,operation:Residual
cr:25.3204,iter:9,level:14,rank:0,datasize:326,operation:Pre-Smoothing
cr:0.998086,iter:9,level:14,rank:0,datasize:326,operation:Residual
cr:14.019,iter:9,level:15,rank:0,datasize:184,operation:Pre-Smoothing
cr:0.962092,iter:9,level:15,rank:0,datasize:184,operation:Residual
cr:5.67273,iter:9,level:16,rank:0,datasize:78,operation:Pre-Smoothing
cr:0.914956,iter:9,level:16,rank:0,datasize:78,operation:Residual
cr:2.66667,iter:9,level:17,rank:0,datasize:22,operation:Pre-Smoothing
cr:0.755365,iter:9,level:17,rank:0,datasize:22,operation:Residual
cr:0.359551,iter:9,level:18,rank:0,datasize:4,operation:Interpolation
cr:0.755365,iter:9,level:18,rank:0,datasize:22,operation:Post-smoothing
cr:0.55814,iter:9,level:18,rank:0,datasize:9,operation:Interpolation
cr:0.927192,iter:9,level:18,rank:0,datasize:78,operation:Post-smoothing
cr:0.802768,iter:9,level:18,rank:0,datasize:29,operation:Interpolation
cr:0.962092,iter:9,level:18,rank:0,datasize:184,operation:Post-smoothing
cr:0.861244,iter:9,level:18,rank:0,datasize:45,operation:Interpolation
cr:1.0089,iter:9,level:18,rank:0,datasize:326,operation:Post-smoothing
cr:0.908517,iter:9,level:18,rank:0,datasize:72,operation:Interpolation
SZ is downgraded to lossless mode.
SZ is downgraded to lossless mode.
cr:1.02951,iter:9,level:18,rank:0,datasize:641,operation:Post-smoothing
cr:0.989518,iter:9,level:18,rank:0,datasize:118,operation:Interpolation
SZ is downgraded to lossless mode.
SZ is downgraded to lossless mode.
cr:1.03853,iter:9,level:18,rank:0,datasize:1041,operation:Post-smoothing
cr:0.983213,iter:9,level:18,rank:0,datasize:205,operation:Interpolation
SZ is downgraded to lossless mode.
SZ is downgraded to lossless mode.
cr:1.04142,iter:9,level:18,rank:0,datasize:1672,operation:Post-smoothing
cr:1.00589,iter:9,level:18,rank:0,datasize:299,operation:Interpolation
SZ is downgraded to lossless mode.
SZ is downgraded to lossless mode.
cr:1.044,iter:9,level:18,rank:0,datasize:2616,operation:Post-smoothing
SZ is downgraded to lossless mode.
SZ is downgraded to lossless mode.
cr:1.01787,iter:9,level:18,rank:0,datasize:470,operation:Interpolation
SZ is downgraded to lossless mode.
SZ is downgraded to lossless mode.
cr:1.04354,iter:9,level:18,rank:0,datasize:3802,operation:Post-smoothing
SZ is downgraded to lossless mode.
SZ is downgraded to lossless mode.
cr:1.02731,iter:9,level:18,rank:0,datasize:630,operation:Interpolation
SZ is downgraded to lossless mode.
SZ is downgraded to lossless mode.
cr:1.04463,iter:9,level:18,rank:0,datasize:5504,operation:Post-smoothing
SZ is downgraded to lossless mode.
SZ is downgraded to lossless mode.
cr:1.03429,iter:9,level:18,rank:0,datasize:886,operation:Interpolation
SZ is downgraded to lossless mode.
SZ is downgraded to lossless mode.
cr:1.04463,iter:9,level:18,rank:0,datasize:7320,operation:Post-smoothing
SZ is downgraded to lossless mode.
cr:1.03787,iter:9,level:18,rank:0,datasize:1271,operation:Interpolation
SZ is downgraded to lossless mode.
SZ is downgraded to lossless mode.
cr:1.04531,iter:9,level:18,rank:0,datasize:9572,operation:Post-smoothing
SZ is downgraded to lossless mode.
SZ is downgraded to lossless mode.
cr:1.04028,iter:9,level:18,rank:0,datasize:1724,operation:Interpolation
SZ is downgraded to lossless mode.
SZ is downgraded to lossless mode.
SZ is downgraded to lossless mode.
cr:1.04517,iter:9,level:18,rank:0,datasize:12175,operation:Post-smoothing
SZ is downgraded to lossless mode.
cr:1.0422,iter:9,level:18,rank:0,datasize:2300,operation:Interpolation
SZ is downgraded to lossless mode.
SZ is downgraded to lossless mode.
SZ is downgraded to lossless mode.
cr:1.04528,iter:9,level:18,rank:0,datasize:15255,operation:Post-smoothing
SZ is downgraded to lossless mode.
SZ is downgraded to lossless mode.
cr:1.0436,iter:9,level:18,rank:0,datasize:2998,operation:Interpolation
SZ is downgraded to lossless mode.
cr:1.04518,iter:9,level:18,rank:0,datasize:17402,operation:Post-smoothing
SZ is downgraded to lossless mode.
SZ is downgraded to lossless mode.
cr:1.04341,iter:9,level:18,rank:0,datasize:4098,operation:Interpolation
SZ is downgraded to lossless mode.
SZ is downgraded to lossless mode.
SZ is downgraded to lossless mode.
cr:1.04509,iter:9,level:18,rank:0,datasize:16000,operation:Post-smoothing
SZ is downgraded to lossless mode.
cr:1.04419,iter:9,level:18,rank:0,datasize:5269,operation:Interpolation
SZ is downgraded to lossless mode.
SZ is downgraded to lossless mode.
cr:1.04493,iter:9,level:18,rank:0,datasize:12638,operation:Post-smoothing
SZ is downgraded to lossless mode.
SZ is downgraded to lossless mode.
cr:1.04373,iter:9,level:18,rank:0,datasize:4815,operation:Interpolation
SZ is downgraded to lossless mode.
cr:1.06212,iter:9,level:18,rank:0,datasize:10000,operation:Post-smoothing
cr:1.06211,iter:9,level:18,rank:0,datasize:10000,operation:Residual-Norm
cr:1.06211,iter:10,level:0,rank:0,datasize:10000,operation:Pre-Smoothing
cr:1.06154,iter:10,level:0,rank:0,datasize:10000,operation:Residual
cr:771.786,iter:10,level:1,rank:0,datasize:12638,operation:Pre-Smoothing
cr:4.54073,iter:10,level:1,rank:0,datasize:12638,operation:Residual
cr:984.615,iter:10,level:2,rank:0,datasize:16000,operation:Pre-Smoothing
cr:3.53699,iter:10,level:2,rank:0,datasize:16000,operation:Residual
cr:1054.67,iter:10,level:3,rank:0,datasize:17402,operation:Pre-Smoothing
cr:2.66473,iter:10,level:3,rank:0,datasize:17402,operation:Residual
cr:931.603,iter:10,level:4,rank:0,datasize:15255,operation:Pre-Smoothing
cr:2.05732,iter:10,level:4,rank:0,datasize:15255,operation:Residual
cr:743.511,iter:10,level:5,rank:0,datasize:12175,operation:Pre-Smoothing
SZ is downgraded to lossless mode.
cr:1.03777,iter:10,level:5,rank:0,datasize:12175,operation:Residual
SZ is downgraded to lossless mode.
cr:584.55,iter:10,level:6,rank:0,datasize:9572,operation:Pre-Smoothing
SZ is downgraded to lossless mode.
cr:1.03942,iter:10,level:6,rank:0,datasize:9572,operation:Residual
SZ is downgraded to lossless mode.
cr:453.953,iter:10,level:7,rank:0,datasize:7320,operation:Pre-Smoothing
SZ is downgraded to lossless mode.
cr:1.03964,iter:10,level:7,rank:0,datasize:7320,operation:Residual
SZ is downgraded to lossless mode.
cr:346.709,iter:10,level:8,rank:0,datasize:5504,operation:Pre-Smoothing
SZ is downgraded to lossless mode.
cr:1.03925,iter:10,level:8,rank:0,datasize:5504,operation:Residual
SZ is downgraded to lossless mode.
cr:284.262,iter:10,level:9,rank:0,datasize:3802,operation:Pre-Smoothing
SZ is downgraded to lossless mode.
cr:1.03692,iter:10,level:9,rank:0,datasize:3802,operation:Residual
SZ is downgraded to lossless mode.
cr:195.589,iter:10,level:10,rank:0,datasize:2616,operation:Pre-Smoothing
SZ is downgraded to lossless mode.
cr:1.03542,iter:10,level:10,rank:0,datasize:2616,operation:Residual
SZ is downgraded to lossless mode.
cr:125.009,iter:10,level:11,rank:0,datasize:1672,operation:Pre-Smoothing
SZ is downgraded to lossless mode.
cr:1.0321,iter:10,level:11,rank:0,datasize:1672,operation:Residual
SZ is downgraded to lossless mode.
cr:77.8318,iter:10,level:12,rank:0,datasize:1041,operation:Pre-Smoothing
SZ is downgraded to lossless mode.
SZ is downgraded to lossless mode.
cr:1.02637,iter:10,level:12,rank:0,datasize:1041,operation:Residual
cr:47.9252,iter:10,level:13,rank:0,datasize:641,operation:Pre-Smoothing
SZ is downgraded to lossless mode.
SZ is downgraded to lossless mode.
cr:1.01827,iter:10,level:13,rank:0,datasize:641,operation:Residual
cr:25.3204,iter:10,level:14,rank:0,datasize:326,operation:Pre-Smoothing
cr:0.997323,iter:10,level:14,rank:0,datasize:326,operation:Residual
cr:14.019,iter:10,level:15,rank:0,datasize:184,operation:Pre-Smoothing
cr:0.962092,iter:10,level:15,rank:0,datasize:184,operation:Residual
cr:5.67273,iter:10,level:16,rank:0,datasize:78,operation:Pre-Smoothing
cr:0.920354,iter:10,level:16,rank:0,datasize:78,operation:Residual
cr:2.66667,iter:10,level:17,rank:0,datasize:22,operation:Pre-Smoothing
cr:0.755365,iter:10,level:17,rank:0,datasize:22,operation:Residual
cr:0.359551,iter:10,level:18,rank:0,datasize:4,operation:Interpolation
cr:0.755365,iter:10,level:18,rank:0,datasize:22,operation:Post-smoothing
cr:0.55814,iter:10,level:18,rank:0,datasize:9,operation:Interpolation
cr:0.925816,iter:10,level:18,rank:0,datasize:78,operation:Post-smoothing
cr:0.802768,iter:10,level:18,rank:0,datasize:29,operation:Interpolation
cr:0.962092,iter:10,level:18,rank:0,datasize:184,operation:Post-smoothing
cr:0.861244,iter:10,level:18,rank:0,datasize:45,operation:Interpolation
cr:1.00462,iter:10,level:18,rank:0,datasize:326,operation:Post-smoothing
cr:0.908517,iter:10,level:18,rank:0,datasize:72,operation:Interpolation
SZ is downgraded to lossless mode.
SZ is downgraded to lossless mode.
cr:1.02622,iter:10,level:18,rank:0,datasize:641,operation:Post-smoothing
cr:1.00963,iter:10,level:18,rank:0,datasize:118,operation:Interpolation
SZ is downgraded to lossless mode.
SZ is downgraded to lossless mode.
cr:1.03505,iter:10,level:18,rank:0,datasize:1041,operation:Post-smoothing
cr:0.965842,iter:10,level:18,rank:0,datasize:205,operation:Interpolation
SZ is downgraded to lossless mode.
SZ is downgraded to lossless mode.
cr:1.03948,iter:10,level:18,rank:0,datasize:1672,operation:Post-smoothing
cr:1,iter:10,level:18,rank:0,datasize:299,operation:Interpolation
SZ is downgraded to lossless mode.
cr:1.04182,iter:10,level:18,rank:0,datasize:2616,operation:Post-smoothing
SZ is downgraded to lossless mode.
SZ is downgraded to lossless mode.
SZ is downgraded to lossless mode.
cr:1.01925,iter:10,level:18,rank:0,datasize:470,operation:Interpolation
SZ is downgraded to lossless mode.
SZ is downgraded to lossless mode.
cr:1.04375,iter:10,level:18,rank:0,datasize:3802,operation:Post-smoothing
SZ is downgraded to lossless mode.
SZ is downgraded to lossless mode.
cr:1.02627,iter:10,level:18,rank:0,datasize:630,operation:Interpolation
SZ is downgraded to lossless mode.
SZ is downgraded to lossless mode.
cr:1.04433,iter:10,level:18,rank:0,datasize:5504,operation:Post-smoothing
SZ is downgraded to lossless mode.
SZ is downgraded to lossless mode.
cr:1.03218,iter:10,level:18,rank:0,datasize:886,operation:Interpolation
SZ is downgraded to lossless mode.
SZ is downgraded to lossless mode.
cr:1.04491,iter:10,level:18,rank:0,datasize:7320,operation:Post-smoothing
SZ is downgraded to lossless mode.
cr:1.03723,iter:10,level:18,rank:0,datasize:1271,operation:Interpolation
SZ is downgraded to lossless mode.
SZ is downgraded to lossless mode.
cr:1.04515,iter:10,level:18,rank:0,datasize:9572,operation:Post-smoothing
SZ is downgraded to lossless mode.
SZ is downgraded to lossless mode.
cr:1.04043,iter:10,level:18,rank:0,datasize:1724,operation:Interpolation
SZ is downgraded to lossless mode.
SZ is downgraded to lossless mode.
SZ is downgraded to lossless mode.
cr:1.04523,iter:10,level:18,rank:0,datasize:12175,operation:Post-smoothing
SZ is downgraded to lossless mode.
SZ is downgraded to lossless mode.
cr:1.04255,iter:10,level:18,rank:0,datasize:2300,operation:Interpolation
SZ is downgraded to lossless mode.
SZ is downgraded to lossless mode.
cr:1.04519,iter:10,level:18,rank:0,datasize:15255,operation:Post-smoothing
SZ is downgraded to lossless mode.
SZ is downgraded to lossless mode.
cr:1.04242,iter:10,level:18,rank:0,datasize:2998,operation:Interpolation
SZ is downgraded to lossless mode.
SZ is downgraded to lossless mode.
cr:1.04524,iter:10,level:18,rank:0,datasize:17402,operation:Post-smoothing
SZ is downgraded to lossless mode.
cr:1.04368,iter:10,level:18,rank:0,datasize:4098,operation:Interpolation
SZ is downgraded to lossless mode.
SZ is downgraded to lossless mode.
SZ is downgraded to lossless mode.
cr:1.04519,iter:10,level:18,rank:0,datasize:16000,operation:Post-smoothing
SZ is downgraded to lossless mode.
SZ is downgraded to lossless mode.
cr:1.04401,iter:10,level:18,rank:0,datasize:5269,operation:Interpolation
SZ is downgraded to lossless mode.
cr:1.04473,iter:10,level:18,rank:0,datasize:12638,operation:Post-smoothing
SZ is downgraded to lossless mode.
SZ is downgraded to lossless mode.
cr:1.04385,iter:10,level:18,rank:0,datasize:4815,operation:Interpolation
SZ is downgraded to lossless mode.
cr:1.06163,iter:10,level:18,rank:0,datasize:10000,operation:Post-smoothing
cr:1.0626,iter:10,level:18,rank:0,datasize:10000,operation:Residual-Norm
cr:1.0626,iter:11,level:0,rank:0,datasize:10000,operation:Pre-Smoothing
cr:1.06211,iter:11,level:0,rank:0,datasize:10000,operation:Residual
cr:771.786,iter:11,level:1,rank:0,datasize:12638,operation:Pre-Smoothing
cr:4.58251,iter:11,level:1,rank:0,datasize:12638,operation:Residual
cr:984.615,iter:11,level:2,rank:0,datasize:16000,operation:Pre-Smoothing
cr:4.11576,iter:11,level:2,rank:0,datasize:16000,operation:Residual
cr:1054.67,iter:11,level:3,rank:0,datasize:17402,operation:Pre-Smoothing
cr:3.09885,iter:11,level:3,rank:0,datasize:17402,operation:Residual
cr:931.603,iter:11,level:4,rank:0,datasize:15255,operation:Pre-Smoothing
cr:2.30355,iter:11,level:4,rank:0,datasize:15255,operation:Residual
cr:743.511,iter:11,level:5,rank:0,datasize:12175,operation:Pre-Smoothing
cr:1.77075,iter:11,level:5,rank:0,datasize:12175,operation:Residual
cr:584.55,iter:11,level:6,rank:0,datasize:9572,operation:Pre-Smoothing
SZ is downgraded to lossless mode.
cr:1.03821,iter:11,level:6,rank:0,datasize:9572,operation:Residual
SZ is downgraded to lossless mode.
cr:453.953,iter:11,level:7,rank:0,datasize:7320,operation:Pre-Smoothing
SZ is downgraded to lossless mode.
cr:1.03811,iter:11,level:7,rank:0,datasize:7320,operation:Residual
SZ is downgraded to lossless mode.
cr:346.709,iter:11,level:8,rank:0,datasize:5504,operation:Pre-Smoothing
SZ is downgraded to lossless mode.
cr:1.03793,iter:11,level:8,rank:0,datasize:5504,operation:Residual
SZ is downgraded to lossless mode.
cr:284.262,iter:11,level:9,rank:0,datasize:3802,operation:Pre-Smoothing
SZ is downgraded to lossless mode.
cr:1.03667,iter:11,level:9,rank:0,datasize:3802,operation:Residual
SZ is downgraded to lossless mode.
cr:195.589,iter:11,level:10,rank:0,datasize:2616,operation:Pre-Smoothing
SZ is downgraded to lossless mode.
cr:1.03455,iter:11,level:10,rank:0,datasize:2616,operation:Residual
SZ is downgraded to lossless mode.
cr:125.009,iter:11,level:11,rank:0,datasize:1672,operation:Pre-Smoothing
SZ is downgraded to lossless mode.
cr:1.03194,iter:11,level:11,rank:0,datasize:1672,operation:Residual
SZ is downgraded to lossless mode.
cr:77.8318,iter:11,level:12,rank:0,datasize:1041,operation:Pre-Smoothing
SZ is downgraded to lossless mode.
SZ is downgraded to lossless mode.
cr:1.02562,iter:11,level:12,rank:0,datasize:1041,operation:Residual
cr:47.9252,iter:11,level:13,rank:0,datasize:641,operation:Pre-Smoothing
SZ is downgraded to lossless mode.
SZ is downgraded to lossless mode.
cr:1.01827,iter:11,level:13,rank:0,datasize:641,operation:Residual
cr:25.3204,iter:11,level:14,rank:0,datasize:326,operation:Pre-Smoothing
cr:0.996561,iter:11,level:14,rank:0,datasize:326,operation:Residual
cr:14.019,iter:11,level:15,rank:0,datasize:184,operation:Pre-Smoothing
cr:0.962092,iter:11,level:15,rank:0,datasize:184,operation:Residual
cr:5.67273,iter:11,level:16,rank:0,datasize:78,operation:Pre-Smoothing
cr:0.918999,iter:11,level:16,rank:0,datasize:78,operation:Residual
cr:2.66667,iter:11,level:17,rank:0,datasize:22,operation:Pre-Smoothing
cr:0.755365,iter:11,level:17,rank:0,datasize:22,operation:Residual
cr:0.359551,iter:11,level:18,rank:0,datasize:4,operation:Interpolation
cr:0.755365,iter:11,level:18,rank:0,datasize:22,operation:Post-smoothing
cr:0.55814,iter:11,level:18,rank:0,datasize:9,operation:Interpolation
cr:0.917647,iter:11,level:18,rank:0,datasize:78,operation:Post-smoothing
cr:0.802768,iter:11,level:18,rank:0,datasize:29,operation:Interpolation
cr:0.962092,iter:11,level:18,rank:0,datasize:184,operation:Post-smoothing
cr:0.861244,iter:11,level:18,rank:0,datasize:45,operation:Interpolation
cr:1.00231,iter:11,level:18,rank:0,datasize:326,operation:Post-smoothing
cr:0.908517,iter:11,level:18,rank:0,datasize:72,operation:Interpolation
SZ is downgraded to lossless mode.
SZ is downgraded to lossless mode.
cr:1.02622,iter:11,level:18,rank:0,datasize:641,operation:Post-smoothing
cr:1.01071,iter:11,level:18,rank:0,datasize:118,operation:Interpolation
SZ is downgraded to lossless mode.
SZ is downgraded to lossless mode.
cr:1.03402,iter:11,level:18,rank:0,datasize:1041,operation:Post-smoothing
cr:0.965842,iter:11,level:18,rank:0,datasize:205,operation:Interpolation
SZ is downgraded to lossless mode.
SZ is downgraded to lossless mode.
cr:1.03996,iter:11,level:18,rank:0,datasize:1672,operation:Post-smoothing
cr:1.00042,iter:11,level:18,rank:0,datasize:299,operation:Interpolation
SZ is downgraded to lossless mode.
cr:1.0428,iter:11,level:18,rank:0,datasize:2616,operation:Post-smoothing
SZ is downgraded to lossless mode.
SZ is downgraded to lossless mode.
SZ is downgraded to lossless mode.
cr:1.01869,iter:11,level:18,rank:0,datasize:470,operation:Interpolation
SZ is downgraded to lossless mode.
SZ is downgraded to lossless mode.
cr:1.04175,iter:11,level:18,rank:0,datasize:3802,operation:Post-smoothing
SZ is downgraded to lossless mode.
SZ is downgraded to lossless mode.
cr:1.02522,iter:11,level:18,rank:0,datasize:630,operation:Interpolation
SZ is downgraded to lossless mode.
SZ is downgraded to lossless mode.
cr:1.0442,iter:11,level:18,rank:0,datasize:5504,operation:Post-smoothing
SZ is downgraded to lossless mode.
cr:1.03233,iter:11,level:18,rank:0,datasize:886,operation:Interpolation
SZ is downgraded to lossless mode.
SZ is downgraded to lossless mode.
SZ is downgraded to lossless mode.
cr:1.04433,iter:11,level:18,rank:0,datasize:7320,operation:Post-smoothing
SZ is downgraded to lossless mode.
cr:1.03734,iter:11,level:18,rank:0,datasize:1271,operation:Interpolation
SZ is downgraded to lossless mode.
SZ is downgraded to lossless mode.
cr:1.04514,iter:11,level:18,rank:0,datasize:9572,operation:Post-smoothing
SZ is downgraded to lossless mode.
SZ is downgraded to lossless mode.
cr:1.03879,iter:11,level:18,rank:0,datasize:1724,operation:Interpolation
SZ is downgraded to lossless mode.
SZ is downgraded to lossless mode.
SZ is downgraded to lossless mode.
cr:1.04519,iter:11,level:18,rank:0,datasize:12175,operation:Post-smoothing
SZ is downgraded to lossless mode.
SZ is downgraded to lossless mode.
cr:1.04078,iter:11,level:18,rank:0,datasize:2300,operation:Interpolation
SZ is downgraded to lossless mode.
SZ is downgraded to lossless mode.
cr:1.04492,iter:11,level:18,rank:0,datasize:15255,operation:Post-smoothing
SZ is downgraded to lossless mode.
SZ is downgraded to lossless mode.
cr:1.04333,iter:11,level:18,rank:0,datasize:2998,operation:Interpolation
SZ is downgraded to lossless mode.
SZ is downgraded to lossless mode.
cr:1.04501,iter:11,level:18,rank:0,datasize:17402,operation:Post-smoothing
SZ is downgraded to lossless mode.
cr:1.04288,iter:11,level:18,rank:0,datasize:4098,operation:Interpolation
SZ is downgraded to lossless mode.
SZ is downgraded to lossless mode.
SZ is downgraded to lossless mode.
cr:1.04477,iter:11,level:18,rank:0,datasize:16000,operation:Post-smoothing
SZ is downgraded to lossless mode.
SZ is downgraded to lossless mode.
cr:1.04375,iter:11,level:18,rank:0,datasize:5269,operation:Interpolation
SZ is downgraded to lossless mode.
cr:1.04501,iter:11,level:18,rank:0,datasize:12638,operation:Post-smoothing
SZ is downgraded to lossless mode.
SZ is downgraded to lossless mode.
cr:1.0441,iter:11,level:18,rank:0,datasize:4815,operation:Interpolation
SZ is downgraded to lossless mode.
cr:1.06204,iter:11,level:18,rank:0,datasize:10000,operation:Post-smoothing
cr:1.0623,iter:11,level:18,rank:0,datasize:10000,operation:Residual-Norm
cr:1.0623,iter:12,level:0,rank:0,datasize:10000,operation:Pre-Smoothing
cr:1.0624,iter:12,level:0,rank:0,datasize:10000,operation:Residual
cr:771.786,iter:12,level:1,rank:0,datasize:12638,operation:Pre-Smoothing
cr:5.21989,iter:12,level:1,rank:0,datasize:12638,operation:Residual
cr:984.615,iter:12,level:2,rank:0,datasize:16000,operation:Pre-Smoothing
cr:4.64037,iter:12,level:2,rank:0,datasize:16000,operation:Residual
cr:1054.67,iter:12,level:3,rank:0,datasize:17402,operation:Pre-Smoothing
cr:3.5837,iter:12,level:3,rank:0,datasize:17402,operation:Residual
cr:931.603,iter:12,level:4,rank:0,datasize:15255,operation:Pre-Smoothing
cr:2.70899,iter:12,level:4,rank:0,datasize:15255,operation:Residual
cr:743.511,iter:12,level:5,rank:0,datasize:12175,operation:Pre-Smoothing
cr:1.94913,iter:12,level:5,rank:0,datasize:12175,operation:Residual
cr:584.55,iter:12,level:6,rank:0,datasize:9572,operation:Pre-Smoothing
SZ is downgraded to lossless mode.
cr:1.03635,iter:12,level:6,rank:0,datasize:9572,operation:Residual
SZ is downgraded to lossless mode.
cr:453.953,iter:12,level:7,rank:0,datasize:7320,operation:Pre-Smoothing
SZ is downgraded to lossless mode.
cr:1.03732,iter:12,level:7,rank:0,datasize:7320,operation:Residual
SZ is downgraded to lossless mode.
cr:346.709,iter:12,level:8,rank:0,datasize:5504,operation:Pre-Smoothing
SZ is downgraded to lossless mode.
cr:1.03688,iter:12,level:8,rank:0,datasize:5504,operation:Residual
SZ is downgraded to lossless mode.
cr:284.262,iter:12,level:9,rank:0,datasize:3802,operation:Pre-Smoothing
SZ is downgraded to lossless mode.
cr:1.03544,iter:12,level:9,rank:0,datasize:3802,operation:Residual
SZ is downgraded to lossless mode.
cr:195.589,iter:12,level:10,rank:0,datasize:2616,operation:Pre-Smoothing
SZ is downgraded to lossless mode.
cr:1.03328,iter:12,level:10,rank:0,datasize:2616,operation:Residual
SZ is downgraded to lossless mode.
cr:125.009,iter:12,level:11,rank:0,datasize:1672,operation:Pre-Smoothing
SZ is downgraded to lossless mode.
cr:1.03051,iter:12,level:11,rank:0,datasize:1672,operation:Residual
SZ is downgraded to lossless mode.
cr:77.8318,iter:12,level:12,rank:0,datasize:1041,operation:Pre-Smoothing
SZ is downgraded to lossless mode.
SZ is downgraded to lossless mode.
cr:1.02511,iter:12,level:12,rank:0,datasize:1041,operation:Residual
cr:47.9252,iter:12,level:13,rank:0,datasize:641,operation:Pre-Smoothing
SZ is downgraded to lossless mode.
SZ is downgraded to lossless mode.
cr:1.01605,iter:12,level:13,rank:0,datasize:641,operation:Residual
cr:25.3204,iter:12,level:14,rank:0,datasize:326,operation:Pre-Smoothing
cr:0.997323,iter:12,level:14,rank:0,datasize:326,operation:Residual
cr:14.019,iter:12,level:15,rank:0,datasize:184,operation:Pre-Smoothing
cr:0.962092,iter:12,level:15,rank:0,datasize:184,operation:Residual
cr:5.67273,iter:12,level:16,rank:0,datasize:78,operation:Pre-Smoothing
cr:0.927192,iter:12,level:16,rank:0,datasize:78,operation:Residual
cr:2.66667,iter:12,level:17,rank:0,datasize:22,operation:Pre-Smoothing
cr:0.755365,iter:12,level:17,rank:0,datasize:22,operation:Residual
cr:0.359551,iter:12,level:18,rank:0,datasize:4,operation:Interpolation
cr:0.755365,iter:12,level:18,rank:0,datasize:22,operation:Post-smoothing
cr:0.55814,iter:12,level:18,rank:0,datasize:9,operation:Interpolation
cr:0.917647,iter:12,level:18,rank:0,datasize:78,operation:Post-smoothing
cr:0.802768,iter:12,level:18,rank:0,datasize:29,operation:Interpolation
cr:0.962092,iter:12,level:18,rank:0,datasize:184,operation:Post-smoothing
cr:0.861244,iter:12,level:18,rank:0,datasize:45,operation:Interpolation
cr:1.00115,iter:12,level:18,rank:0,datasize:326,operation:Post-smoothing
cr:0.908517,iter:12,level:18,rank:0,datasize:72,operation:Interpolation
SZ is downgraded to lossless mode.
SZ is downgraded to lossless mode.
cr:1.02417,iter:12,level:18,rank:0,datasize:641,operation:Post-smoothing
cr:1.01615,iter:12,level:18,rank:0,datasize:118,operation:Interpolation
SZ is downgraded to lossless mode.
SZ is downgraded to lossless mode.
cr:1.03325,iter:12,level:18,rank:0,datasize:1041,operation:Post-smoothing
cr:0.965842,iter:12,level:18,rank:0,datasize:205,operation:Interpolation
SZ is downgraded to lossless mode.
SZ is downgraded to lossless mode.
cr:1.03778,iter:12,level:18,rank:0,datasize:1672,operation:Post-smoothing
cr:0.998331,iter:12,level:18,rank:0,datasize:299,operation:Interpolation
SZ is downgraded to lossless mode.
cr:1.04119,iter:12,level:18,rank:0,datasize:2616,operation:Post-smoothing
SZ is downgraded to lossless mode.
SZ is downgraded to lossless mode.
SZ is downgraded to lossless mode.
cr:1.01594,iter:12,level:18,rank:0,datasize:470,operation:Interpolation
SZ is downgraded to lossless mode.
SZ is downgraded to lossless mode.
cr:1.04272,iter:12,level:18,rank:0,datasize:3802,operation:Post-smoothing
SZ is downgraded to lossless mode.
SZ is downgraded to lossless mode.
cr:1.02543,iter:12,level:18,rank:0,datasize:630,operation:Interpolation
SZ is downgraded to lossless mode.
SZ is downgraded to lossless mode.
cr:1.04378,iter:12,level:18,rank:0,datasize:5504,operation:Post-smoothing
SZ is downgraded to lossless mode.
cr:1.03263,iter:12,level:18,rank:0,datasize:886,operation:Interpolation
SZ is downgraded to lossless mode.
SZ is downgraded to lossless mode.
SZ is downgraded to lossless mode.
cr:1.04467,iter:12,level:18,rank:0,datasize:7320,operation:Post-smoothing
SZ is downgraded to lossless mode.
cr:1.03692,iter:12,level:18,rank:0,datasize:1271,operation:Interpolation
SZ is downgraded to lossless mode.
SZ is downgraded to lossless mode.
SZ is downgraded to lossless mode.
cr:1.04447,iter:12,level:18,rank:0,datasize:9572,operation:Post-smoothing
SZ is downgraded to lossless mode.
cr:1.03989,iter:12,level:18,rank:0,datasize:1724,operation:Interpolation
SZ is downgraded to lossless mode.
SZ is downgraded to lossless mode.
SZ is downgraded to lossless mode.
cr:1.04452,iter:12,level:18,rank:0,datasize:12175,operation:Post-smoothing
SZ is downgraded to lossless mode.
SZ is downgraded to lossless mode.
cr:1.04078,iter:12,level:18,rank:0,datasize:2300,operation:Interpolation
SZ is downgraded to lossless mode.
SZ is downgraded to lossless mode.
cr:1.04504,iter:12,level:18,rank:0,datasize:15255,operation:Post-smoothing
SZ is downgraded to lossless mode.
SZ is downgraded to lossless mode.
cr:1.04179,iter:12,level:18,rank:0,datasize:2998,operation:Interpolation
SZ is downgraded to lossless mode.
SZ is downgraded to lossless mode.
cr:1.0449,iter:12,level:18,rank:0,datasize:17402,operation:Post-smoothing
SZ is downgraded to lossless mode.
cr:1.04315,iter:12,level:18,rank:0,datasize:4098,operation:Interpolation
SZ is downgraded to lossless mode.
SZ is downgraded to lossless mode.
SZ is downgraded to lossless mode.
cr:1.04506,iter:12,level:18,rank:0,datasize:16000,operation:Post-smoothing
SZ is downgraded to lossless mode.
SZ is downgraded to lossless mode.
cr:1.04422,iter:12,level:18,rank:0,datasize:5269,operation:Interpolation
SZ is downgraded to lossless mode.
cr:1.04481,iter:12,level:18,rank:0,datasize:12638,operation:Post-smoothing
SZ is downgraded to lossless mode.
SZ is downgraded to lossless mode.
cr:1.04421,iter:12,level:18,rank:0,datasize:4815,operation:Interpolation
SZ is downgraded to lossless mode.
cr:1.06213,iter:12,level:18,rank:0,datasize:10000,operation:Post-smoothing
cr:1.06271,iter:12,level:18,rank:0,datasize:10000,operation:Residual-Norm
cr:1.06271,iter:13,level:0,rank:0,datasize:10000,operation:Pre-Smoothing
cr:1.06233,iter:13,level:0,rank:0,datasize:10000,operation:Residual
cr:771.786,iter:13,level:1,rank:0,datasize:12638,operation:Pre-Smoothing
cr:5.8418,iter:13,level:1,rank:0,datasize:12638,operation:Residual
cr:984.615,iter:13,level:2,rank:0,datasize:16000,operation:Pre-Smoothing
cr:5.13891,iter:13,level:2,rank:0,datasize:16000,operation:Residual
cr:1054.67,iter:13,level:3,rank:0,datasize:17402,operation:Pre-Smoothing
cr:4.51765,iter:13,level:3,rank:0,datasize:17402,operation:Residual
cr:931.603,iter:13,level:4,rank:0,datasize:15255,operation:Pre-Smoothing
cr:2.93634,iter:13,level:4,rank:0,datasize:15255,operation:Residual
cr:743.511,iter:13,level:5,rank:0,datasize:12175,operation:Pre-Smoothing
cr:2.24068,iter:13,level:5,rank:0,datasize:12175,operation:Residual
cr:584.55,iter:13,level:6,rank:0,datasize:9572,operation:Pre-Smoothing
SZ is downgraded to lossless mode.
cr:1.03502,iter:13,level:6,rank:0,datasize:9572,operation:Residual
cr:453.953,iter:13,level:7,rank:0,datasize:7320,operation:Pre-Smoothing
SZ is downgraded to lossless mode.
cr:1.03571,iter:13,level:7,rank:0,datasize:7320,operation:Residual
SZ is downgraded to lossless mode.
cr:346.709,iter:13,level:8,rank:0,datasize:5504,operation:Pre-Smoothing
SZ is downgraded to lossless mode.
cr:1.03554,iter:13,level:8,rank:0,datasize:5504,operation:Residual
SZ is downgraded to lossless mode.
cr:284.262,iter:13,level:9,rank:0,datasize:3802,operation:Pre-Smoothing
SZ is downgraded to lossless mode.
cr:1.03452,iter:13,level:9,rank:0,datasize:3802,operation:Residual
SZ is downgraded to lossless mode.
cr:195.589,iter:13,level:10,rank:0,datasize:2616,operation:Pre-Smoothing
SZ is downgraded to lossless mode.
cr:1.03205,iter:13,level:10,rank:0,datasize:2616,operation:Residual
SZ is downgraded to lossless mode.
cr:125.009,iter:13,level:11,rank:0,datasize:1672,operation:Pre-Smoothing
SZ is downgraded to lossless mode.
cr:1.02916,iter:13,level:11,rank:0,datasize:1672,operation:Residual
SZ is downgraded to lossless mode.
cr:77.8318,iter:13,level:12,rank:0,datasize:1041,operation:Pre-Smoothing
SZ is downgraded to lossless mode.
cr:1.02435,iter:13,level:12,rank:0,datasize:1041,operation:Residual
SZ is downgraded to lossless mode.
cr:47.9252,iter:13,level:13,rank:0,datasize:641,operation:Pre-Smoothing
SZ is downgraded to lossless mode.
cr:SZ is downgraded to lossless mode.
1.01324,iter:13,level:13,rank:0,datasize:641,operation:Residual
cr:25.3204,iter:13,level:14,rank:0,datasize:326,operation:Pre-Smoothing
cr:0.977878,iter:13,level:14,rank:0,datasize:326,operation:Residual
cr:14.019,iter:13,level:15,rank:0,datasize:184,operation:Pre-Smoothing
cr:0.962092,iter:13,level:15,rank:0,datasize:184,operation:Residual
cr:5.67273,iter:13,level:16,rank:0,datasize:78,operation:Pre-Smoothing
cr:0.935532,iter:13,level:16,rank:0,datasize:78,operation:Residual
cr:2.66667,iter:13,level:17,rank:0,datasize:22,operation:Pre-Smoothing
cr:0.755365,iter:13,level:17,rank:0,datasize:22,operation:Residual
cr:0.359551,iter:13,level:18,rank:0,datasize:4,operation:Interpolation
cr:0.755365,iter:13,level:18,rank:0,datasize:22,operation:Post-smoothing
cr:0.55814,iter:13,level:18,rank:0,datasize:9,operation:Interpolation
cr:0.925816,iter:13,level:18,rank:0,datasize:78,operation:Post-smoothing
cr:0.802768,iter:13,level:18,rank:0,datasize:29,operation:Interpolation
cr:0.962092,iter:13,level:18,rank:0,datasize:184,operation:Post-smoothing
cr:0.861244,iter:13,level:18,rank:0,datasize:45,operation:Interpolation
cr:0.999234,iter:13,level:18,rank:0,datasize:326,operation:Post-smoothing
cr:0.908517,iter:13,level:18,rank:0,datasize:72,operation:Interpolation
SZ is downgraded to lossless mode.
SZ is downgraded to lossless mode.
cr:1.02274,iter:13,level:18,rank:0,datasize:641,operation:Post-smoothing
cr:1.0064,iter:13,level:18,rank:0,datasize:118,operation:Interpolation
SZ is downgraded to lossless mode.
SZ is downgraded to lossless mode.
cr:1.03312,iter:13,level:18,rank:0,datasize:1041,operation:Post-smoothing
cr:0.983213,iter:13,level:18,rank:0,datasize:205,operation:Interpolation
SZ is downgraded to lossless mode.
SZ is downgraded to lossless mode.
cr:1.03907,iter:13,level:18,rank:0,datasize:1672,operation:Post-smoothing
cr:0.996667,iter:13,level:18,rank:0,datasize:299,operation:Interpolation
SZ is downgraded to lossless mode.
cr:1.0414,iter:13,level:18,rank:0,datasize:2616,operation:Post-smoothing
SZ is downgraded to lossless mode.
SZ is downgraded to lossless mode.
SZ is downgraded to lossless mode.
cr:1.01787,iter:13,level:18,rank:0,datasize:470,operation:Interpolation
SZ is downgraded to lossless mode.
SZ is downgraded to lossless mode.
cr:1.04286,iter:13,level:18,rank:0,datasize:3802,operation:Post-smoothing
SZ is downgraded to lossless mode.
SZ is downgraded to lossless mode.
cr:1.02543,iter:13,level:18,rank:0,datasize:630,operation:Interpolation
SZ is downgraded to lossless mode.
cr:1.04388,iter:13,level:18,rank:0,datasize:5504,operation:Post-smoothing
SZ is downgraded to lossless mode.
SZ is downgraded to lossless mode.
SZ is downgraded to lossless mode.
cr:1.03173,iter:13,level:18,rank:0,datasize:886,operation:Interpolation
SZ is downgraded to lossless mode.
SZ is downgraded to lossless mode.
cr:1.04426,iter:13,level:18,rank:0,datasize:7320,operation:Post-smoothing
SZ is downgraded to lossless mode.
cr:1.03597,iter:13,level:18,rank:0,datasize:1271,operation:Interpolation
SZ is downgraded to lossless mode.
SZ is downgraded to lossless mode.
SZ is downgraded to lossless mode.
cr:1.04486,iter:13,level:18,rank:0,datasize:9572,operation:Post-smoothing
SZ is downgraded to lossless mode.
cr:1.03949,iter:13,level:18,rank:0,datasize:1724,operation:Interpolation
SZ is downgraded to lossless mode.
SZ is downgraded to lossless mode.
SZ is downgraded to lossless mode.
cr:1.04485,iter:13,level:18,rank:0,datasize:12175,operation:Post-smoothing
SZ is downgraded to lossless mode.
cr:1.04019,iter:13,level:18,rank:0,datasize:2300,operation:Interpolation
SZ is downgraded to lossless mode.
SZ is downgraded to lossless mode.
SZ is downgraded to lossless mode.
cr:1.0448,iter:13,level:18,rank:0,datasize:15255,operation:Post-smoothing
SZ is downgraded to lossless mode.
cr:1.04237,iter:13,level:18,rank:0,datasize:2998,operation:Interpolation
SZ is downgraded to lossless mode.
SZ is downgraded to lossless mode.
SZ is downgraded to lossless mode.
cr:1.04439,iter:13,level:18,rank:0,datasize:17402,operation:Post-smoothing
SZ is downgraded to lossless mode.
cr:1.04351,iter:13,level:18,rank:0,datasize:4098,operation:Interpolation
SZ is downgraded to lossless mode.
SZ is downgraded to lossless mode.
SZ is downgraded to lossless mode.
cr:1.04425,iter:13,level:18,rank:0,datasize:16000,operation:Post-smoothing
SZ is downgraded to lossless mode.
cr:1.04378,iter:13,level:18,rank:0,datasize:5269,operation:Interpolation
SZ is downgraded to lossless mode.
SZ is downgraded to lossless mode.
cr:1.0445,iter:13,level:18,rank:0,datasize:12638,operation:Post-smoothing
SZ is downgraded to lossless mode.
SZ is downgraded to lossless mode.
cr:1.04353,iter:13,level:18,rank:0,datasize:4815,operation:Interpolation
SZ is downgraded to lossless mode.
cr:1.06267,iter:13,level:18,rank:0,datasize:10000,operation:Post-smoothing
cr:1.06191,iter:13,level:18,rank:0,datasize:10000,operation:Residual-Norm
cr:1.06191,iter:14,level:0,rank:0,datasize:10000,operation:Pre-Smoothing
cr:1.06223,iter:14,level:0,rank:0,datasize:10000,operation:Residual
cr:771.786,iter:14,level:1,rank:0,datasize:12638,operation:Pre-Smoothing
cr:7.3777,iter:14,level:1,rank:0,datasize:12638,operation:Residual
cr:984.615,iter:14,level:2,rank:0,datasize:16000,operation:Pre-Smoothing
cr:6.52595,iter:14,level:2,rank:0,datasize:16000,operation:Residual
cr:1054.67,iter:14,level:3,rank:0,datasize:17402,operation:Pre-Smoothing
cr:4.48708,iter:14,level:3,rank:0,datasize:17402,operation:Residual
cr:931.603,iter:14,level:4,rank:0,datasize:15255,operation:Pre-Smoothing
cr:3.3388,iter:14,level:4,rank:0,datasize:15255,operation:Residual
cr:743.511,iter:14,level:5,rank:0,datasize:12175,operation:Pre-Smoothing
cr:2.8254,iter:14,level:5,rank:0,datasize:12175,operation:Residual
cr:584.55,iter:14,level:6,rank:0,datasize:9572,operation:Pre-Smoothing
cr:1.85499,iter:14,level:6,rank:0,datasize:9572,operation:Residual
cr:453.953,iter:14,level:7,rank:0,datasize:7320,operation:Pre-Smoothing
SZ is downgraded to lossless mode.
cr:1.03542,iter:14,level:7,rank:0,datasize:7320,operation:Residual
SZ is downgraded to lossless mode.
cr:346.709,iter:14,level:8,rank:0,datasize:5504,operation:Pre-Smoothing
SZ is downgraded to lossless mode.
cr:1.03451,iter:14,level:8,rank:0,datasize:5504,operation:Residual
SZ is downgraded to lossless mode.
cr:284.262,iter:14,level:9,rank:0,datasize:3802,operation:Pre-Smoothing
SZ is downgraded to lossless mode.
cr:1.03354,iter:14,level:9,rank:0,datasize:3802,operation:Residual
SZ is downgraded to lossless mode.
cr:195.589,iter:14,level:10,rank:0,datasize:2616,operation:Pre-Smoothing
SZ is downgraded to lossless mode.
cr:1.03185,iter:14,level:10,rank:0,datasize:2616,operation:Residual
SZ is downgraded to lossless mode.
cr:125.009,iter:14,level:11,rank:0,datasize:1672,operation:Pre-Smoothing
SZ is downgraded to lossless mode.
cr:1.02829,iter:14,level:11,rank:0,datasize:1672,operation:Residual
SZ is downgraded to lossless mode.
cr:77.8318,iter:14,level:12,rank:0,datasize:1041,operation:Pre-Smoothing
SZ is downgraded to lossless mode.
SZ is downgraded to lossless mode.
cr:1.02259,iter:14,level:12,rank:0,datasize:1041,operation:Residual
cr:47.9252,iter:14,level:13,rank:0,datasize:641,operation:Pre-Smoothing
SZ is downgraded to lossless mode.
cr:1.01565,iter:14,level:13,rank:0,datasize:641,operation:Residual
SZ is downgraded to lossless mode.
cr:25.3204,iter:14,level:14,rank:0,datasize:326,operation:Pre-Smoothing
cr:0.977878,iter:14,level:14,rank:0,datasize:326,operation:Residual
cr:14.019,iter:14,level:15,rank:0,datasize:184,operation:Pre-Smoothing
cr:0.962092,iter:14,level:15,rank:0,datasize:184,operation:Residual
cr:5.67273,iter:14,level:16,rank:0,datasize:78,operation:Pre-Smoothing
cr:0.938346,iter:14,level:16,rank:0,datasize:78,operation:Residual
cr:2.66667,iter:14,level:17,rank:0,datasize:22,operation:Pre-Smoothing
cr:0.755365,iter:14,level:17,rank:0,datasize:22,operation:Residual
cr:0.359551,iter:14,level:18,rank:0,datasize:4,operation:Interpolation
cr:0.755365,iter:14,level:18,rank:0,datasize:22,operation:Post-smoothing
cr:0.55814,iter:14,level:18,rank:0,datasize:9,operation:Interpolation
cr:0.932735,iter:14,level:18,rank:0,datasize:78,operation:Post-smoothing
cr:0.802768,iter:14,level:18,rank:0,datasize:29,operation:Interpolation
cr:0.962092,iter:14,level:18,rank:0,datasize:184,operation:Post-smoothing
cr:0.861244,iter:14,level:18,rank:0,datasize:45,operation:Interpolation
cr:0.999617,iter:14,level:18,rank:0,datasize:326,operation:Post-smoothing
cr:0.908517,iter:14,level:18,rank:0,datasize:72,operation:Interpolation
SZ is downgraded to lossless mode.
SZ is downgraded to lossless mode.
cr:1.02355,iter:14,level:18,rank:0,datasize:641,operation:Post-smoothing
cr:1.00319,iter:14,level:18,rank:0,datasize:118,operation:Interpolation
SZ is downgraded to lossless mode.
SZ is downgraded to lossless mode.
cr:1.03197,iter:14,level:18,rank:0,datasize:1041,operation:Post-smoothing
cr:0.965842,iter:14,level:18,rank:0,datasize:205,operation:Interpolation
SZ is downgraded to lossless mode.
SZ is downgraded to lossless mode.
cr:1.03738,iter:14,level:18,rank:0,datasize:1672,operation:Post-smoothing
cr:0.997498,iter:14,level:18,rank:0,datasize:299,operation:Interpolation
SZ is downgraded to lossless mode.
cr:1.04006,iter:14,level:18,rank:0,datasize:2616,operation:Post-smoothing
SZ is downgraded to lossless mode.
SZ is downgraded to lossless mode.
SZ is downgraded to lossless mode.
cr:1.01759,iter:14,level:18,rank:0,datasize:470,operation:Interpolation
SZ is downgraded to lossless mode.
SZ is downgraded to lossless mode.
cr:1.04239,iter:14,level:18,rank:0,datasize:3802,operation:Post-smoothing
SZ is downgraded to lossless mode.
SZ is downgraded to lossless mode.
cr:1.02252,iter:14,level:18,rank:0,datasize:630,operation:Interpolation
SZ is downgraded to lossless mode.
cr:1.04299,iter:14,level:18,rank:0,datasize:5504,operation:Post-smoothing
SZ is downgraded to lossless mode.
SZ is downgraded to lossless mode.
SZ is downgraded to lossless mode.
cr:1.03128,iter:14,level:18,rank:0,datasize:886,operation:Interpolation
SZ is downgraded to lossless mode.
cr:1.04411,iter:14,level:18,rank:0,datasize:7320,operation:Post-smoothing
SZ is downgraded to lossless mode.
SZ is downgraded to lossless mode.
cr:1.0347,iter:14,level:18,rank:0,datasize:1271,operation:Interpolation
SZ is downgraded to lossless mode.
SZ is downgraded to lossless mode.
SZ is downgraded to lossless mode.
cr:1.04486,iter:14,level:18,rank:0,datasize:9572,operation:Post-smoothing
SZ is downgraded to lossless mode.
cr:1.03918,iter:14,level:18,rank:0,datasize:1724,operation:Interpolation
SZ is downgraded to lossless mode.
SZ is downgraded to lossless mode.
SZ is downgraded to lossless mode.
cr:1.04463,iter:14,level:18,rank:0,datasize:12175,operation:Post-smoothing
SZ is downgraded to lossless mode.
cr:1.04131,iter:14,level:18,rank:0,datasize:2300,operation:Interpolation
SZ is downgraded to lossless mode.
SZ is downgraded to lossless mode.
cr:1.04459,iter:14,level:18,rank:0,datasize:15255,operation:Post-smoothing
SZ is downgraded to lossless mode.
SZ is downgraded to lossless mode.
cr:1.04133,iter:14,level:18,rank:0,datasize:2998,operation:Interpolation
SZ is downgraded to lossless mode.
SZ is downgraded to lossless mode.
cr:1.04427,iter:14,level:18,rank:0,datasize:17402,operation:Post-smoothing
SZ is downgraded to lossless mode.
SZ is downgraded to lossless mode.
cr:1.04374,iter:14,level:18,rank:0,datasize:4098,operation:Interpolation
SZ is downgraded to lossless mode.
SZ is downgraded to lossless mode.
cr:1.04446,iter:14,level:18,rank:0,datasize:16000,operation:Post-smoothing
SZ is downgraded to lossless mode.
SZ is downgraded to lossless mode.
cr:1.04365,iter:14,level:18,rank:0,datasize:5269,operation:Interpolation
SZ is downgraded to lossless mode.
SZ is downgraded to lossless mode.
cr:1.04443,iter:14,level:18,rank:0,datasize:12638,operation:Post-smoothing
SZ is downgraded to lossless mode.
SZ is downgraded to lossless mode.
cr:1.04356,iter:14,level:18,rank:0,datasize:4815,operation:Interpolation
SZ is downgraded to lossless mode.
cr:1.06236,iter:14,level:18,rank:0,datasize:10000,operation:Post-smoothing
cr:1.06199,iter:14,level:18,rank:0,datasize:10000,operation:Residual-Norm
cr:1.06199,iter:15,level:0,rank:0,datasize:10000,operation:Pre-Smoothing
cr:1.06308,iter:15,level:0,rank:0,datasize:10000,operation:Residual
cr:771.786,iter:15,level:1,rank:0,datasize:12638,operation:Pre-Smoothing
cr:8.07089,iter:15,level:1,rank:0,datasize:12638,operation:Residual
cr:984.615,iter:15,level:2,rank:0,datasize:16000,operation:Pre-Smoothing
cr:6.27974,iter:15,level:2,rank:0,datasize:16000,operation:Residual
cr:1054.67,iter:15,level:3,rank:0,datasize:17402,operation:Pre-Smoothing
cr:4.89732,iter:15,level:3,rank:0,datasize:17402,operation:Residual
cr:931.603,iter:15,level:4,rank:0,datasize:15255,operation:Pre-Smoothing
cr:3.71349,iter:15,level:4,rank:0,datasize:15255,operation:Residual
cr:743.511,iter:15,level:5,rank:0,datasize:12175,operation:Pre-Smoothing
cr:2.77335,iter:15,level:5,rank:0,datasize:12175,operation:Residual
cr:584.55,iter:15,level:6,rank:0,datasize:9572,operation:Pre-Smoothing
cr:2.11858,iter:15,level:6,rank:0,datasize:9572,operation:Residual
cr:453.953,iter:15,level:7,rank:0,datasize:7320,operation:Pre-Smoothing
SZ is downgraded to lossless mode.
cr:1.03337,iter:15,level:7,rank:0,datasize:7320,operation:Residual
SZ is downgraded to lossless mode.
cr:346.709,iter:15,level:8,rank:0,datasize:5504,operation:Pre-Smoothing
SZ is downgraded to lossless mode.
cr:1.03381,iter:15,level:8,rank:0,datasize:5504,operation:Residual
SZ is downgraded to lossless mode.
cr:284.262,iter:15,level:9,rank:0,datasize:3802,operation:Pre-Smoothing
SZ is downgraded to lossless mode.
cr:1.03221,iter:15,level:9,rank:0,datasize:3802,operation:Residual
SZ is downgraded to lossless mode.
cr:195.589,iter:15,level:10,rank:0,datasize:2616,operation:Pre-Smoothing
SZ is downgraded to lossless mode.
cr:1.03028,iter:15,level:10,rank:0,datasize:2616,operation:Residual
SZ is downgraded to lossless mode.
cr:125.009,iter:15,level:11,rank:0,datasize:1672,operation:Pre-Smoothing
SZ is downgraded to lossless mode.
cr:1.02726,iter:15,level:11,rank:0,datasize:1672,operation:Residual
SZ is downgraded to lossless mode.
cr:77.8318,iter:15,level:12,rank:0,datasize:1041,operation:Pre-Smoothing
SZ is downgraded to lossless mode.
SZ is downgraded to lossless mode.
cr:1.02209,iter:15,level:12,rank:0,datasize:1041,operation:Residual
cr:47.9252,iter:15,level:13,rank:0,datasize:641,operation:Pre-Smoothing
SZ is downgraded to lossless mode.
cr:1.01424,iter:15,level:13,rank:0,datasize:641,operation:Residual
SZ is downgraded to lossless mode.
cr:25.3204,iter:15,level:14,rank:0,datasize:326,operation:Pre-Smoothing
cr:0.977878,iter:15,level:14,rank:0,datasize:326,operation:Residual
cr:14.019,iter:15,level:15,rank:0,datasize:184,operation:Pre-Smoothing
cr:0.962092,iter:15,level:15,rank:0,datasize:184,operation:Residual
cr:5.67273,iter:15,level:16,rank:0,datasize:78,operation:Pre-Smoothing
cr:0.945455,iter:15,level:16,rank:0,datasize:78,operation:Residual
cr:2.66667,iter:15,level:17,rank:0,datasize:22,operation:Pre-Smoothing
cr:0.755365,iter:15,level:17,rank:0,datasize:22,operation:Residual
cr:0.359551,iter:15,level:18,rank:0,datasize:4,operation:Interpolation
cr:0.755365,iter:15,level:18,rank:0,datasize:22,operation:Post-smoothing
cr:0.55814,iter:15,level:18,rank:0,datasize:9,operation:Interpolation
cr:0.927192,iter:15,level:18,rank:0,datasize:78,operation:Post-smoothing
cr:0.802768,iter:15,level:18,rank:0,datasize:29,operation:Interpolation
cr:0.962092,iter:15,level:18,rank:0,datasize:184,operation:Post-smoothing
cr:0.861244,iter:15,level:18,rank:0,datasize:45,operation:Interpolation
cr:0.997705,iter:15,level:18,rank:0,datasize:326,operation:Post-smoothing
cr:0.908517,iter:15,level:18,rank:0,datasize:72,operation:Interpolation
SZ is downgraded to lossless mode.
SZ is downgraded to lossless mode.
cr:1.02029,iter:15,level:18,rank:0,datasize:641,operation:Post-smoothing
cr:1.00319,iter:15,level:18,rank:0,datasize:118,operation:Interpolation
SZ is downgraded to lossless mode.
SZ is downgraded to lossless mode.
cr:1.03223,iter:15,level:18,rank:0,datasize:1041,operation:Post-smoothing
cr:0.965842,iter:15,level:18,rank:0,datasize:205,operation:Interpolation
SZ is downgraded to lossless mode.
SZ is downgraded to lossless mode.
cr:1.03698,iter:15,level:18,rank:0,datasize:1672,operation:Post-smoothing
cr:0.998747,iter:15,level:18,rank:0,datasize:299,operation:Interpolation
SZ is downgraded to lossless mode.
SZ is downgraded to lossless mode.
cr:1.04052,iter:15,level:18,rank:0,datasize:2616,operation:Post-smoothing
SZ is downgraded to lossless mode.
SZ is downgraded to lossless mode.
cr:1.01622,iter:15,level:18,rank:0,datasize:470,operation:Interpolation
SZ is downgraded to lossless mode.
SZ is downgraded to lossless mode.
cr:1.04193,iter:15,level:18,rank:0,datasize:3802,operation:Post-smoothing
SZ is downgraded to lossless mode.
SZ is downgraded to lossless mode.
cr:1.02148,iter:15,level:18,rank:0,datasize:630,operation:Interpolation
SZ is downgraded to lossless mode.
cr:1.04287,iter:15,level:18,rank:0,datasize:5504,operation:Post-smoothing
SZ is downgraded to lossless mode.
SZ is downgraded to lossless mode.
cr:1.03023,iter:15,level:18,rank:0,datasize:886,operation:Interpolation
SZ is downgraded to lossless mode.
SZ is downgraded to lossless mode.
SZ is downgraded to lossless mode.
cr:1.04359,iter:15,level:18,rank:0,datasize:7320,operation:Post-smoothing
SZ is downgraded to lossless mode.
cr:1.03554,iter:15,level:18,rank:0,datasize:1271,operation:Interpolation
SZ is downgraded to lossless mode.
SZ is downgraded to lossless mode.
cr:1.04425,iter:15,level:18,rank:0,datasize:9572,operation:Post-smoothing
SZ is downgraded to lossless mode.
SZ is downgraded to lossless mode.
cr:1.03902,iter:15,level:18,rank:0,datasize:1724,operation:Interpolation
SZ is downgraded to lossless mode.
SZ is downgraded to lossless mode.
SZ is downgraded to lossless mode.
cr:1.0439,iter:15,level:18,rank:0,datasize:12175,operation:Post-smoothing
SZ is downgraded to lossless mode.
cr:1.04137,iter:15,level:18,rank:0,datasize:2300,operation:Interpolation
SZ is downgraded to lossless mode.
SZ is downgraded to lossless mode.
SZ is downgraded to lossless mode.
cr:1.04418,iter:15,level:18,rank:0,datasize:15255,operation:Post-smoothing
SZ is downgraded to lossless mode.
cr:1.04161,iter:15,level:18,rank:0,datasize:2998,operation:Interpolation
SZ is downgraded to lossless mode.
SZ is downgraded to lossless mode.
SZ is downgraded to lossless mode.
cr:1.04394,iter:15,level:18,rank:0,datasize:17402,operation:Post-smoothing
SZ is downgraded to lossless mode.
cr:1.04245,iter:15,level:18,rank:0,datasize:4098,operation:Interpolation
SZ is downgraded to lossless mode.
SZ is downgraded to lossless mode.
SZ is downgraded to lossless mode.
cr:1.0441,iter:15,level:18,rank:0,datasize:16000,operation:Post-smoothing
SZ is downgraded to lossless mode.
cr:1.04331,iter:15,level:18,rank:0,datasize:5269,operation:Interpolation
SZ is downgraded to lossless mode.
SZ is downgraded to lossless mode.
cr:1.0437,iter:15,level:18,rank:0,datasize:12638,operation:Post-smoothing
SZ is downgraded to lossless mode.
SZ is downgraded to lossless mode.
cr:1.04277,iter:15,level:18,rank:0,datasize:4815,operation:Interpolation
SZ is downgraded to lossless mode.
cr:1.06276,iter:15,level:18,rank:0,datasize:10000,operation:Post-smoothing
cr:1.06225,iter:15,level:18,rank:0,datasize:10000,operation:Residual-Norm
cr:1.06225,iter:16,level:0,rank:0,datasize:10000,operation:Pre-Smoothing
cr:1.06247,iter:16,level:0,rank:0,datasize:10000,operation:Residual
cr:771.786,iter:16,level:1,rank:0,datasize:12638,operation:Pre-Smoothing
cr:7.80666,iter:16,level:1,rank:0,datasize:12638,operation:Residual
cr:984.615,iter:16,level:2,rank:0,datasize:16000,operation:Pre-Smoothing
cr:7.7062,iter:16,level:2,rank:0,datasize:16000,operation:Residual
cr:1054.67,iter:16,level:3,rank:0,datasize:17402,operation:Pre-Smoothing
cr:5.84352,iter:16,level:3,rank:0,datasize:17402,operation:Residual
cr:931.603,iter:16,level:4,rank:0,datasize:15255,operation:Pre-Smoothing
cr:4.0487,iter:16,level:4,rank:0,datasize:15255,operation:Residual
cr:743.511,iter:16,level:5,rank:0,datasize:12175,operation:Pre-Smoothing
cr:2.97978,iter:16,level:5,rank:0,datasize:12175,operation:Residual
cr:584.55,iter:16,level:6,rank:0,datasize:9572,operation:Pre-Smoothing
cr:2.59932,iter:16,level:6,rank:0,datasize:9572,operation:Residual
cr:453.953,iter:16,level:7,rank:0,datasize:7320,operation:Pre-Smoothing
cr:1.78352,iter:16,level:7,rank:0,datasize:7320,operation:Residual
cr:346.709,iter:16,level:8,rank:0,datasize:5504,operation:Pre-Smoothing
SZ is downgraded to lossless mode.
cr:1.03265,iter:16,level:8,rank:0,datasize:5504,operation:Residual
SZ is downgraded to lossless mode.
cr:284.262,iter:16,level:9,rank:0,datasize:3802,operation:Pre-Smoothing
SZ is downgraded to lossless mode.
cr:1.0314,iter:16,level:9,rank:0,datasize:3802,operation:Residual
SZ is downgraded to lossless mode.
cr:195.589,iter:16,level:10,rank:0,datasize:2616,operation:Pre-Smoothing
SZ is downgraded to lossless mode.
cr:1.02997,iter:16,level:10,rank:0,datasize:2616,operation:Residual
SZ is downgraded to lossless mode.
cr:125.009,iter:16,level:11,rank:0,datasize:1672,operation:Pre-Smoothing
SZ is downgraded to lossless mode.
cr:1.02687,iter:16,level:11,rank:0,datasize:1672,operation:Residual
SZ is downgraded to lossless mode.
cr:77.8318,iter:16,level:12,rank:0,datasize:1041,operation:Pre-Smoothing
SZ is downgraded to lossless mode.
cr:1.02209,iter:16,level:12,rank:0,datasize:1041,operation:Residual
SZ is downgraded to lossless mode.
cr:47.9252,iter:16,level:13,rank:0,datasize:641,operation:Pre-Smoothing
SZ is downgraded to lossless mode.
SZ is downgraded to lossless mode.
cr:1.01324,iter:16,level:13,rank:0,datasize:641,operation:Residual
cr:25.3204,iter:16,level:14,rank:0,datasize:326,operation:Pre-Smoothing
cr:0.982668,iter:16,level:14,rank:0,datasize:326,operation:Residual
cr:14.019,iter:16,level:15,rank:0,datasize:184,operation:Pre-Smoothing
cr:0.962092,iter:16,level:15,rank:0,datasize:184,operation:Residual
cr:5.67273,iter:16,level:16,rank:0,datasize:78,operation:Pre-Smoothing
cr:0.954128,iter:16,level:16,rank:0,datasize:78,operation:Residual
cr:2.66667,iter:16,level:17,rank:0,datasize:22,operation:Pre-Smoothing
cr:0.755365,iter:16,level:17,rank:0,datasize:22,operation:Residual
cr:0.359551,iter:16,level:18,rank:0,datasize:4,operation:Interpolation
cr:0.755365,iter:16,level:18,rank:0,datasize:22,operation:Post-smoothing
cr:0.55814,iter:16,level:18,rank:0,datasize:9,operation:Interpolation
cr:0.914956,iter:16,level:18,rank:0,datasize:78,operation:Post-smoothing
cr:0.802768,iter:16,level:18,rank:0,datasize:29,operation:Interpolation
cr:0.962092,iter:16,level:18,rank:0,datasize:184,operation:Post-smoothing
cr:0.861244,iter:16,level:18,rank:0,datasize:45,operation:Interpolation
cr:0.998469,iter:16,level:18,rank:0,datasize:326,operation:Post-smoothing
cr:0.908517,iter:16,level:18,rank:0,datasize:72,operation:Interpolation
SZ is downgraded to lossless mode.
cr:1.01948,iter:16,level:18,rank:0,datasize:641,operation:Post-smoothing
SZ is downgraded to lossless mode.
cr:1.03282,iter:16,level:18,rank:0,datasize:118,operation:Interpolation
SZ is downgraded to lossless mode.
SZ is downgraded to lossless mode.
cr:1.0298,iter:16,level:18,rank:0,datasize:1041,operation:Post-smoothing
cr:0.965842,iter:16,level:18,rank:0,datasize:205,operation:Interpolation
SZ is downgraded to lossless mode.
SZ is downgraded to lossless mode.
cr:1.0365,iter:16,level:18,rank:0,datasize:1672,operation:Post-smoothing
cr:0.998747,iter:16,level:18,rank:0,datasize:299,operation:Interpolation
SZ is downgraded to lossless mode.
cr:1.03959,iter:16,level:18,rank:0,datasize:2616,operation:Post-smoothing
SZ is downgraded to lossless mode.
SZ is downgraded to lossless mode.
SZ is downgraded to lossless mode.
cr:1.01512,iter:16,level:18,rank:0,datasize:470,operation:Interpolation
SZ is downgraded to lossless mode.
SZ is downgraded to lossless mode.
cr:1.04086,iter:16,level:18,rank:0,datasize:3802,operation:Post-smoothing
SZ is downgraded to lossless mode.
SZ is downgraded to lossless mode.
cr:1.02418,iter:16,level:18,rank:0,datasize:630,operation:Interpolation
SZ is downgraded to lossless mode.
cr:1.04218,iter:16,level:18,rank:0,datasize:5504,operation:Post-smoothing
SZ is downgraded to lossless mode.
SZ is downgraded to lossless mode.
cr:1.03023,iter:16,level:18,rank:0,datasize:886,operation:Interpolation
SZ is downgraded to lossless mode.
SZ is downgraded to lossless mode.
cr:1.04298,iter:16,level:18,rank:0,datasize:7320,operation:Post-smoothing
SZ is downgraded to lossless mode.
SZ is downgraded to lossless mode.
cr:1.03523,iter:16,level:18,rank:0,datasize:1271,operation:Interpolation
SZ is downgraded to lossless mode.
SZ is downgraded to lossless mode.
cr:1.04372,iter:16,level:18,rank:0,datasize:9572,operation:Post-smoothing
SZ is downgraded to lossless mode.
SZ is downgraded to lossless mode.
cr:1.03816,iter:16,level:18,rank:0,datasize:1724,operation:Interpolation
SZ is downgraded to lossless mode.
SZ is downgraded to lossless mode.
SZ is downgraded to lossless mode.
cr:1.04401,iter:16,level:18,rank:0,datasize:12175,operation:Post-smoothing
SZ is downgraded to lossless mode.
cr:1.03943,iter:16,level:18,rank:0,datasize:2300,operation:Interpolation
SZ is downgraded to lossless mode.
SZ is downgraded to lossless mode.
SZ is downgraded to lossless mode.
cr:1.0435,iter:16,level:18,rank:0,datasize:15255,operation:Post-smoothing
SZ is downgraded to lossless mode.
cr:1.04156,iter:16,level:18,rank:0,datasize:2998,operation:Interpolation
SZ is downgraded to lossless mode.
SZ is downgraded to lossless mode.
SZ is downgraded to lossless mode.
cr:1.04367,iter:16,level:18,rank:0,datasize:17402,operation:Post-smoothing
SZ is downgraded to lossless mode.
cr:1.04228,iter:16,level:18,rank:0,datasize:4098,operation:Interpolation
SZ is downgraded to lossless mode.
SZ is downgraded to lossless mode.
cr:1.87447,iter:16,level:18,rank:0,datasize:16000,operation:Post-smoothing
SZ is downgraded to lossless mode.
cr:1.04275,iter:16,level:18,rank:0,datasize:5269,operation:Interpolation
SZ is downgraded to lossless mode.
SZ is downgraded to lossless mode.
cr:1.04383,iter:16,level:18,rank:0,datasize:12638,operation:Post-smoothing
SZ is downgraded to lossless mode.
cr:1.04212,iter:16,level:18,rank:0,datasize:4815,operation:Interpolation
SZ is downgraded to lossless mode.
cr:1.06281,iter:16,level:18,rank:0,datasize:10000,operation:Post-smoothing
cr:1.06257,iter:16,level:18,rank:0,datasize:10000,operation:Residual-Norm
cr:1.06257,iter:17,level:0,rank:0,datasize:10000,operation:Pre-Smoothing
cr:1.06235,iter:17,level:0,rank:0,datasize:10000,operation:Residual
cr:771.786,iter:17,level:1,rank:0,datasize:12638,operation:Pre-Smoothing
cr:9.36148,iter:17,level:1,rank:0,datasize:12638,operation:Residual
cr:984.615,iter:17,level:2,rank:0,datasize:16000,operation:Pre-Smoothing
cr:8.257,iter:17,level:2,rank:0,datasize:16000,operation:Residual
cr:1054.67,iter:17,level:3,rank:0,datasize:17402,operation:Pre-Smoothing
cr:6.34126,iter:17,level:3,rank:0,datasize:17402,operation:Residual
cr:931.603,iter:17,level:4,rank:0,datasize:15255,operation:Pre-Smoothing
cr:5.00513,iter:17,level:4,rank:0,datasize:15255,operation:Residual
cr:743.511,iter:17,level:5,rank:0,datasize:12175,operation:Pre-Smoothing
cr:3.29745,iter:17,level:5,rank:0,datasize:12175,operation:Residual
cr:584.55,iter:17,level:6,rank:0,datasize:9572,operation:Pre-Smoothing
cr:2.77008,iter:17,level:6,rank:0,datasize:9572,operation:Residual
cr:453.953,iter:17,level:7,rank:0,datasize:7320,operation:Pre-Smoothing
cr:1.91473,iter:17,level:7,rank:0,datasize:7320,operation:Residual
cr:346.709,iter:17,level:8,rank:0,datasize:5504,operation:Pre-Smoothing
SZ is downgraded to lossless mode.
cr:1.03148,iter:17,level:8,rank:0,datasize:5504,operation:Residual
SZ is downgraded to lossless mode.
cr:284.262,iter:17,level:9,rank:0,datasize:3802,operation:Pre-Smoothing
SZ is downgraded to lossless mode.
cr:1.03074,iter:17,level:9,rank:0,datasize:3802,operation:Residual
SZ is downgraded to lossless mode.
cr:195.589,iter:17,level:10,rank:0,datasize:2616,operation:Pre-Smoothing
SZ is downgraded to lossless mode.
cr:1.02916,iter:17,level:10,rank:0,datasize:2616,operation:Residual
SZ is downgraded to lossless mode.
cr:125.009,iter:17,level:11,rank:0,datasize:1672,operation:Pre-Smoothing
SZ is downgraded to lossless mode.
cr:1.02632,iter:17,level:11,rank:0,datasize:1672,operation:Residual
SZ is downgraded to lossless mode.
cr:77.8318,iter:17,level:12,rank:0,datasize:1041,operation:Pre-Smoothing
SZ is downgraded to lossless mode.
SZ is downgraded to lossless mode.
cr:1.02259,iter:17,level:12,rank:0,datasize:1041,operation:Residual
cr:47.9252,iter:17,level:13,rank:0,datasize:641,operation:Pre-Smoothing
SZ is downgraded to lossless mode.
cr:SZ is downgraded to lossless mode.
1.01504,iter:17,level:13,rank:0,datasize:641,operation:Residual
cr:25.3204,iter:17,level:14,rank:0,datasize:326,operation:Pre-Smoothing
cr:0.977878,iter:17,level:14,rank:0,datasize:326,operation:Residual
cr:14.019,iter:17,level:15,rank:0,datasize:184,operation:Pre-Smoothing
cr:0.967148,iter:17,level:15,rank:0,datasize:184,operation:Residual
cr:5.67273,iter:17,level:16,rank:0,datasize:78,operation:Pre-Smoothing
cr:0.946889,iter:17,level:16,rank:0,datasize:78,operation:Residual
cr:2.66667,iter:17,level:17,rank:0,datasize:22,operation:Pre-Smoothing
cr:0.755365,iter:17,level:17,rank:0,datasize:22,operation:Residual
cr:0.359551,iter:17,level:18,rank:0,datasize:4,operation:Interpolation
cr:0.755365,iter:17,level:18,rank:0,datasize:22,operation:Post-smoothing
cr:0.55814,iter:17,level:18,rank:0,datasize:9,operation:Interpolation
cr:0.935532,iter:17,level:18,rank:0,datasize:78,operation:Post-smoothing
cr:0.802768,iter:17,level:18,rank:0,datasize:29,operation:Interpolation
cr:0.962092,iter:17,level:18,rank:0,datasize:184,operation:Post-smoothing
cr:0.861244,iter:17,level:18,rank:0,datasize:45,operation:Interpolation
cr:0.994661,iter:17,level:18,rank:0,datasize:326,operation:Post-smoothing
cr:0.908517,iter:17,level:18,rank:0,datasize:72,operation:Interpolation
SZ is downgraded to lossless mode.
SZ is downgraded to lossless mode.
cr:1.01847,iter:17,level:18,rank:0,datasize:641,operation:Post-smoothing
cr:1.01396,iter:17,level:18,rank:0,datasize:118,operation:Interpolation
SZ is downgraded to lossless mode.
SZ is downgraded to lossless mode.
cr:1.02967,iter:17,level:18,rank:0,datasize:1041,operation:Post-smoothing
cr:0.965842,iter:17,level:18,rank:0,datasize:205,operation:Interpolation
SZ is downgraded to lossless mode.
SZ is downgraded to lossless mode.
cr:1.03433,iter:17,level:18,rank:0,datasize:1672,operation:Post-smoothing
cr:0.996252,iter:17,level:18,rank:0,datasize:299,operation:Interpolation
SZ is downgraded to lossless mode.
cr:1.03959,iter:17,level:18,rank:0,datasize:2616,operation:Post-smoothing
SZ is downgraded to lossless mode.
SZ is downgraded to lossless mode.
SZ is downgraded to lossless mode.
cr:1.01402,iter:17,level:18,rank:0,datasize:470,operation:Interpolation
SZ is downgraded to lossless mode.
SZ is downgraded to lossless mode.
cr:1.04065,iter:17,level:18,rank:0,datasize:3802,operation:Post-smoothing
SZ is downgraded to lossless mode.
cr:1.02335,iter:17,level:18,rank:0,datasize:630,operation:Interpolation
SZ is downgraded to lossless mode.
SZ is downgraded to lossless mode.
cr:1.04213,iter:17,level:18,rank:0,datasize:5504,operation:Post-smoothing
SZ is downgraded to lossless mode.
SZ is downgraded to lossless mode.
SZ is downgraded to lossless mode.
cr:1.02993,iter:17,level:18,rank:0,datasize:886,operation:Interpolation
SZ is downgraded to lossless mode.
cr:1.04279,iter:17,level:18,rank:0,datasize:7320,operation:Post-smoothing
SZ is downgraded to lossless mode.
SZ is downgraded to lossless mode.
SZ is downgraded to lossless mode.
cr:1.03375,iter:17,level:18,rank:0,datasize:1271,operation:Interpolation
SZ is downgraded to lossless mode.
SZ is downgraded to lossless mode.
cr:1.04274,iter:17,level:18,rank:0,datasize:9572,operation:Post-smoothing
SZ is downgraded to lossless mode.
cr:1.03668,iter:17,level:18,rank:0,datasize:1724,operation:Interpolation
SZ is downgraded to lossless mode.
SZ is downgraded to lossless mode.
cr:1.04315,iter:17,level:18,rank:0,datasize:12175,operation:Post-smoothing
SZ is downgraded to lossless mode.
SZ is downgraded to lossless mode.
SZ is downgraded to lossless mode.
cr:1.03967,iter:17,level:18,rank:0,datasize:2300,operation:Interpolation
SZ is downgraded to lossless mode.
SZ is downgraded to lossless mode.
cr:1.04362,iter:17,level:18,rank:0,datasize:15255,operation:Post-smoothing
SZ is downgraded to lossless mode.
SZ is downgraded to lossless mode.
cr:1.04138,iter:17,level:18,rank:0,datasize:2998,operation:Interpolation
SZ is downgraded to lossless mode.
cr:1.04321,iter:17,level:18,rank:0,datasize:17402,operation:Post-smoothing
SZ is downgraded to lossless mode.
SZ is downgraded to lossless mode.
cr:1.04152,iter:17,level:18,rank:0,datasize:4098,operation:Interpolation
SZ is downgraded to lossless mode.
SZ is downgraded to lossless mode.
SZ is downgraded to lossless mode.
cr:1.04365,iter:17,level:18,rank:0,datasize:16000,operation:Post-smoothing
SZ is downgraded to lossless mode.
cr:1.04249,iter:17,level:18,rank:0,datasize:5269,operation:Interpolation
SZ is downgraded to lossless mode.
SZ is downgraded to lossless mode.
cr:1.04347,iter:17,level:18,rank:0,datasize:12638,operation:Post-smoothing
SZ is downgraded to lossless mode.
SZ is downgraded to lossless mode.
cr:1.04215,iter:17,level:18,rank:0,datasize:4815,operation:Interpolation
SZ is downgraded to lossless mode.
cr:1.06284,iter:17,level:18,rank:0,datasize:10000,operation:Post-smoothing
cr:1.06233,iter:17,level:18,rank:0,datasize:10000,operation:Residual-Norm
cr:1.06233,iter:18,level:0,rank:0,datasize:10000,operation:Pre-Smoothing
cr:1.06219,iter:18,level:0,rank:0,datasize:10000,operation:Residual
cr:771.786,iter:18,level:1,rank:0,datasize:12638,operation:Pre-Smoothing
cr:9.20047,iter:18,level:1,rank:0,datasize:12638,operation:Residual
cr:984.615,iter:18,level:2,rank:0,datasize:16000,operation:Pre-Smoothing
cr:8.85445,iter:18,level:2,rank:0,datasize:16000,operation:Residual
cr:1054.67,iter:18,level:3,rank:0,datasize:17402,operation:Pre-Smoothing
cr:6.70597,iter:18,level:3,rank:0,datasize:17402,operation:Residual
cr:931.603,iter:18,level:4,rank:0,datasize:15255,operation:Pre-Smoothing
cr:5.36935,iter:18,level:4,rank:0,datasize:15255,operation:Residual
cr:743.511,iter:18,level:5,rank:0,datasize:12175,operation:Pre-Smoothing
cr:4.02696,iter:18,level:5,rank:0,datasize:12175,operation:Residual
cr:584.55,iter:18,level:6,rank:0,datasize:9572,operation:Pre-Smoothing
cr:2.69416,iter:18,level:6,rank:0,datasize:9572,operation:Residual
cr:453.953,iter:18,level:7,rank:0,datasize:7320,operation:Pre-Smoothing
cr:2.13489,iter:18,level:7,rank:0,datasize:7320,operation:Residual
cr:346.709,iter:18,level:8,rank:0,datasize:5504,operation:Pre-Smoothing
SZ is downgraded to lossless mode.
cr:1.03049,iter:18,level:8,rank:0,datasize:5504,operation:Residual
cr:284.262,iter:18,level:9,rank:0,datasize:3802,operation:Pre-Smoothing
SZ is downgraded to lossless mode.
cr:1.0307,iter:18,level:9,rank:0,datasize:3802,operation:Residual
SZ is downgraded to lossless mode.
cr:195.589,iter:18,level:10,rank:0,datasize:2616,operation:Pre-Smoothing
SZ is downgraded to lossless mode.
cr:1.02871,iter:18,level:10,rank:0,datasize:2616,operation:Residual
SZ is downgraded to lossless mode.
cr:125.009,iter:18,level:11,rank:0,datasize:1672,operation:Pre-Smoothing
SZ is downgraded to lossless mode.
cr:1.02648,iter:18,level:11,rank:0,datasize:1672,operation:Residual
SZ is downgraded to lossless mode.
cr:77.8318,iter:18,level:12,rank:0,datasize:1041,operation:Pre-Smoothing
SZ is downgraded to lossless mode.
SZ is downgraded to lossless mode.
cr:1.02209,iter:18,level:12,rank:0,datasize:1041,operation:Residual
cr:47.9252,iter:18,level:13,rank:0,datasize:641,operation:Pre-Smoothing
SZ is downgraded to lossless mode.
cr:1.01504,iter:18,level:13,rank:0,datasize:641,operation:Residual
SZ is downgraded to lossless mode.
cr:25.3204,iter:18,level:14,rank:0,datasize:326,operation:Pre-Smoothing
cr:0.999234,iter:18,level:14,rank:0,datasize:326,operation:Residual
cr:14.019,iter:18,level:15,rank:0,datasize:184,operation:Pre-Smoothing
cr:0.962092,iter:18,level:15,rank:0,datasize:184,operation:Residual
cr:5.67273,iter:18,level:16,rank:0,datasize:78,operation:Pre-Smoothing
cr:0.964451,iter:18,level:16,rank:0,datasize:78,operation:Residual
cr:2.66667,iter:18,level:17,rank:0,datasize:22,operation:Pre-Smoothing
cr:0.755365,iter:18,level:17,rank:0,datasize:22,operation:Residual
cr:0.359551,iter:18,level:18,rank:0,datasize:4,operation:Interpolation
cr:0.755365,iter:18,level:18,rank:0,datasize:22,operation:Post-smoothing
cr:0.55814,iter:18,level:18,rank:0,datasize:9,operation:Interpolation
cr:0.931343,iter:18,level:18,rank:0,datasize:78,operation:Post-smoothing
cr:0.802768,iter:18,level:18,rank:0,datasize:29,operation:Interpolation
cr:0.962092,iter:18,level:18,rank:0,datasize:184,operation:Post-smoothing
cr:0.861244,iter:18,level:18,rank:0,datasize:45,operation:Interpolation
cr:0.977878,iter:18,level:18,rank:0,datasize:326,operation:Post-smoothing
cr:0.908517,iter:18,level:18,rank:0,datasize:72,operation:Interpolation
SZ is downgraded to lossless mode.
SZ is downgraded to lossless mode.
cr:1.01969,iter:18,level:18,rank:0,datasize:641,operation:Post-smoothing
cr:1.02609,iter:18,level:18,rank:0,datasize:118,operation:Interpolation
SZ is downgraded to lossless mode.
SZ is downgraded to lossless mode.
cr:1.02942,iter:18,level:18,rank:0,datasize:1041,operation:Post-smoothing
cr:0.965842,iter:18,level:18,rank:0,datasize:205,operation:Interpolation
SZ is downgraded to lossless mode.
SZ is downgraded to lossless mode.
cr:1.03457,iter:18,level:18,rank:0,datasize:1672,operation:Post-smoothing
cr:0.995837,iter:18,level:18,rank:0,datasize:299,operation:Interpolation
SZ is downgraded to lossless mode.
cr:1.03794,iter:18,level:18,rank:0,datasize:2616,operation:Post-smoothing
SZ is downgraded to lossless mode.
SZ is downgraded to lossless mode.
SZ is downgraded to lossless mode.
cr:1.01457,iter:18,level:18,rank:0,datasize:470,operation:Interpolation
SZ is downgraded to lossless mode.
SZ is downgraded to lossless mode.
cr:1.04057,iter:18,level:18,rank:0,datasize:3802,operation:Post-smoothing
SZ is downgraded to lossless mode.
SZ is downgraded to lossless mode.
cr:1.02314,iter:18,level:18,rank:0,datasize:630,operation:Interpolation
SZ is downgraded to lossless mode.
cr:1.04124,iter:18,level:18,rank:0,datasize:5504,operation:Post-smoothing
SZ is downgraded to lossless mode.
SZ is downgraded to lossless mode.
SZ is downgraded to lossless mode.
cr:1.02963,iter:18,level:18,rank:0,datasize:886,operation:Interpolation
SZ is downgraded to lossless mode.
cr:1.04223,iter:18,level:18,rank:0,datasize:7320,operation:Post-smoothing
SZ is downgraded to lossless mode.
SZ is downgraded to lossless mode.
cr:1.03365,iter:18,level:18,rank:0,datasize:1271,operation:Interpolation
SZ is downgraded to lossless mode.
SZ is downgraded to lossless mode.
SZ is downgraded to lossless mode.
cr:1.04263,iter:18,level:18,rank:0,datasize:9572,operation:Post-smoothing
SZ is downgraded to lossless mode.
cr:1.03691,iter:18,level:18,rank:0,datasize:1724,operation:Interpolation
SZ is downgraded to lossless mode.
SZ is downgraded to lossless mode.
SZ is downgraded to lossless mode.
cr:1.04307,iter:18,level:18,rank:0,datasize:12175,operation:Post-smoothing
SZ is downgraded to lossless mode.
SZ is downgraded to lossless mode.
cr:1.0389,iter:18,level:18,rank:0,datasize:2300,operation:Interpolation
SZ is downgraded to lossless mode.
SZ is downgraded to lossless mode.
cr:1.04267,iter:18,level:18,rank:0,datasize:15255,operation:Post-smoothing
SZ is downgraded to lossless mode.
cr:1.04048,iter:18,level:18,rank:0,datasize:2998,operation:Interpolation
SZ is downgraded to lossless mode.
SZ is downgraded to lossless mode.
SZ is downgraded to lossless mode.
cr:1.04324,iter:18,level:18,rank:0,datasize:17402,operation:Post-smoothing
SZ is downgraded to lossless mode.
cr:1.04152,iter:18,level:18,rank:0,datasize:4098,operation:Interpolation
SZ is downgraded to lossless mode.
SZ is downgraded to lossless mode.
cr:1.92345,iter:18,level:18,rank:0,datasize:16000,operation:Post-smoothing
SZ is downgraded to lossless mode.
cr:1.04205,iter:18,level:18,rank:0,datasize:5269,operation:Interpolation
SZ is downgraded to lossless mode.
cr:1.8194,iter:18,level:18,rank:0,datasize:12638,operation:Post-smoothing
SZ is downgraded to lossless mode.
cr:1.04167,iter:18,level:18,rank:0,datasize:4815,operation:Interpolation
SZ is downgraded to lossless mode.
cr:1.06257,iter:18,level:18,rank:0,datasize:10000,operation:Post-smoothing
cr:1.06216,iter:18,level:18,rank:0,datasize:10000,operation:Residual-Norm
cr:1.06216,iter:19,level:0,rank:0,datasize:10000,operation:Pre-Smoothing
cr:1.06256,iter:19,level:0,rank:0,datasize:10000,operation:Residual
cr:771.786,iter:19,level:1,rank:0,datasize:12638,operation:Pre-Smoothing
cr:10.0312,iter:19,level:1,rank:0,datasize:12638,operation:Residual
cr:984.615,iter:19,level:2,rank:0,datasize:16000,operation:Pre-Smoothing
cr:9.47516,iter:19,level:2,rank:0,datasize:16000,operation:Residual
cr:1054.67,iter:19,level:3,rank:0,datasize:17402,operation:Pre-Smoothing
cr:6.50694,iter:19,level:3,rank:0,datasize:17402,operation:Residual
cr:931.603,iter:19,level:4,rank:0,datasize:15255,operation:Pre-Smoothing
cr:5.14307,iter:19,level:4,rank:0,datasize:15255,operation:Residual
cr:743.511,iter:19,level:5,rank:0,datasize:12175,operation:Pre-Smoothing
cr:3.90412,iter:19,level:5,rank:0,datasize:12175,operation:Residual
cr:584.55,iter:19,level:6,rank:0,datasize:9572,operation:Pre-Smoothing
cr:2.96152,iter:19,level:6,rank:0,datasize:9572,operation:Residual
cr:453.953,iter:19,level:7,rank:0,datasize:7320,operation:Pre-Smoothing
cr:2.26205,iter:19,level:7,rank:0,datasize:7320,operation:Residual
cr:346.709,iter:19,level:8,rank:0,datasize:5504,operation:Pre-Smoothing
cr:1.85813,iter:19,level:8,rank:0,datasize:5504,operation:Residual
SZ is downgraded to lossless mode.
cr:284.262,iter:19,level:9,rank:0,datasize:3802,operation:Pre-Smoothing
SZ is downgraded to lossless mode.
cr:1.03014,iter:19,level:9,rank:0,datasize:3802,operation:Residual
SZ is downgraded to lossless mode.
cr:195.589,iter:19,level:10,rank:0,datasize:2616,operation:Pre-Smoothing
SZ is downgraded to lossless mode.
SZ is downgraded to lossless mode.
cr:1.02926,iter:19,level:10,rank:0,datasize:2616,operation:Residual
cr:125.009,iter:19,level:11,rank:0,datasize:1672,operation:Pre-Smoothing
SZ is downgraded to lossless mode.
cr:1.02624,iter:19,level:11,rank:0,datasize:1672,operation:Residual
SZ is downgraded to lossless mode.
cr:77.8318,iter:19,level:12,rank:0,datasize:1041,operation:Pre-Smoothing
SZ is downgraded to lossless mode.
cr:1.02234,iter:19,level:12,rank:0,datasize:1041,operation:Residual
SZ is downgraded to lossless mode.
cr:47.9252,iter:19,level:13,rank:0,datasize:641,operation:Pre-Smoothing
SZ is downgraded to lossless mode.
cr:1.01504,iter:19,level:13,rank:0,datasize:641,operation:Residual
SZ is downgraded to lossless mode.
cr:25.3204,iter:19,level:14,rank:0,datasize:326,operation:Pre-Smoothing
cr:0.992012,iter:19,level:14,rank:0,datasize:326,operation:Residual
cr:14.019,iter:19,level:15,rank:0,datasize:184,operation:Pre-Smoothing
cr:0.962092,iter:19,level:15,rank:0,datasize:184,operation:Residual
cr:5.67273,iter:19,level:16,rank:0,datasize:78,operation:Pre-Smoothing
cr:0.968944,iter:19,level:16,rank:0,datasize:78,operation:Residual
cr:2.66667,iter:19,level:17,rank:0,datasize:22,operation:Pre-Smoothing
cr:0.755365,iter:19,level:17,rank:0,datasize:22,operation:Residual
cr:0.359551,iter:19,level:18,rank:0,datasize:4,operation:Interpolation
cr:0.755365,iter:19,level:18,rank:0,datasize:22,operation:Post-smoothing
cr:0.55814,iter:19,level:18,rank:0,datasize:9,operation:Interpolation
cr:0.941176,iter:19,level:18,rank:0,datasize:78,operation:Post-smoothing
cr:0.802768,iter:19,level:18,rank:0,datasize:29,operation:Interpolation
cr:0.962092,iter:19,level:18,rank:0,datasize:184,operation:Post-smoothing
cr:0.861244,iter:19,level:18,rank:0,datasize:45,operation:Interpolation
cr:0.977878,iter:19,level:18,rank:0,datasize:326,operation:Post-smoothing
cr:0.908517,iter:19,level:18,rank:0,datasize:72,operation:Interpolation
SZ is downgraded to lossless mode.
SZ is downgraded to lossless mode.
cr:1.01766,iter:19,level:18,rank:0,datasize:641,operation:Post-smoothing
cr:1.02832,iter:19,level:18,rank:0,datasize:118,operation:Interpolation
SZ is downgraded to lossless mode.
SZ is downgraded to lossless mode.
cr:1.0284,iter:19,level:18,rank:0,datasize:1041,operation:Post-smoothing
cr:0.965842,iter:19,level:18,rank:0,datasize:205,operation:Interpolation
SZ is downgraded to lossless mode.
SZ is downgraded to lossless mode.
cr:1.03345,iter:19,level:18,rank:0,datasize:1672,operation:Post-smoothing
cr:0.995008,iter:19,level:18,rank:0,datasize:299,operation:Interpolation
SZ is downgraded to lossless mode.
cr:1.03789,iter:19,level:18,rank:0,datasize:2616,operation:Post-smoothing
SZ is downgraded to lossless mode.
SZ is downgraded to lossless mode.
cr:1.01293,iter:19,level:18,rank:0,datasize:470,operation:Interpolation
SZ is downgraded to lossless mode.
SZ is downgraded to lossless mode.
cr:1.03993,iter:19,level:18,rank:0,datasize:3802,operation:Post-smoothing
SZ is downgraded to lossless mode.
SZ is downgraded to lossless mode.
SZ is downgraded to lossless mode.
cr:1.02252,iter:19,level:18,rank:0,datasize:630,operation:Interpolation
SZ is downgraded to lossless mode.
cr:1.04077,iter:19,level:18,rank:0,datasize:5504,operation:Post-smoothing
SZ is downgraded to lossless mode.
SZ is downgraded to lossless mode.
cr:1.02948,iter:19,level:18,rank:0,datasize:886,operation:Interpolation
SZ is downgraded to lossless mode.
SZ is downgraded to lossless mode.
cr:1.04251,iter:19,level:18,rank:0,datasize:7320,operation:Post-smoothing
SZ is downgraded to lossless mode.
SZ is downgraded to lossless mode.
cr:1.03396,iter:SZ is downgraded to lossless mode.
19,level:18,rank:0,datasize:1271,operation:Interpolation
SZ is downgraded to lossless mode.
SZ is downgraded to lossless mode.
cr:1.0422,iter:19,level:18,rank:0,datasize:9572,operation:Post-smoothing
SZ is downgraded to lossless mode.
cr:1.03793,iter:19,level:18,rank:0,datasize:1724,operation:Interpolation
SZ is downgraded to lossless mode.
SZ is downgraded to lossless mode.
SZ is downgraded to lossless mode.
cr:1.04253,iter:19,level:18,rank:0,datasize:12175,operation:Post-smoothing
SZ is downgraded to lossless mode.
cr:1.03843,iter:19,level:18,rank:0,datasize:2300,operation:Interpolation
SZ is downgraded to lossless mode.
SZ is downgraded to lossless mode.
SZ is downgraded to lossless mode.
cr:1.04255,iter:19,level:18,rank:0,datasize:15255,operation:Post-smoothing
SZ is downgraded to lossless mode.
cr:1.04084,iter:19,level:18,rank:0,datasize:2998,operation:Interpolation
SZ is downgraded to lossless mode.
SZ is downgraded to lossless mode.
SZ is downgraded to lossless mode.
cr:1.04247,iter:19,level:18,rank:0,datasize:17402,operation:Post-smoothing
SZ is downgraded to lossless mode.
cr:1.0407,iter:19,level:18,rank:0,datasize:4098,operation:Interpolation
SZ is downgraded to lossless mode.
cr:1.818,iter:19,level:18,rank:0,datasize:16000,operation:Post-smoothing
SZ is downgraded to lossless mode.
cr:1.04154,iter:19,level:18,rank:0,datasize:5269,operation:Interpolation
SZ is downgraded to lossless mode.
cr:1.92253,iter:19,level:18,rank:0,datasize:12638,operation:Post-smoothing
SZ is downgraded to lossless mode.
cr:1.04133,iter:19,level:18,rank:0,datasize:4815,operation:Interpolation
SZ is downgraded to lossless mode.
cr:1.06218,iter:19,level:18,rank:0,datasize:10000,operation:Post-smoothing
cr:1.06249,iter:19,level:18,rank:0,datasize:10000,operation:Residual-Norm
cr:1.06249,iter:20,level:0,rank:0,datasize:10000,operation:Pre-Smoothing
cr:1.06269,iter:20,level:0,rank:0,datasize:10000,operation:Residual
cr:771.786,iter:20,level:1,rank:0,datasize:12638,operation:Pre-Smoothing
cr:12.1724,iter:20,level:1,rank:0,datasize:12638,operation:Residual
cr:984.615,iter:20,level:2,rank:0,datasize:16000,operation:Pre-Smoothing
cr:10.0811,iter:20,level:2,rank:0,datasize:16000,operation:Residual
cr:1054.67,iter:20,level:3,rank:0,datasize:17402,operation:Pre-Smoothing
cr:7.6266,iter:20,level:3,rank:0,datasize:17402,operation:Residual
cr:931.603,iter:20,level:4,rank:0,datasize:15255,operation:Pre-Smoothing
cr:5.46089,iter:20,level:4,rank:0,datasize:15255,operation:Residual
cr:743.511,iter:20,level:5,rank:0,datasize:12175,operation:Pre-Smoothing
cr:4.22395,iter:20,level:5,rank:0,datasize:12175,operation:Residual
cr:584.55,iter:20,level:6,rank:0,datasize:9572,operation:Pre-Smoothing
cr:3.16286,iter:20,level:6,rank:0,datasize:9572,operation:Residual
cr:453.953,iter:20,level:7,rank:0,datasize:7320,operation:Pre-Smoothing
cr:2.42244,iter:20,level:7,rank:0,datasize:7320,operation:Residual
cr:346.709,iter:20,level:8,rank:0,datasize:5504,operation:Pre-Smoothing
cr:1.96677,iter:20,level:8,rank:0,datasize:5504,operation:Residual
cr:284.262,iter:20,level:9,rank:0,datasize:3802,operation:Pre-Smoothing
SZ is downgraded to lossless mode.
cr:1.03004,iter:20,level:9,rank:0,datasize:3802,operation:Residual
cr:195.589,iter:20,level:10,rank:0,datasize:2616,operation:Pre-Smoothing
SZ is downgraded to lossless mode.
cr:1.02876,iter:20,level:10,rank:0,datasize:2616,operation:Residual
SZ is downgraded to lossless mode.
cr:125.009,iter:20,level:11,rank:0,datasize:1672,operation:Pre-Smoothing
SZ is downgraded to lossless mode.
cr:1.02608,iter:20,level:11,rank:0,datasize:1672,operation:Residual
SZ is downgraded to lossless mode.
cr:77.8318,iter:20,level:12,rank:0,datasize:1041,operation:Pre-Smoothing
SZ is downgraded to lossless mode.
cr:1.0236,iter:20,level:12,rank:0,datasize:1041,operation:Residual
SZ is downgraded to lossless mode.
cr:47.9252,iter:20,level:13,rank:0,datasize:641,operation:Pre-Smoothing
SZ is downgraded to lossless mode.
cr:1.01324,iter:20,level:13,rank:0,datasize:641,operation:Residual
SZ is downgraded to lossless mode.
cr:25.3204,iter:20,level:14,rank:0,datasize:326,operation:Pre-Smoothing
cr:1.02516,iter:20,level:14,rank:0,datasize:326,operation:Residual
cr:14.019,iter:20,level:15,rank:0,datasize:184,operation:Pre-Smoothing
cr:0.976775,iter:20,level:15,rank:0,datasize:184,operation:Residual
cr:5.67273,iter:20,level:16,rank:0,datasize:78,operation:Pre-Smoothing
cr:0.946889,iter:20,level:16,rank:0,datasize:78,operation:Residual
cr:2.66667,iter:20,level:17,rank:0,datasize:22,operation:Pre-Smoothing
cr:0.755365,iter:20,level:17,rank:0,datasize:22,operation:Residual
cr:0.359551,iter:20,level:18,rank:0,datasize:4,operation:Interpolation
cr:0.755365,iter:20,level:18,rank:0,datasize:22,operation:Post-smoothing
cr:0.55814,iter:20,level:18,rank:0,datasize:9,operation:Interpolation
cr:0.993631,iter:20,level:18,rank:0,datasize:78,operation:Post-smoothing
cr:0.802768,iter:20,level:18,rank:0,datasize:29,operation:Interpolation
cr:0.962092,iter:20,level:18,rank:0,datasize:184,operation:Post-smoothing
cr:0.861244,iter:20,level:18,rank:0,datasize:45,operation:Interpolation
cr:0.977878,iter:20,level:18,rank:0,datasize:326,operation:Post-smoothing
cr:0.912837,iter:20,level:18,rank:0,datasize:72,operation:Interpolation
SZ is downgraded to lossless mode.
cr:1.01766,iter:20,level:18,rank:0,datasize:641,operation:Post-smoothing
SZ is downgraded to lossless mode.
cr:1.01179,iter:20,level:18,rank:0,datasize:118,operation:Interpolation
SZ is downgraded to lossless mode.
SZ is downgraded to lossless mode.
cr:1.02751,iter:20,level:18,rank:0,datasize:1041,operation:Post-smoothing
cr:0.965842,iter:20,level:18,rank:0,datasize:205,operation:Interpolation
SZ is downgraded to lossless mode.
SZ is downgraded to lossless mode.
cr:1.03314,iter:20,level:18,rank:0,datasize:1672,operation:Post-smoothing
cr:0.992119,iter:20,level:18,rank:0,datasize:299,operation:Interpolation
SZ is downgraded to lossless mode.
cr:1.03696,iter:20,level:18,rank:0,datasize:2616,operation:Post-smoothing
SZ is downgraded to lossless mode.
SZ is downgraded to lossless mode.
SZ is downgraded to lossless mode.
cr:1.01211,iter:20,level:18,rank:0,datasize:470,operation:Interpolation
SZ is downgraded to lossless mode.
SZ is downgraded to lossless mode.
cr:1.03908,iter:20,level:18,rank:0,datasize:3802,operation:Post-smoothing
SZ is downgraded to lossless mode.
SZ is downgraded to lossless mode.
cr:1.02273,iter:20,level:18,rank:0,datasize:630,operation:Interpolation
SZ is downgraded to lossless mode.
cr:1.04058,iter:20,level:18,rank:0,datasize:5504,operation:Post-smoothing
SZ is downgraded to lossless mode.
SZ is downgraded to lossless mode.
SZ is downgraded to lossless mode.
cr:1.02948,iter:20,level:18,rank:0,datasize:886,operation:Interpolation
SZ is downgraded to lossless mode.
cr:1.04199,iter:20,level:18,rank:0,datasize:7320,operation:Post-smoothing
SZ is downgraded to lossless mode.
SZ is downgraded to lossless mode.
cr:1.03428,iter:20,level:18,rank:0,datasize:1271,operation:Interpolation
SZ is downgraded to lossless mode.
SZ is downgraded to lossless mode.
SZ is downgraded to lossless mode.
cr:1.04182,iter:20,level:18,rank:0,datasize:9572,operation:Post-smoothing
SZ is downgraded to lossless mode.
cr:1.03684,iter:20,level:18,rank:0,datasize:1724,operation:Interpolation
SZ is downgraded to lossless mode.
SZ is downgraded to lossless mode.
SZ is downgraded to lossless mode.
cr:1.04211,iter:20,level:18,rank:0,datasize:12175,operation:Post-smoothing
SZ is downgraded to lossless mode.
cr:1.03843,iter:20,level:18,rank:0,datasize:2300,operation:Interpolation
SZ is downgraded to lossless mode.
SZ is downgraded to lossless mode.
cr:1.04221,iter:20,level:18,rank:0,datasize:15255,operation:Post-smoothing
SZ is downgraded to lossless mode.
SZ is downgraded to lossless mode.
cr:1.04043,iter:20,level:18,rank:0,datasize:2998,operation:Interpolation
SZ is downgraded to lossless mode.
SZ is downgraded to lossless mode.
cr:1.04207,iter:20,level:18,rank:0,datasize:17402,operation:Post-smoothing
SZ is downgraded to lossless mode.
cr:1.04093,iter:20,level:18,rank:0,datasize:4098,operation:Interpolation
SZ is downgraded to lossless mode.
cr:1.90899,iter:20,level:18,rank:0,datasize:16000,operation:Post-smoothing
SZ is downgraded to lossless mode.
cr:1.04154,iter:20,level:18,rank:0,datasize:5269,operation:Interpolation
SZ is downgraded to lossless mode.
cr:2.01696,iter:20,level:18,rank:0,datasize:12638,operation:Post-smoothing
SZ is downgraded to lossless mode.
cr:1.04102,iter:20,level:18,rank:0,datasize:4815,operation:Interpolation
SZ is downgraded to lossless mode.
cr:1.06297,iter:20,level:18,rank:0,datasize:10000,operation:Post-smoothing
cr:1.06254,iter:20,level:18,rank:0,datasize:10000,operation:Residual-Norm
cr:1.06254,iter:21,level:0,rank:0,datasize:10000,operation:Pre-Smoothing
cr:1.06266,iter:21,level:0,rank:0,datasize:10000,operation:Residual
cr:771.786,iter:21,level:1,rank:0,datasize:12638,operation:Pre-Smoothing
cr:13.1032,iter:21,level:1,rank:0,datasize:12638,operation:Residual
cr:984.615,iter:21,level:2,rank:0,datasize:16000,operation:Pre-Smoothing
cr:10.9975,iter:21,level:2,rank:0,datasize:16000,operation:Residual
cr:1054.67,iter:21,level:3,rank:0,datasize:17402,operation:Pre-Smoothing
cr:7.3839,iter:21,level:3,rank:0,datasize:17402,operation:Residual
cr:931.603,iter:21,level:4,rank:0,datasize:15255,operation:Pre-Smoothing
cr:6.38518,iter:21,level:4,rank:0,datasize:15255,operation:Residual
cr:743.511,iter:21,level:5,rank:0,datasize:12175,operation:Pre-Smoothing
cr:4.53424,iter:21,level:5,rank:0,datasize:12175,operation:Residual
cr:584.55,iter:21,level:6,rank:0,datasize:9572,operation:Pre-Smoothing
cr:3.41385,iter:21,level:6,rank:0,datasize:9572,operation:Residual
cr:453.953,iter:21,level:7,rank:0,datasize:7320,operation:Pre-Smoothing
cr:2.5646,iter:21,level:7,rank:0,datasize:7320,operation:Residual
cr:346.709,iter:21,level:8,rank:0,datasize:5504,operation:Pre-Smoothing
cr:2.14309,iter:21,level:8,rank:0,datasize:5504,operation:Residual
cr:284.262,iter:21,level:9,rank:0,datasize:3802,operation:Pre-Smoothing
cr:1.74184,iter:21,level:9,rank:0,datasize:3802,operation:Residual
cr:195.589,iter:21,level:10,rank:0,datasize:2616,operation:Pre-Smoothing
cr:1.75541,iter:21,level:10,rank:0,datasize:2616,operation:Residual
SZ is downgraded to lossless mode.
cr:125.009,iter:21,level:11,rank:0,datasize:1672,operation:Pre-Smoothing
cr:1.54833,iter:21,level:11,rank:0,datasize:1672,operation:Residual
SZ is downgraded to lossless mode.
cr:77.8318,iter:21,level:12,rank:0,datasize:1041,operation:Pre-Smoothing
SZ is downgraded to lossless mode.
cr:1.02172,iter:21,level:12,rank:0,datasize:1041,operation:Residual
SZ is downgraded to lossless mode.
cr:47.9252,iter:21,level:13,rank:0,datasize:641,operation:Pre-Smoothing
SZ is downgraded to lossless mode.
cr:1.01324,iter:21,level:13,rank:0,datasize:641,operation:Residual
SZ is downgraded to lossless mode.
cr:25.3204,iter:21,level:14,rank:0,datasize:326,operation:Pre-Smoothing
cr:1.05887,iter:21,level:14,rank:0,datasize:326,operation:Residual
cr:14.019,iter:21,level:15,rank:0,datasize:184,operation:Pre-Smoothing
cr:0.99594,iter:21,level:15,rank:0,datasize:184,operation:Residual
cr:5.67273,iter:21,level:16,rank:0,datasize:78,operation:Pre-Smoothing
cr:0.941176,iter:21,level:16,rank:0,datasize:78,operation:Residual
cr:2.66667,iter:21,level:17,rank:0,datasize:22,operation:Pre-Smoothing
cr:0.755365,iter:21,level:17,rank:0,datasize:22,operation:Residual
cr:0.359551,iter:21,level:18,rank:0,datasize:4,operation:Interpolation
cr:0.755365,iter:21,level:18,rank:0,datasize:22,operation:Post-smoothing
cr:0.55814,iter:21,level:18,rank:0,datasize:9,operation:Interpolation
cr:0.981132,iter:21,level:18,rank:0,datasize:78,operation:Post-smoothing
cr:0.802768,iter:21,level:18,rank:0,datasize:29,operation:Interpolation
cr:0.962092,iter:21,level:18,rank:0,datasize:184,operation:Post-smoothing
cr:0.861244,iter:21,level:18,rank:0,datasize:45,operation:Interpolation
cr:0.977878,iter:21,level:18,rank:0,datasize:326,operation:Post-smoothing
cr:0.908517,iter:21,level:18,rank:0,datasize:72,operation:Interpolation
SZ is downgraded to lossless mode.
SZ is downgraded to lossless mode.
cr:1.01746,iter:21,level:18,rank:0,datasize:641,operation:Post-smoothing
cr:1.01944,iter:21,level:18,rank:0,datasize:118,operation:Interpolation
SZ is downgraded to lossless mode.
SZ is downgraded to lossless mode.
cr:1.02878,iter:21,level:18,rank:0,datasize:1041,operation:Post-smoothing
cr:0.965842,iter:21,level:18,rank:0,datasize:205,operation:Interpolation
SZ is downgraded to lossless mode.
SZ is downgraded to lossless mode.
cr:1.03218,iter:21,level:18,rank:0,datasize:1672,operation:Post-smoothing
cr:0.992531,iter:21,level:18,rank:0,datasize:299,operation:Interpolation
SZ is downgraded to lossless mode.
cr:1.03635,iter:21,level:18,rank:0,datasize:2616,operation:Post-smoothing
SZ is downgraded to lossless mode.
SZ is downgraded to lossless mode.
SZ is downgraded to lossless mode.
cr:1.01102,iter:21,level:18,rank:0,datasize:470,operation:Interpolation
SZ is downgraded to lossless mode.
SZ is downgraded to lossless mode.
cr:1.03844,iter:21,level:18,rank:0,datasize:3802,operation:Post-smoothing
SZ is downgraded to lossless mode.
cr:1.02169,iter:21,level:18,rank:0,datasize:630,operation:Interpolation
SZ is downgraded to lossless mode.
SZ is downgraded to lossless mode.
SZ is downgraded to lossless mode.
cr:1.03994,iter:21,level:18,rank:0,datasize:5504,operation:Post-smoothing
SZ is downgraded to lossless mode.
SZ is downgraded to lossless mode.
cr:1.02859,iter:21,level:18,rank:0,datasize:886,operation:Interpolation
SZ is downgraded to lossless mode.
cr:1.04033,iter:21,level:18,rank:0,datasize:7320,operation:Post-smoothing
SZ is downgraded to lossless mode.
SZ is downgraded to lossless mode.
cr:1.03312,iter:21,level:18,rank:0,datasize:1271,operation:Interpolation
SZ is downgraded to lossless mode.
SZ is downgraded to lossless mode.
SZ is downgraded to lossless mode.
cr:1.04097,iter:21,level:18,rank:0,datasize:9572,operation:Post-smoothing
SZ is downgraded to lossless mode.
cr:1.03582,iter:21,level:18,rank:0,datasize:1724,operation:Interpolation
SZ is downgraded to lossless mode.
SZ is downgraded to lossless mode.
SZ is downgraded to lossless mode.
cr:1.04176,iter:21,level:18,rank:0,datasize:12175,operation:Post-smoothing
SZ is downgraded to lossless mode.
cr:1.03773,iter:21,level:18,rank:0,datasize:2300,operation:Interpolation
SZ is downgraded to lossless mode.
SZ is downgraded to lossless mode.
cr:1.041,iter:21,level:18,rank:0,datasize:15255,operation:Post-smoothing
SZ is downgraded to lossless mode.
cr:1.03966,iter:21,level:18,rank:0,datasize:2998,operation:Interpolation
SZ is downgraded to lossless mode.
cr:1.82984,iter:21,level:18,rank:0,datasize:17402,operation:Post-smoothing
SZ is downgraded to lossless mode.
cr:1.0398,iter:21,level:18,rank:0,datasize:4098,operation:Interpolation
SZ is downgraded to lossless mode.
cr:2.01896,iter:21,level:18,rank:0,datasize:16000,operation:Post-smoothing
SZ is downgraded to lossless mode.
cr:1.04092,iter:21,level:18,rank:0,datasize:5269,operation:Interpolation
SZ is downgraded to lossless mode.
cr:2.0916,iter:21,level:18,rank:0,datasize:12638,operation:Post-smoothing
cr:1.81861,iter:21,level:18,rank:0,datasize:4815,operation:Interpolation
SZ is downgraded to lossless mode.
cr:1.06301,iter:21,level:18,rank:0,datasize:10000,operation:Post-smoothing
cr:1.06302,iter:21,level:18,rank:0,datasize:10000,operation:Residual-Norm
cr:1.06302,iter:22,level:0,rank:0,datasize:10000,operation:Pre-Smoothing
cr:1.06247,iter:22,level:0,rank:0,datasize:10000,operation:Residual
cr:771.786,iter:22,level:1,rank:0,datasize:12638,operation:Pre-Smoothing
cr:13.8689,iter:22,level:1,rank:0,datasize:12638,operation:Residual
cr:984.615,iter:22,level:2,rank:0,datasize:16000,operation:Pre-Smoothing
cr:11.7842,iter:22,level:2,rank:0,datasize:16000,operation:Residual
cr:1054.67,iter:22,level:3,rank:0,datasize:17402,operation:Pre-Smoothing
cr:8.51578,iter:22,level:3,rank:0,datasize:17402,operation:Residual
cr:931.603,iter:22,level:4,rank:0,datasize:15255,operation:Pre-Smoothing
cr:6.2348,iter:22,level:4,rank:0,datasize:15255,operation:Residual
cr:743.511,iter:22,level:5,rank:0,datasize:12175,operation:Pre-Smoothing
cr:5.37409,iter:22,level:5,rank:0,datasize:12175,operation:Residual
cr:584.55,iter:22,level:6,rank:0,datasize:9572,operation:Pre-Smoothing
cr:3.67624,iter:22,level:6,rank:0,datasize:9572,operation:Residual
cr:453.953,iter:22,level:7,rank:0,datasize:7320,operation:Pre-Smoothing
cr:2.82312,iter:22,level:7,rank:0,datasize:7320,operation:Residual
cr:346.709,iter:22,level:8,rank:0,datasize:5504,operation:Pre-Smoothing
cr:2.25205,iter:22,level:8,rank:0,datasize:5504,operation:Residual
cr:284.262,iter:22,level:9,rank:0,datasize:3802,operation:Pre-Smoothing
cr:1.82602,iter:22,level:9,rank:0,datasize:3802,operation:Residual
cr:195.589,iter:22,level:10,rank:0,datasize:2616,operation:Pre-Smoothing
SZ is downgraded to lossless mode.
cr:1.02896,iter:22,level:10,rank:0,datasize:2616,operation:Residual
SZ is downgraded to lossless mode.
cr:125.009,iter:22,level:11,rank:0,datasize:1672,operation:Pre-Smoothing
SZ is downgraded to lossless mode.
cr:1.02718,iter:22,level:11,rank:0,datasize:1672,operation:Residual
SZ is downgraded to lossless mode.
cr:77.8318,iter:22,level:12,rank:0,datasize:1041,operation:Pre-Smoothing
SZ is downgraded to lossless mode.
cr:1.02284,iter:22,level:12,rank:0,datasize:1041,operation:Residual
SZ is downgraded to lossless mode.
cr:47.9252,iter:22,level:13,rank:0,datasize:641,operation:Pre-Smoothing
SZ is downgraded to lossless mode.
cr:1.01484,iter:22,level:13,rank:0,datasize:641,operation:Residual
SZ is downgraded to lossless mode.
cr:25.3204,iter:22,level:14,rank:0,datasize:326,operation:Pre-Smoothing
cr:1.02758,iter:22,level:14,rank:0,datasize:326,operation:Residual
cr:14.019,iter:22,level:15,rank:0,datasize:184,operation:Pre-Smoothing
cr:0.997966,iter:22,level:15,rank:0,datasize:184,operation:Residual
cr:5.67273,iter:22,level:16,rank:0,datasize:78,operation:Pre-Smoothing
cr:0.970451,iter:22,level:16,rank:0,datasize:78,operation:Residual
cr:2.66667,iter:22,level:17,rank:0,datasize:22,operation:Pre-Smoothing
cr:0.755365,iter:22,level:17,rank:0,datasize:22,operation:Residual
cr:0.359551,iter:22,level:18,rank:0,datasize:4,operation:Interpolation
cr:0.755365,iter:22,level:18,rank:0,datasize:22,operation:Post-smoothing
cr:0.55814,iter:22,level:18,rank:0,datasize:9,operation:Interpolation
cr:0.965944,iter:22,level:18,rank:0,datasize:78,operation:Post-smoothing
cr:0.802768,iter:22,level:18,rank:0,datasize:29,operation:Interpolation
cr:0.962092,iter:22,level:18,rank:0,datasize:184,operation:Post-smoothing
cr:0.861244,iter:22,level:18,rank:0,datasize:45,operation:Interpolation
cr:0.977878,iter:22,level:18,rank:0,datasize:326,operation:Post-smoothing
cr:0.911392,iter:22,level:18,rank:0,datasize:72,operation:Interpolation
SZ is downgraded to lossless mode.
SZ is downgraded to lossless mode.
cr:1.01484,iter:22,level:18,rank:0,datasize:641,operation:Post-smoothing
cr:1.02275,iter:22,level:18,rank:0,datasize:118,operation:Interpolation
SZ is downgraded to lossless mode.
SZ is downgraded to lossless mode.
cr:1.02726,iter:22,level:18,rank:0,datasize:1041,operation:Post-smoothing
cr:0.965842,iter:22,level:18,rank:0,datasize:205,operation:Interpolation
SZ is downgraded to lossless mode.
SZ is downgraded to lossless mode.
cr:1.03186,iter:22,level:18,rank:0,datasize:1672,operation:Post-smoothing
cr:0.993355,iter:22,level:18,rank:0,datasize:299,operation:Interpolation
SZ is downgraded to lossless mode.
cr:1.03578,iter:22,level:18,rank:0,datasize:2616,operation:Post-smoothing
SZ is downgraded to lossless mode.
SZ is downgraded to lossless mode.
SZ is downgraded to lossless mode.
cr:1.01184,iter:22,level:18,rank:0,datasize:470,operation:Interpolation
SZ is downgraded to lossless mode.
SZ is downgraded to lossless mode.
cr:1.03724,iter:22,level:18,rank:0,datasize:3802,operation:Post-smoothing
SZ is downgraded to lossless mode.
SZ is downgraded to lossless mode.
cr:1.02045,iter:22,level:18,rank:0,datasize:630,operation:Interpolation
SZ is downgraded to lossless mode.
cr:1.03901,iter:22,level:18,rank:0,datasize:5504,operation:Post-smoothing
SZ is downgraded to lossless mode.
SZ is downgraded to lossless mode.
SZ is downgraded to lossless mode.
cr:1.02784,iter:22,level:18,rank:0,datasize:886,operation:Interpolation
SZ is downgraded to lossless mode.
cr:1.03992,iter:22,level:18,rank:0,datasize:7320,operation:Post-smoothing
SZ is downgraded to lossless mode.
SZ is downgraded to lossless mode.
SZ is downgraded to lossless mode.
cr:1.03302,iter:22,level:18,rank:0,datasize:1271,operation:Interpolation
SZ is downgraded to lossless mode.
SZ is downgraded to lossless mode.
cr:1.04012,iter:22,level:18,rank:0,datasize:9572,operation:Post-smoothing
SZ is downgraded to lossless mode.
cr:1.03621,iter:22,level:18,rank:0,datasize:1724,operation:Interpolation
SZ is downgraded to lossless mode.
SZ is downgraded to lossless mode.
SZ is downgraded to lossless mode.
cr:1.04082,iter:22,level:18,rank:0,datasize:12175,operation:Post-smoothing
SZ is downgraded to lossless mode.
cr:1.03761,iter:22,level:18,rank:0,datasize:2300,operation:Interpolation
SZ is downgraded to lossless mode.
SZ is downgraded to lossless mode.
cr:1.04073,iter:22,level:18,rank:0,datasize:15255,operation:Post-smoothing
SZ is downgraded to lossless mode.
SZ is downgraded to lossless mode.
cr:1.0384,iter:22,level:18,rank:0,datasize:2998,operation:Interpolation
SZ is downgraded to lossless mode.
cr:1.90503,iter:22,level:18,rank:0,datasize:17402,operation:Post-smoothing
SZ is downgraded to lossless mode.
cr:1.03924,iter:22,level:18,rank:0,datasize:4098,operation:Interpolation
SZ is downgraded to lossless mode.
cr:2.10043,iter:22,level:18,rank:0,datasize:16000,operation:Post-smoothing
SZ is downgraded to lossless mode.
cr:1.04058,iter:22,level:18,rank:0,datasize:5269,operation:Interpolation
SZ is downgraded to lossless mode.
cr:2.19039,iter:22,level:18,rank:0,datasize:12638,operation:Post-smoothing
cr:1.73506,iter:22,level:18,rank:0,datasize:4815,operation:Interpolation
cr:1.06274,iter:22,level:18,rank:0,datasize:10000,operation:Post-smoothing
cr:1.06261,iter:22,level:18,rank:0,datasize:10000,operation:Residual-Norm
cr:1.06261,iter:23,level:0,rank:0,datasize:10000,operation:Pre-Smoothing
cr:1.06281,iter:23,level:0,rank:0,datasize:10000,operation:Residual
cr:771.786,iter:23,level:1,rank:0,datasize:12638,operation:Pre-Smoothing
cr:14.9762,iter:23,level:1,rank:0,datasize:12638,operation:Residual
cr:984.615,iter:23,level:2,rank:0,datasize:16000,operation:Pre-Smoothing
cr:12.5811,iter:23,level:2,rank:0,datasize:16000,operation:Residual
cr:1054.67,iter:23,level:3,rank:0,datasize:17402,operation:Pre-Smoothing
cr:9.13971,iter:23,level:3,rank:0,datasize:17402,operation:Residual
cr:931.603,iter:23,level:4,rank:0,datasize:15255,operation:Pre-Smoothing
cr:6.58608,iter:23,level:4,rank:0,datasize:15255,operation:Residual
cr:743.511,iter:23,level:5,rank:0,datasize:12175,operation:Pre-Smoothing
cr:5.70893,iter:23,level:5,rank:0,datasize:12175,operation:Residual
cr:584.55,iter:23,level:6,rank:0,datasize:9572,operation:Pre-Smoothing
cr:3.84109,iter:23,level:6,rank:0,datasize:9572,operation:Residual
cr:453.953,iter:23,level:7,rank:0,datasize:7320,operation:Pre-Smoothing
cr:3.00616,iter:23,level:7,rank:0,datasize:7320,operation:Residual
cr:346.709,iter:23,level:8,rank:0,datasize:5504,operation:Pre-Smoothing
cr:2.4212,iter:23,level:8,rank:0,datasize:5504,operation:Residual
cr:284.262,iter:23,level:9,rank:0,datasize:3802,operation:Pre-Smoothing
cr:1.93081,iter:23,level:9,rank:0,datasize:3802,operation:Residual
cr:195.589,iter:23,level:10,rank:0,datasize:2616,operation:Pre-Smoothing
cr:1.71541,iter:23,level:10,rank:0,datasize:2616,operation:Residual
cr:125.009,iter:23,level:11,rank:0,datasize:1672,operation:Pre-Smoothing
cr:1.67075,iter:23,level:11,rank:0,datasize:1672,operation:Residual
SZ is downgraded to lossless mode.
cr:77.8318,iter:23,level:12,rank:0,datasize:1041,operation:Pre-Smoothing
SZ is downgraded to lossless mode.
cr:1.0231,iter:23,level:12,rank:0,datasize:1041,operation:Residual
SZ is downgraded to lossless mode.
cr:47.9252,iter:23,level:13,rank:0,datasize:641,operation:Pre-Smoothing
SZ is downgraded to lossless mode.
cr:1.01444,iter:23,level:13,rank:0,datasize:641,operation:Residual
cr:25.3204,iter:23,level:14,rank:0,datasize:326,operation:Pre-Smoothing
cr:1.03739,iter:23,level:14,rank:0,datasize:326,operation:Residual
cr:14.019,iter:23,level:15,rank:0,datasize:184,operation:Pre-Smoothing
cr:1.04249,iter:23,level:15,rank:0,datasize:184,operation:Residual
cr:5.67273,iter:23,level:16,rank:0,datasize:78,operation:Pre-Smoothing
cr:0.964451,iter:23,level:16,rank:0,datasize:78,operation:Residual
cr:2.66667,iter:23,level:17,rank:0,datasize:22,operation:Pre-Smoothing
cr:0.755365,iter:23,level:17,rank:0,datasize:22,operation:Residual
cr:0.359551,iter:23,level:18,rank:0,datasize:4,operation:Interpolation
cr:0.755365,iter:23,level:18,rank:0,datasize:22,operation:Post-smoothing
cr:0.55814,iter:23,level:18,rank:0,datasize:9,operation:Interpolation
cr:1,iter:23,level:18,rank:0,datasize:78,operation:Post-smoothing
cr:0.802768,iter:23,level:18,rank:0,datasize:29,operation:Interpolation
cr:0.962721,iter:23,level:18,rank:0,datasize:184,operation:Post-smoothing
cr:0.861244,iter:23,level:18,rank:0,datasize:45,operation:Interpolation
cr:0.977878,iter:23,level:18,rank:0,datasize:326,operation:Post-smoothing
cr:0.908517,iter:23,level:18,rank:0,datasize:72,operation:Interpolation
SZ is downgraded to lossless mode.
cr:1.01404,iter:23,level:18,rank:0,datasize:641,operation:Post-smoothing
SZ is downgraded to lossless mode.
cr:1.02832,iter:23,level:18,rank:0,datasize:118,operation:Interpolation
SZ is downgraded to lossless mode.
SZ is downgraded to lossless mode.
cr:1.02385,iter:23,level:18,rank:0,datasize:1041,operation:Post-smoothing
cr:0.965842,iter:23,level:18,rank:0,datasize:205,operation:Interpolation
SZ is downgraded to lossless mode.
SZ is downgraded to lossless mode.
cr:1.03122,iter:23,level:18,rank:0,datasize:1672,operation:Post-smoothing
cr:0.993355,iter:23,level:18,rank:0,datasize:299,operation:Interpolation
SZ is downgraded to lossless mode.
cr:1.03486,iter:23,level:18,rank:0,datasize:2616,operation:Post-smoothing
SZ is downgraded to lossless mode.
SZ is downgraded to lossless mode.
SZ is downgraded to lossless mode.
cr:1.0113,iter:23,level:18,rank:0,datasize:470,operation:Interpolation
SZ is downgraded to lossless mode.
SZ is downgraded to lossless mode.
cr:1.03731,iter:23,level:18,rank:0,datasize:3802,operation:Post-smoothing
SZ is downgraded to lossless mode.
cr:1.01859,iter:23,level:18,rank:0,datasize:630,operation:Interpolation
SZ is downgraded to lossless mode.
SZ is downgraded to lossless mode.
cr:1.03842,iter:23,level:18,rank:0,datasize:5504,operation:Post-smoothing
SZ is downgraded to lossless mode.
SZ is downgraded to lossless mode.
cr:1.02829,iter:23,level:18,rank:0,datasize:886,operation:Interpolation
SZ is downgraded to lossless mode.
SZ is downgraded to lossless mode.
cr:1.03885,iter:23,level:18,rank:0,datasize:7320,operation:Post-smoothing
SZ is downgraded to lossless mode.
SZ is downgraded to lossless mode.
cr:1.03113,iter:23,level:18,rank:0,datasize:1271,operation:Interpolation
SZ is downgraded to lossless mode.
SZ is downgraded to lossless mode.
SZ is downgraded to lossless mode.
cr:1.03978,iter:23,level:18,rank:0,datasize:9572,operation:Post-smoothing
SZ is downgraded to lossless mode.
cr:1.03474,iter:23,level:18,rank:0,datasize:1724,operation:Interpolation
SZ is downgraded to lossless mode.
SZ is downgraded to lossless mode.
SZ is downgraded to lossless mode.
cr:1.03983,iter:23,level:18,rank:0,datasize:12175,operation:Post-smoothing
SZ is downgraded to lossless mode.
cr:1.03761,iter:23,level:18,rank:0,datasize:2300,operation:Interpolation
SZ is downgraded to lossless mode.
cr:1.7946,iter:23,level:18,rank:0,datasize:15255,operation:Post-smoothing
SZ is downgraded to lossless mode.
cr:1.03822,iter:23,level:18,rank:0,datasize:2998,operation:Interpolation
SZ is downgraded to lossless mode.
cr:2.03443,iter:23,level:18,rank:0,datasize:17402,operation:Post-smoothing
SZ is downgraded to lossless mode.
cr:1.03865,iter:23,level:18,rank:0,datasize:4098,operation:Interpolation
SZ is downgraded to lossless mode.
cr:2.208,iter:23,level:18,rank:0,datasize:16000,operation:Post-smoothing
SZ is downgraded to lossless mode.
cr:1.04007,iter:23,level:18,rank:0,datasize:5269,operation:Interpolation
SZ is downgraded to lossless mode.
cr:2.30752,iter:23,level:18,rank:0,datasize:12638,operation:Post-smoothing
cr:1.98169,iter:23,level:18,rank:0,datasize:4815,operation:Interpolation
cr:1.06277,iter:23,level:18,rank:0,datasize:10000,operation:Post-smoothing
cr:1.06307,iter:23,level:18,rank:0,datasize:10000,operation:Residual-Norm
cr:1.06307,iter:24,level:0,rank:0,datasize:10000,operation:Pre-Smoothing
cr:1.0624,iter:24,level:0,rank:0,datasize:10000,operation:Residual
cr:771.786,iter:24,level:1,rank:0,datasize:12638,operation:Pre-Smoothing
cr:16.1689,iter:24,level:1,rank:0,datasize:12638,operation:Residual
cr:984.615,iter:24,level:2,rank:0,datasize:16000,operation:Pre-Smoothing
cr:13.2642,iter:24,level:2,rank:0,datasize:16000,operation:Residual
cr:1054.67,iter:24,level:3,rank:0,datasize:17402,operation:Pre-Smoothing
cr:9.5249,iter:24,level:3,rank:0,datasize:17402,operation:Residual
cr:931.603,iter:24,level:4,rank:0,datasize:15255,operation:Pre-Smoothing
cr:7.65381,iter:24,level:4,rank:0,datasize:15255,operation:Residual
cr:743.511,iter:24,level:5,rank:0,datasize:12175,operation:Pre-Smoothing
cr:5.92962,iter:24,level:5,rank:0,datasize:12175,operation:Residual
cr:584.55,iter:24,level:6,rank:0,datasize:9572,operation:Pre-Smoothing
cr:4.70542,iter:24,level:6,rank:0,datasize:9572,operation:Residual
cr:453.953,iter:24,level:7,rank:0,datasize:7320,operation:Pre-Smoothing
cr:3.66,iter:24,level:7,rank:0,datasize:7320,operation:Residual
cr:346.709,iter:24,level:8,rank:0,datasize:5504,operation:Pre-Smoothing
cr:2.50011,iter:24,level:8,rank:0,datasize:5504,operation:Residual
cr:284.262,iter:24,level:9,rank:0,datasize:3802,operation:Pre-Smoothing
cr:2.04121,iter:24,level:9,rank:0,datasize:3802,operation:Residual
cr:195.589,iter:24,level:10,rank:0,datasize:2616,operation:Pre-Smoothing
cr:1.80041,iter:24,level:10,rank:0,datasize:2616,operation:Residual
cr:125.009,iter:24,level:11,rank:0,datasize:1672,operation:Pre-Smoothing
cr:1.59504,iter:24,level:11,rank:0,datasize:1672,operation:Residual
SZ is downgraded to lossless mode.
cr:77.8318,iter:24,level:12,rank:0,datasize:1041,operation:Pre-Smoothing
SZ is downgraded to lossless mode.
cr:1.02197,iter:24,level:12,rank:0,datasize:1041,operation:Residual
SZ is downgraded to lossless mode.
cr:47.9252,iter:24,level:13,rank:0,datasize:641,operation:Pre-Smoothing
SZ is downgraded to lossless mode.
cr:1.25287,iter:24,level:13,rank:0,datasize:641,operation:Residual
cr:25.3204,iter:24,level:14,rank:0,datasize:326,operation:Pre-Smoothing
cr:1.06623,iter:24,level:14,rank:0,datasize:326,operation:Residual
cr:14.019,iter:24,level:15,rank:0,datasize:184,operation:Pre-Smoothing
cr:1.03589,iter:24,level:15,rank:0,datasize:184,operation:Residual
cr:5.67273,iter:24,level:16,rank:0,datasize:78,operation:Pre-Smoothing
cr:0.95559,iter:24,level:16,rank:0,datasize:78,operation:Residual
cr:2.66667,iter:24,level:17,rank:0,datasize:22,operation:Pre-Smoothing
cr:0.755365,iter:24,level:17,rank:0,datasize:22,operation:Residual
cr:0.359551,iter:24,level:18,rank:0,datasize:4,operation:Interpolation
cr:0.755365,iter:24,level:18,rank:0,datasize:22,operation:Post-smoothing
cr:0.55814,iter:24,level:18,rank:0,datasize:9,operation:Interpolation
cr:0.971963,iter:24,level:18,rank:0,datasize:78,operation:Post-smoothing
cr:0.802768,iter:24,level:18,rank:0,datasize:29,operation:Interpolation
cr:0.965246,iter:24,level:18,rank:0,datasize:184,operation:Post-smoothing
cr:0.861244,iter:24,level:18,rank:0,datasize:45,operation:Interpolation
cr:0.999617,iter:24,level:18,rank:0,datasize:326,operation:Post-smoothing
cr:0.908517,iter:24,level:18,rank:0,datasize:72,operation:Interpolation
SZ is downgraded to lossless mode.
cr:1.01404,iter:24,level:18,rank:0,datasize:641,operation:Post-smoothing
SZ is downgraded to lossless mode.
cr:1.03622,iter:24,level:18,rank:0,datasize:118,operation:Interpolation
SZ is downgraded to lossless mode.
SZ is downgraded to lossless mode.
cr:1.02372,iter:24,level:18,rank:0,datasize:1041,operation:Post-smoothing
cr:0.965842,iter:24,level:18,rank:0,datasize:205,operation:Interpolation
SZ is downgraded to lossless mode.
SZ is downgraded to lossless mode.
cr:1.03099,iter:24,level:18,rank:0,datasize:1672,operation:Post-smoothing
cr:0.975928,iter:24,level:18,rank:0,datasize:299,operation:Interpolation
SZ is downgraded to lossless mode.
cr:1.0345,iter:24,level:18,rank:0,datasize:2616,operation:Post-smoothing
SZ is downgraded to lossless mode.
SZ is downgraded to lossless mode.
SZ is downgraded to lossless mode.
cr:1.00994,iter:24,level:18,rank:0,datasize:470,operation:Interpolation
SZ is downgraded to lossless mode.
SZ is downgraded to lossless mode.
cr:1.03618,iter:24,level:18,rank:0,datasize:3802,operation:Post-smoothing
SZ is downgraded to lossless mode.
SZ is downgraded to lossless mode.
cr:1.01983,iter:24,level:18,rank:0,datasize:630,operation:Interpolation
SZ is downgraded to lossless mode.
SZ is downgraded to lossless mode.
cr:1.03776,iter:24,level:18,rank:0,datasize:5504,operation:Post-smoothing
SZ is downgraded to lossless mode.
cr:1.0265,iter:24,level:18,rank:0,datasize:886,operation:Interpolation
SZ is downgraded to lossless mode.
SZ is downgraded to lossless mode.
cr:1.03797,iter:24,level:18,rank:0,datasize:7320,operation:Post-smoothing
SZ is downgraded to lossless mode.
SZ is downgraded to lossless mode.
cr:1.03134,iter:24,level:18,rank:0,datasize:1271,operation:Interpolation
SZ is downgraded to lossless mode.
SZ is downgraded to lossless mode.
SZ is downgraded to lossless mode.
cr:1.03814,iter:24,level:18,rank:0,datasize:9572,operation:Post-smoothing
SZ is downgraded to lossless mode.
cr:1.03365,iter:24,level:18,rank:0,datasize:1724,operation:Interpolation
SZ is downgraded to lossless mode.
SZ is downgraded to lossless mode.
SZ is downgraded to lossless mode.
cr:1.03839,iter:24,level:18,rank:0,datasize:12175,operation:Post-smoothing
SZ is downgraded to lossless mode.
cr:1.03539,iter:24,level:18,rank:0,datasize:2300,operation:Interpolation
SZ is downgraded to lossless mode.
cr:1.87365,iter:24,level:18,rank:0,datasize:15255,operation:Post-smoothing
SZ is downgraded to lossless mode.
cr:1.03688,iter:24,level:18,rank:0,datasize:2998,operation:Interpolation
SZ is downgraded to lossless mode.
cr:2.08948,iter:24,level:18,rank:0,datasize:17402,operation:Post-smoothing
SZ is downgraded to lossless mode.
cr:1.0375,iter:24,level:18,rank:0,datasize:4098,operation:Interpolation
SZ is downgraded to lossless mode.
cr:2.32558,iter:24,level:18,rank:0,datasize:16000,operation:Post-smoothing
SZ is downgraded to lossless mode.
cr:1.03792,iter:24,level:18,rank:0,datasize:5269,operation:Interpolation
SZ is downgraded to lossless mode.
cr:2.41558,iter:24,level:18,rank:0,datasize:12638,operation:Post-smoothing
cr:2.0713,iter:24,level:18,rank:0,datasize:4815,operation:Interpolation
cr:1.06259,iter:24,level:18,rank:0,datasize:10000,operation:Post-smoothing
cr:1.06295,iter:24,level:18,rank:0,datasize:10000,operation:Residual-Norm
cr:1.06295,iter:25,level:0,rank:0,datasize:10000,operation:Pre-Smoothing
cr:1.06281,iter:25,level:0,rank:0,datasize:10000,operation:Residual
cr:771.786,iter:25,level:1,rank:0,datasize:12638,operation:Pre-Smoothing
cr:17.3361,iter:25,level:1,rank:0,datasize:12638,operation:Residual
cr:984.615,iter:25,level:2,rank:0,datasize:16000,operation:Pre-Smoothing
cr:14.2953,iter:25,level:2,rank:0,datasize:16000,operation:Residual
cr:1054.67,iter:25,level:3,rank:0,datasize:17402,operation:Pre-Smoothing
cr:10.1937,iter:25,level:3,rank:0,datasize:17402,operation:Residual
cr:931.603,iter:25,level:4,rank:0,datasize:15255,operation:Pre-Smoothing
cr:7.84874,iter:25,level:4,rank:0,datasize:15255,operation:Residual
cr:743.511,iter:25,level:5,rank:0,datasize:12175,operation:Pre-Smoothing
cr:6.37852,iter:25,level:5,rank:0,datasize:12175,operation:Residual
cr:584.55,iter:25,level:6,rank:0,datasize:9572,operation:Pre-Smoothing
cr:4.45909,iter:25,level:6,rank:0,datasize:9572,operation:Residual
cr:453.953,iter:25,level:7,rank:0,datasize:7320,operation:Pre-Smoothing
cr:3.38517,iter:25,level:7,rank:0,datasize:7320,operation:Residual
cr:346.709,iter:25,level:8,rank:0,datasize:5504,operation:Pre-Smoothing
cr:2.62455,iter:25,level:8,rank:0,datasize:5504,operation:Residual
cr:284.262,iter:25,level:9,rank:0,datasize:3802,operation:Pre-Smoothing
cr:2.1988,iter:25,level:9,rank:0,datasize:3802,operation:Residual
cr:195.589,iter:25,level:10,rank:0,datasize:2616,operation:Pre-Smoothing
cr:1.8395,iter:25,level:10,rank:0,datasize:2616,operation:Residual
cr:125.009,iter:25,level:11,rank:0,datasize:1672,operation:Pre-Smoothing
cr:1.6479,iter:25,level:11,rank:0,datasize:1672,operation:Residual
cr:77.8318,iter:25,level:12,rank:0,datasize:1041,operation:Pre-Smoothing
SZ is downgraded to lossless mode.
cr:1.0241,iter:25,level:12,rank:0,datasize:1041,operation:Residual
cr:47.9252,iter:25,level:13,rank:0,datasize:641,operation:Pre-Smoothing
cr:1.25287,iter:25,level:13,rank:0,datasize:641,operation:Residual
cr:25.3204,iter:25,level:14,rank:0,datasize:326,operation:Pre-Smoothing
cr:1.07149,iter:25,level:14,rank:0,datasize:326,operation:Residual
cr:14.019,iter:25,level:15,rank:0,datasize:184,operation:Pre-Smoothing
cr:1.10428,iter:25,level:15,rank:0,datasize:184,operation:Residual
cr:5.67273,iter:25,level:16,rank:0,datasize:78,operation:Pre-Smoothing
cr:0.981132,iter:25,level:16,rank:0,datasize:78,operation:Residual
cr:2.66667,iter:25,level:17,rank:0,datasize:22,operation:Pre-Smoothing
cr:0.755365,iter:25,level:17,rank:0,datasize:22,operation:Residual
cr:0.359551,iter:25,level:18,rank:0,datasize:4,operation:Interpolation
cr:0.755365,iter:25,level:18,rank:0,datasize:22,operation:Post-smoothing
cr:0.55814,iter:25,level:18,rank:0,datasize:9,operation:Interpolation
cr:0.970451,iter:25,level:18,rank:0,datasize:78,operation:Post-smoothing
cr:0.802768,iter:25,level:18,rank:0,datasize:29,operation:Interpolation
cr:1.00615,iter:25,level:18,rank:0,datasize:184,operation:Post-smoothing
cr:0.861244,iter:25,level:18,rank:0,datasize:45,operation:Interpolation
cr:0.991258,iter:25,level:18,rank:0,datasize:326,operation:Post-smoothing
cr:0.909953,iter:25,level:18,rank:0,datasize:72,operation:Interpolation
SZ is downgraded to lossless mode.
cr:1.01364,iter:25,level:18,rank:0,datasize:641,operation:Post-smoothing
SZ is downgraded to lossless mode.
cr:1.02944,iter:25,level:18,rank:0,datasize:118,operation:Interpolation
SZ is downgraded to lossless mode.
SZ is downgraded to lossless mode.
cr:1.0231,iter:25,level:18,rank:0,datasize:1041,operation:Post-smoothing
cr:0.965842,iter:25,level:18,rank:0,datasize:205,operation:Interpolation
SZ is downgraded to lossless mode.
cr:1.03154,iter:25,level:18,rank:0,datasize:1672,operation:Post-smoothing
SZ is downgraded to lossless mode.
cr:0.993355,iter:25,level:18,rank:0,datasize:299,operation:Interpolation
SZ is downgraded to lossless mode.
SZ is downgraded to lossless mode.
cr:1.03312,iter:25,level:18,rank:0,datasize:2616,operation:Post-smoothing
SZ is downgraded to lossless mode.
SZ is downgraded to lossless mode.
cr:1.00913,iter:25,level:18,rank:0,datasize:470,operation:Interpolation
SZ is downgraded to lossless mode.
cr:1.03607,iter:25,level:18,rank:0,datasize:3802,operation:Post-smoothing
SZ is downgraded to lossless mode.
SZ is downgraded to lossless mode.
SZ is downgraded to lossless mode.
cr:1.01983,iter:25,level:18,rank:0,datasize:630,operation:Interpolation
SZ is downgraded to lossless mode.
cr:1.03675,iter:25,level:18,rank:0,datasize:5504,operation:Post-smoothing
SZ is downgraded to lossless mode.
SZ is downgraded to lossless mode.
cr:1.02502,iter:25,level:18,rank:0,datasize:886,operation:Interpolation
SZ is downgraded to lossless mode.
SZ is downgraded to lossless mode.
cr:1.03727,iter:25,level:18,rank:0,datasize:7320,operation:Post-smoothing
SZ is downgraded to lossless mode.
SZ is downgraded to lossless mode.
cr:1.02978,iter:25,level:18,rank:0,datasize:1271,operation:Interpolation
SZ is downgraded to lossless mode.
SZ is downgraded to lossless mode.
SZ is downgraded to lossless mode.
cr:1.03731,iter:25,level:18,rank:0,datasize:9572,operation:Post-smoothing
SZ is downgraded to lossless mode.
cr:1.03319,iter:25,level:18,rank:0,datasize:1724,operation:Interpolation
SZ is downgraded to lossless mode.
SZ is downgraded to lossless mode.
cr:1.03783,iter:25,level:18,rank:0,datasize:12175,operation:Post-smoothing
SZ is downgraded to lossless mode.
cr:1.03458,iter:25,level:18,rank:0,datasize:2300,operation:Interpolation
SZ is downgraded to lossless mode.
cr:2.24083,iter:25,level:18,rank:0,datasize:15255,operation:Post-smoothing
SZ is downgraded to lossless mode.
cr:1.03679,iter:25,level:18,rank:0,datasize:2998,operation:Interpolation
SZ is downgraded to lossless mode.
cr:2.22195,iter:25,level:18,rank:0,datasize:17402,operation:Post-smoothing
SZ is downgraded to lossless mode.
cr:1.03724,iter:25,level:18,rank:0,datasize:4098,operation:Interpolation
SZ is downgraded to lossless mode.
cr:2.43995,iter:25,level:18,rank:0,datasize:16000,operation:Post-smoothing
cr:2.15512,iter:25,level:18,rank:0,datasize:5269,operation:Interpolation
SZ is downgraded to lossless mode.
cr:2.51878,iter:25,level:18,rank:0,datasize:12638,operation:Post-smoothing
cr:2.1965,iter:25,level:18,rank:0,datasize:4815,operation:Interpolation
cr:1.06274,iter:25,level:18,rank:0,datasize:10000,operation:Post-smoothing
cr:1.06287,iter:25,level:18,rank:0,datasize:10000,operation:Residual-Norm
cr:1.06287,iter:26,level:0,rank:0,datasize:10000,operation:Pre-Smoothing
cr:1.06291,iter:26,level:0,rank:0,datasize:10000,operation:Residual
cr:771.786,iter:26,level:1,rank:0,datasize:12638,operation:Pre-Smoothing
cr:16.294,iter:26,level:1,rank:0,datasize:12638,operation:Residual
cr:984.615,iter:26,level:2,rank:0,datasize:16000,operation:Pre-Smoothing
cr:15.2363,iter:26,level:2,rank:0,datasize:16000,operation:Residual
cr:1054.67,iter:26,level:3,rank:0,datasize:17402,operation:Pre-Smoothing
cr:10.8263,iter:26,level:3,rank:0,datasize:17402,operation:Residual
cr:931.603,iter:26,level:4,rank:0,datasize:15255,operation:Pre-Smoothing
cr:8.36005,iter:26,level:4,rank:0,datasize:15255,operation:Residual
cr:743.511,iter:26,level:5,rank:0,datasize:12175,operation:Pre-Smoothing
cr:6.69922,iter:26,level:5,rank:0,datasize:12175,operation:Residual
cr:584.55,iter:26,level:6,rank:0,datasize:9572,operation:Pre-Smoothing
cr:5.28548,iter:26,level:6,rank:0,datasize:9572,operation:Residual
cr:453.953,iter:26,level:7,rank:0,datasize:7320,operation:Pre-Smoothing
cr:3.54866,iter:26,level:7,rank:0,datasize:7320,operation:Residual
cr:346.709,iter:26,level:8,rank:0,datasize:5504,operation:Pre-Smoothing
cr:2.88168,iter:26,level:8,rank:0,datasize:5504,operation:Residual
cr:284.262,iter:26,level:9,rank:0,datasize:3802,operation:Pre-Smoothing
cr:2.29693,iter:26,level:9,rank:0,datasize:3802,operation:Residual
cr:195.589,iter:26,level:10,rank:0,datasize:2616,operation:Pre-Smoothing
cr:2.1921,iter:26,level:10,rank:0,datasize:2616,operation:Residual
cr:125.009,iter:26,level:11,rank:0,datasize:1672,operation:Pre-Smoothing
cr:1.72683,iter:26,level:11,rank:0,datasize:1672,operation:Residual
cr:77.8318,iter:26,level:12,rank:0,datasize:1041,operation:Pre-Smoothing
SZ is downgraded to lossless mode.
cr:1.02385,iter:26,level:12,rank:0,datasize:1041,operation:Residual
cr:47.9252,iter:26,level:13,rank:0,datasize:641,operation:Pre-Smoothing
cr:1.26057,iter:26,level:13,rank:0,datasize:641,operation:Residual
cr:25.3204,iter:26,level:14,rank:0,datasize:326,operation:Pre-Smoothing
cr:1.12317,iter:26,level:14,rank:0,datasize:326,operation:Residual
cr:14.019,iter:26,level:15,rank:0,datasize:184,operation:Pre-Smoothing
cr:1.11011,iter:26,level:15,rank:0,datasize:184,operation:Residual
cr:5.67273,iter:26,level:16,rank:0,datasize:78,operation:Pre-Smoothing
cr:1.04174,iter:26,level:16,rank:0,datasize:78,operation:Residual
cr:2.66667,iter:26,level:17,rank:0,datasize:22,operation:Pre-Smoothing
cr:0.755365,iter:26,level:17,rank:0,datasize:22,operation:Residual
cr:0.359551,iter:26,level:18,rank:0,datasize:4,operation:Interpolation
cr:0.755365,iter:26,level:18,rank:0,datasize:22,operation:Post-smoothing
cr:0.55814,iter:26,level:18,rank:0,datasize:9,operation:Interpolation
cr:1.00645,iter:26,level:18,rank:0,datasize:78,operation:Post-smoothing
cr:0.802768,iter:26,level:18,rank:0,datasize:29,operation:Interpolation
cr:1.07997,iter:26,level:18,rank:0,datasize:184,operation:Post-smoothing
cr:0.861244,iter:26,level:18,rank:0,datasize:45,operation:Interpolation
cr:1.0378,iter:26,level:18,rank:0,datasize:326,operation:Post-smoothing
cr:0.935065,iter:26,level:18,rank:0,datasize:72,operation:Interpolation
SZ is downgraded to lossless mode.
cr:1.01384,iter:26,level:18,rank:0,datasize:641,operation:Post-smoothing
SZ is downgraded to lossless mode.
cr:1.03057,iter:26,level:18,rank:0,datasize:118,operation:Interpolation
SZ is downgraded to lossless mode.
SZ is downgraded to lossless mode.
cr:1.02284,iter:26,level:18,rank:0,datasize:1041,operation:Post-smoothing
cr:0.965842,iter:26,level:18,rank:0,datasize:205,operation:Interpolation
SZ is downgraded to lossless mode.
SZ is downgraded to lossless mode.
cr:1.02956,iter:26,level:18,rank:0,datasize:1672,operation:Post-smoothing
cr:0.992943,iter:26,level:18,rank:0,datasize:299,operation:Interpolation
SZ is downgraded to lossless mode.
SZ is downgraded to lossless mode.
cr:1.03374,iter:26,level:18,rank:0,datasize:2616,operation:Post-smoothing
SZ is downgraded to lossless mode.
SZ is downgraded to lossless mode.
cr:1.00723,iter:26,level:18,rank:0,datasize:470,operation:Interpolation
SZ is downgraded to lossless mode.
SZ is downgraded to lossless mode.
cr:1.03537,iter:26,level:18,rank:0,datasize:3802,operation:Post-smoothing
SZ is downgraded to lossless mode.
SZ is downgraded to lossless mode.
cr:1.01757,iter:26,level:18,rank:0,datasize:630,operation:Interpolation
SZ is downgraded to lossless mode.
cr:1.03607,iter:26,level:18,rank:0,datasize:5504,operation:Post-smoothing
SZ is downgraded to lossless mode.
SZ is downgraded to lossless mode.
cr:1.02472,iter:26,level:18,rank:0,datasize:886,operation:Interpolation
SZ is downgraded to lossless mode.
SZ is downgraded to lossless mode.
cr:1.03712,iter:26,level:18,rank:0,datasize:7320,operation:Post-smoothing
SZ is downgraded to lossless mode.
SZ is downgraded to lossless mode.
cr:1.03082,iter:26,level:18,rank:0,datasize:1271,operation:Interpolation
SZ is downgraded to lossless mode.
SZ is downgraded to lossless mode.
SZ is downgraded to lossless mode.
cr:1.03747,iter:26,level:18,rank:0,datasize:9572,operation:Post-smoothing
SZ is downgraded to lossless mode.
cr:1.03334,iter:26,level:18,rank:0,datasize:1724,operation:Interpolation
SZ is downgraded to lossless mode.
SZ is downgraded to lossless mode.
cr:1.84449,iter:26,level:18,rank:0,datasize:12175,operation:Post-smoothing
SZ is downgraded to lossless mode.
cr:1.03475,iter:26,level:18,rank:0,datasize:2300,operation:Interpolation
SZ is downgraded to lossless mode.
cr:2.07848,iter:26,level:18,rank:0,datasize:15255,operation:Post-smoothing
SZ is downgraded to lossless mode.
cr:1.03594,iter:26,level:18,rank:0,datasize:2998,operation:Interpolation
SZ is downgraded to lossless mode.
cr:2.2914,iter:26,level:18,rank:0,datasize:17402,operation:Post-smoothing
SZ is downgraded to lossless mode.
cr:1.03586,iter:26,level:18,rank:0,datasize:4098,operation:Interpolation
SZ is downgraded to lossless mode.
cr:2.54165,iter:26,level:18,rank:0,datasize:16000,operation:Post-smoothing
cr:1.84062,iter:26,level:18,rank:0,datasize:5269,operation:Interpolation
cr:2.65616,iter:26,level:18,rank:0,datasize:12638,operation:Post-smoothing
cr:2.29286,iter:26,level:18,rank:0,datasize:4815,operation:Interpolation
cr:1.06278,iter:26,level:18,rank:0,datasize:10000,operation:Post-smoothing
cr:1.06242,iter:26,level:18,rank:0,datasize:10000,operation:Residual-Norm
cr:1.06242,iter:27,level:0,rank:0,datasize:10000,operation:Pre-Smoothing
cr:1.06274,iter:27,level:0,rank:0,datasize:10000,operation:Residual
cr:771.786,iter:27,level:1,rank:0,datasize:12638,operation:Pre-Smoothing
cr:17.4137,iter:27,level:1,rank:0,datasize:12638,operation:Residual
cr:984.615,iter:27,level:2,rank:0,datasize:16000,operation:Pre-Smoothing
cr:16.0804,iter:27,level:2,rank:0,datasize:16000,operation:Residual
cr:1054.67,iter:27,level:3,rank:0,datasize:17402,operation:Pre-Smoothing
cr:11.4102,iter:27,level:3,rank:0,datasize:17402,operation:Residual
cr:931.603,iter:27,level:4,rank:0,datasize:15255,operation:Pre-Smoothing
cr:8.08587,iter:27,level:4,rank:0,datasize:15255,operation:Residual
cr:743.511,iter:27,level:5,rank:0,datasize:12175,operation:Pre-Smoothing
cr:6.40074,iter:27,level:5,rank:0,datasize:12175,operation:Residual
cr:584.55,iter:27,level:6,rank:0,datasize:9572,operation:Pre-Smoothing
cr:5.55502,iter:27,level:6,rank:0,datasize:9572,operation:Residual
cr:453.953,iter:27,level:7,rank:0,datasize:7320,operation:Pre-Smoothing
cr:3.81225,iter:27,level:7,rank:0,datasize:7320,operation:Residual
cr:346.709,iter:27,level:8,rank:0,datasize:5504,operation:Pre-Smoothing
cr:3.47914,iter:27,level:8,rank:0,datasize:5504,operation:Residual
cr:284.262,iter:27,level:9,rank:0,datasize:3802,operation:Pre-Smoothing
cr:2.84687,iter:27,level:9,rank:0,datasize:3802,operation:Residual
cr:195.589,iter:27,level:10,rank:0,datasize:2616,operation:Pre-Smoothing
cr:2.0972,iter:27,level:10,rank:0,datasize:2616,operation:Residual
cr:125.009,iter:27,level:11,rank:0,datasize:1672,operation:Pre-Smoothing
cr:1.78323,iter:27,level:11,rank:0,datasize:1672,operation:Residual
cr:77.8318,iter:27,level:12,rank:0,datasize:1041,operation:Pre-Smoothing
cr:1.55809,iter:27,level:12,rank:0,datasize:1041,operation:Residual
cr:47.9252,iter:27,level:13,rank:0,datasize:641,operation:Pre-Smoothing
cr:1.34382,iter:27,level:13,rank:0,datasize:641,operation:Residual
cr:25.3204,iter:27,level:14,rank:0,datasize:326,operation:Pre-Smoothing
cr:1.1586,iter:27,level:14,rank:0,datasize:326,operation:Residual
cr:14.019,iter:27,level:15,rank:0,datasize:184,operation:Pre-Smoothing
cr:1.06358,iter:27,level:15,rank:0,datasize:184,operation:Residual
cr:5.67273,iter:27,level:16,rank:0,datasize:78,operation:Pre-Smoothing
cr:1.01299,iter:27,level:16,rank:0,datasize:78,operation:Residual
cr:2.66667,iter:27,level:17,rank:0,datasize:22,operation:Pre-Smoothing
cr:0.755365,iter:27,level:17,rank:0,datasize:22,operation:Residual
cr:0.359551,iter:27,level:18,rank:0,datasize:4,operation:Interpolation
cr:0.755365,iter:27,level:18,rank:0,datasize:22,operation:Post-smoothing
cr:0.55814,iter:27,level:18,rank:0,datasize:9,operation:Interpolation
cr:1.00971,iter:27,level:18,rank:0,datasize:78,operation:Post-smoothing
cr:0.802768,iter:27,level:18,rank:0,datasize:29,operation:Interpolation
cr:1.03443,iter:27,level:18,rank:0,datasize:184,operation:Post-smoothing
cr:0.861244,iter:27,level:18,rank:0,datasize:45,operation:Interpolation
cr:0.981189,iter:27,level:18,rank:0,datasize:326,operation:Post-smoothing
cr:0.91866,iter:27,level:18,rank:0,datasize:72,operation:Interpolation
SZ is downgraded to lossless mode.
cr:1.01384,iter:27,level:18,rank:0,datasize:641,operation:Post-smoothing
SZ is downgraded to lossless mode.
cr:1.03057,iter:27,level:18,rank:0,datasize:118,operation:Interpolation
SZ is downgraded to lossless mode.
SZ is downgraded to lossless mode.
cr:1.02197,iter:27,level:18,rank:0,datasize:1041,operation:Post-smoothing
cr:0.965842,iter:27,level:18,rank:0,datasize:205,operation:Interpolation
SZ is downgraded to lossless mode.
SZ is downgraded to lossless mode.
cr:1.02861,iter:27,level:18,rank:0,datasize:1672,operation:Post-smoothing
cr:0.975928,iter:27,level:18,rank:0,datasize:299,operation:Interpolation
SZ is downgraded to lossless mode.
cr:1.03216,iter:27,level:18,rank:0,datasize:2616,operation:Post-smoothing
SZ is downgraded to lossless mode.
SZ is downgraded to lossless mode.
SZ is downgraded to lossless mode.
cr:1.00669,iter:27,level:18,rank:0,datasize:470,operation:Interpolation
SZ is downgraded to lossless mode.
SZ is downgraded to lossless mode.
cr:1.0348,iter:27,level:18,rank:0,datasize:3802,operation:Post-smoothing
SZ is downgraded to lossless mode.
SZ is downgraded to lossless mode.
cr:1.01839,iter:27,level:18,rank:0,datasize:630,operation:Interpolation
SZ is downgraded to lossless mode.
SZ is downgraded to lossless mode.
cr:1.03522,iter:27,level:18,rank:0,datasize:5504,operation:Post-smoothing
SZ is downgraded to lossless mode.
cr:1.02621,iter:27,level:18,rank:0,datasize:886,operation:Interpolation
SZ is downgraded to lossless mode.
SZ is downgraded to lossless mode.
cr:1.03652,iter:27,level:18,rank:0,datasize:7320,operation:Post-smoothing
SZ is downgraded to lossless mode.
SZ is downgraded to lossless mode.
cr:1.02978,iter:27,level:18,rank:0,datasize:1271,operation:Interpolation
SZ is downgraded to lossless mode.
SZ is downgraded to lossless mode.
SZ is downgraded to lossless mode.
cr:1.03681,iter:27,level:18,rank:0,datasize:9572,operation:Post-smoothing
SZ is downgraded to lossless mode.
cr:1.0321,iter:27,level:18,rank:0,datasize:1724,operation:Interpolation
SZ is downgraded to lossless mode.
cr:1.86823,iter:27,level:18,rank:0,datasize:12175,operation:Post-smoothing
SZ is downgraded to lossless mode.
cr:1.03359,iter:27,level:18,rank:0,datasize:2300,operation:Interpolation
SZ is downgraded to lossless mode.
cr:2.16991,iter:27,level:18,rank:0,datasize:15255,operation:Post-smoothing
SZ is downgraded to lossless mode.
cr:1.03504,iter:27,level:18,rank:0,datasize:2998,operation:Interpolation
SZ is downgraded to lossless mode.
cr:2.44861,iter:27,level:18,rank:0,datasize:17402,operation:Post-smoothing
SZ is downgraded to lossless mode.
cr:1.03589,iter:27,level:18,rank:0,datasize:4098,operation:Interpolation
SZ is downgraded to lossless mode.
cr:2.66578,iter:27,level:18,rank:0,datasize:16000,operation:Post-smoothing
cr:1.91018,iter:27,level:18,rank:0,datasize:5269,operation:Interpolation
cr:2.75338,iter:27,level:18,rank:0,datasize:12638,operation:Post-smoothing
cr:2.40479,iter:27,level:18,rank:0,datasize:4815,operation:Interpolation
cr:1.06219,iter:27,level:18,rank:0,datasize:10000,operation:Post-smoothing
cr:1.06274,iter:27,level:18,rank:0,datasize:10000,operation:Residual-Norm
cr:1.06274,iter:28,level:0,rank:0,datasize:10000,operation:Pre-Smoothing
cr:1.06239,iter:28,level:0,rank:0,datasize:10000,operation:Residual
cr:771.786,iter:28,level:1,rank:0,datasize:12638,operation:Pre-Smoothing
cr:21.3931,iter:28,level:1,rank:0,datasize:12638,operation:Residual
cr:984.615,iter:28,level:2,rank:0,datasize:16000,operation:Pre-Smoothing
cr:17.1605,iter:28,level:2,rank:0,datasize:16000,operation:Residual
cr:1054.67,iter:28,level:3,rank:0,datasize:17402,operation:Pre-Smoothing
cr:12.1565,iter:28,level:3,rank:0,datasize:17402,operation:Residual
cr:931.603,iter:28,level:4,rank:0,datasize:15255,operation:Pre-Smoothing
cr:9.25457,iter:28,level:4,rank:0,datasize:15255,operation:Residual
cr:743.511,iter:28,level:5,rank:0,datasize:12175,operation:Pre-Smoothing
cr:6.74048,iter:28,level:5,rank:0,datasize:12175,operation:Residual
cr:584.55,iter:28,level:6,rank:0,datasize:9572,operation:Pre-Smoothing
cr:5.21706,iter:28,level:6,rank:0,datasize:9572,operation:Residual
cr:453.953,iter:28,level:7,rank:0,datasize:7320,operation:Pre-Smoothing
cr:3.99454,iter:28,level:7,rank:0,datasize:7320,operation:Residual
cr:346.709,iter:28,level:8,rank:0,datasize:5504,operation:Pre-Smoothing
cr:3.2119,iter:28,level:8,rank:0,datasize:5504,operation:Residual
cr:284.262,iter:28,level:9,rank:0,datasize:3802,operation:Pre-Smoothing
cr:2.62026,iter:28,level:9,rank:0,datasize:3802,operation:Residual
cr:195.589,iter:28,level:10,rank:0,datasize:2616,operation:Pre-Smoothing
cr:2.17456,iter:28,level:10,rank:0,datasize:2616,operation:Residual
cr:125.009,iter:28,level:11,rank:0,datasize:1672,operation:Pre-Smoothing
cr:1.84624,iter:28,level:11,rank:0,datasize:1672,operation:Residual
cr:77.8318,iter:28,level:12,rank:0,datasize:1041,operation:Pre-Smoothing
cr:1.58992,iter:28,level:12,rank:0,datasize:1041,operation:Residual
cr:47.9252,iter:28,level:13,rank:0,datasize:641,operation:Pre-Smoothing
cr:1.25902,iter:28,level:13,rank:0,datasize:641,operation:Residual
cr:25.3204,iter:28,level:14,rank:0,datasize:326,operation:Pre-Smoothing
cr:1.13441,iter:28,level:14,rank:0,datasize:326,operation:Residual
cr:14.019,iter:28,level:15,rank:0,datasize:184,operation:Pre-Smoothing
cr:1.13756,iter:28,level:15,rank:0,datasize:184,operation:Residual
cr:5.67273,iter:28,level:16,rank:0,datasize:78,operation:Pre-Smoothing
cr:1.00808,iter:28,level:16,rank:0,datasize:78,operation:Residual
cr:2.66667,iter:28,level:17,rank:0,datasize:22,operation:Pre-Smoothing
cr:0.755365,iter:28,level:17,rank:0,datasize:22,operation:Residual
cr:0.359551,iter:28,level:18,rank:0,datasize:4,operation:Interpolation
cr:0.755365,iter:28,level:18,rank:0,datasize:22,operation:Post-smoothing
cr:0.55814,iter:28,level:18,rank:0,datasize:9,operation:Interpolation
cr:1.00161,iter:28,level:18,rank:0,datasize:78,operation:Post-smoothing
cr:0.802768,iter:28,level:18,rank:0,datasize:29,operation:Interpolation
cr:1.00068,iter:28,level:18,rank:0,datasize:184,operation:Post-smoothing
cr:0.861244,iter:28,level:18,rank:0,datasize:45,operation:Interpolation
cr:1.02154,iter:28,level:18,rank:0,datasize:326,operation:Post-smoothing
cr:0.920128,iter:28,level:18,rank:0,datasize:72,operation:Interpolation
SZ is downgraded to lossless mode.
cr:1.01384,iter:28,level:18,rank:0,datasize:641,operation:Post-smoothing
SZ is downgraded to lossless mode.
cr:1.03282,iter:28,level:18,rank:0,datasize:118,operation:Interpolation
SZ is downgraded to lossless mode.
SZ is downgraded to lossless mode.
cr:1.02121,iter:28,level:18,rank:0,datasize:1041,operation:Post-smoothing
cr:0.965842,iter:28,level:18,rank:0,datasize:205,operation:Interpolation
SZ is downgraded to lossless mode.
SZ is downgraded to lossless mode.
cr:1.02734,iter:28,level:18,rank:0,datasize:1672,operation:Post-smoothing
cr:0.975928,iter:28,level:18,rank:0,datasize:299,operation:Interpolation
SZ is downgraded to lossless mode.
cr:1.03144,iter:28,level:18,rank:0,datasize:2616,operation:Post-smoothing
SZ is downgraded to lossless mode.
SZ is downgraded to lossless mode.
SZ is downgraded to lossless mode.
cr:1.00669,iter:28,level:18,rank:0,datasize:470,operation:Interpolation
SZ is downgraded to lossless mode.
SZ is downgraded to lossless mode.
cr:1.03414,iter:28,level:18,rank:0,datasize:3802,operation:Post-smoothing
SZ is downgraded to lossless mode.
SZ is downgraded to lossless mode.
cr:1.01757,iter:28,level:18,rank:0,datasize:630,operation:Interpolation
SZ is downgraded to lossless mode.
SZ is downgraded to lossless mode.
cr:1.03524,iter:28,level:18,rank:0,datasize:5504,operation:Post-smoothing
SZ is downgraded to lossless mode.
cr:1.02443,iter:28,level:18,rank:0,datasize:886,operation:Interpolation
SZ is downgraded to lossless mode.
SZ is downgraded to lossless mode.
cr:1.03597,iter:28,level:18,rank:0,datasize:7320,operation:Post-smoothing
SZ is downgraded to lossless mode.
SZ is downgraded to lossless mode.
cr:1.02863,iter:28,level:18,rank:0,datasize:1271,operation:Interpolation
SZ is downgraded to lossless mode.
SZ is downgraded to lossless mode.
cr:1.76122,iter:28,level:18,rank:0,datasize:9572,operation:Post-smoothing
SZ is downgraded to lossless mode.
cr:1.03226,iter:28,level:18,rank:0,datasize:1724,operation:Interpolation
SZ is downgraded to lossless mode.
cr:1.98946,iter:28,level:18,rank:0,datasize:12175,operation:Post-smoothing
SZ is downgraded to lossless mode.
cr:1.03348,iter:28,level:18,rank:0,datasize:2300,operation:Interpolation
SZ is downgraded to lossless mode.
cr:2.2517,iter:28,level:18,rank:0,datasize:15255,operation:Post-smoothing
SZ is downgraded to lossless mode.
cr:1.03402,iter:28,level:18,rank:0,datasize:2998,operation:Interpolation
SZ is downgraded to lossless mode.
cr:2.52876,iter:28,level:18,rank:0,datasize:17402,operation:Post-smoothing
SZ is downgraded to lossless mode.
cr:1.0354,iter:28,level:18,rank:0,datasize:4098,operation:Interpolation
SZ is downgraded to lossless mode.
cr:2.77627,iter:28,level:18,rank:0,datasize:16000,operation:Post-smoothing
cr:1.99084,iter:28,level:18,rank:0,datasize:5269,operation:Interpolation
cr:2.88687,iter:28,level:18,rank:0,datasize:12638,operation:Post-smoothing
cr:2.21851,iter:28,level:18,rank:0,datasize:4815,operation:Interpolation
cr:1.06221,iter:28,level:18,rank:0,datasize:10000,operation:Post-smoothing
cr:1.06266,iter:28,level:18,rank:0,datasize:10000,operation:Residual-Norm
cr:1.06266,iter:29,level:0,rank:0,datasize:10000,operation:Pre-Smoothing
cr:1.06246,iter:29,level:0,rank:0,datasize:10000,operation:Residual
cr:771.786,iter:29,level:1,rank:0,datasize:12638,operation:Pre-Smoothing
cr:23.1465,iter:29,level:1,rank:0,datasize:12638,operation:Residual
cr:984.615,iter:29,level:2,rank:0,datasize:16000,operation:Pre-Smoothing
cr:18.1535,iter:29,level:2,rank:0,datasize:16000,operation:Residual
cr:1054.67,iter:29,level:3,rank:0,datasize:17402,operation:Pre-Smoothing
cr:12.8085,iter:29,level:3,rank:0,datasize:17402,operation:Residual
cr:931.603,iter:29,level:4,rank:0,datasize:15255,operation:Pre-Smoothing
cr:9.69957,iter:29,level:4,rank:0,datasize:15255,operation:Residual
cr:743.511,iter:29,level:5,rank:0,datasize:12175,operation:Pre-Smoothing
cr:7.07386,iter:29,level:5,rank:0,datasize:12175,operation:Residual
cr:584.55,iter:29,level:6,rank:0,datasize:9572,operation:Pre-Smoothing
cr:5.4623,iter:29,level:6,rank:0,datasize:9572,operation:Residual
cr:453.953,iter:29,level:7,rank:0,datasize:7320,operation:Pre-Smoothing
cr:4.24995,iter:29,level:7,rank:0,datasize:7320,operation:Residual
cr:346.709,iter:29,level:8,rank:0,datasize:5504,operation:Pre-Smoothing
cr:3.03,iter:29,level:8,rank:0,datasize:5504,operation:Residual
cr:284.262,iter:29,level:9,rank:0,datasize:3802,operation:Pre-Smoothing
cr:2.67323,iter:29,level:9,rank:0,datasize:3802,operation:Residual
cr:195.589,iter:29,level:10,rank:0,datasize:2616,operation:Pre-Smoothing
cr:2.61862,iter:29,level:10,rank:0,datasize:2616,operation:Residual
cr:125.009,iter:29,level:11,rank:0,datasize:1672,operation:Pre-Smoothing
cr:1.95527,iter:29,level:11,rank:0,datasize:1672,operation:Residual
cr:77.8318,iter:29,level:12,rank:0,datasize:1041,operation:Pre-Smoothing
cr:1.65435,iter:29,level:12,rank:0,datasize:1041,operation:Residual
cr:47.9252,iter:29,level:13,rank:0,datasize:641,operation:Pre-Smoothing
cr:1.3613,iter:29,level:13,rank:0,datasize:641,operation:Residual
cr:25.3204,iter:29,level:14,rank:0,datasize:326,operation:Pre-Smoothing
cr:1.22614,iter:29,level:14,rank:0,datasize:326,operation:Residual
cr:14.019,iter:29,level:15,rank:0,datasize:184,operation:Pre-Smoothing
cr:1.10345,iter:29,level:15,rank:0,datasize:184,operation:Residual
cr:5.67273,iter:29,level:16,rank:0,datasize:78,operation:Pre-Smoothing
cr:1.08333,iter:29,level:16,rank:0,datasize:78,operation:Residual
cr:2.66667,iter:29,level:17,rank:0,datasize:22,operation:Pre-Smoothing
cr:0.755365,iter:29,level:17,rank:0,datasize:22,operation:Residual
cr:0.359551,iter:29,level:18,rank:0,datasize:4,operation:Interpolation
cr:0.755365,iter:29,level:18,rank:0,datasize:22,operation:Post-smoothing
cr:0.55814,iter:29,level:18,rank:0,datasize:9,operation:Interpolation
cr:1.03827,iter:29,level:18,rank:0,datasize:78,operation:Post-smoothing
cr:0.802768,iter:29,level:18,rank:0,datasize:29,operation:Interpolation
cr:1.10345,iter:29,level:18,rank:0,datasize:184,operation:Post-smoothing
cr:0.861244,iter:29,level:18,rank:0,datasize:45,operation:Interpolation
cr:1.11835,iter:29,level:18,rank:0,datasize:326,operation:Post-smoothing
cr:0.927536,iter:29,level:18,rank:0,datasize:72,operation:Interpolation
SZ is downgraded to lossless mode.
cr:1.01444,iter:29,level:18,rank:0,datasize:641,operation:Post-smoothing
SZ is downgraded to lossless mode.
cr:1.03965,iter:29,level:18,rank:0,datasize:118,operation:Interpolation
SZ is downgraded to lossless mode.
SZ is downgraded to lossless mode.
cr:1.02335,iter:29,level:18,rank:0,datasize:1041,operation:Post-smoothing
cr:0.965842,iter:29,level:18,rank:0,datasize:205,operation:Interpolation
SZ is downgraded to lossless mode.
SZ is downgraded to lossless mode.
cr:1.02711,iter:29,level:18,rank:0,datasize:1672,operation:Post-smoothing
cr:0.975928,iter:29,level:18,rank:0,datasize:299,operation:Interpolation
SZ is downgraded to lossless mode.
SZ is downgraded to lossless mode.
cr:1.03104,iter:29,level:18,rank:0,datasize:2616,operation:Post-smoothing
SZ is downgraded to lossless mode.
SZ is downgraded to lossless mode.
cr:1.00723,iter:29,level:18,rank:0,datasize:470,operation:Interpolation
SZ is downgraded to lossless mode.
SZ is downgraded to lossless mode.
cr:1.03235,iter:29,level:18,rank:0,datasize:3802,operation:Post-smoothing
SZ is downgraded to lossless mode.
SZ is downgraded to lossless mode.
cr:1.01551,iter:29,level:18,rank:0,datasize:630,operation:Interpolation
SZ is downgraded to lossless mode.
cr:1.03405,iter:29,level:18,rank:0,datasize:5504,operation:Post-smoothing
SZ is downgraded to lossless mode.
SZ is downgraded to lossless mode.
cr:1.02443,iter:29,level:18,rank:0,datasize:886,operation:Interpolation
SZ is downgraded to lossless mode.
SZ is downgraded to lossless mode.
SZ is downgraded to lossless mode.
cr:1.03523,iter:29,level:18,rank:0,datasize:7320,operation:Post-smoothing
SZ is downgraded to lossless mode.
cr:1.02717,iter:29,level:18,rank:0,datasize:1271,operation:Interpolation
SZ is downgraded to lossless mode.
SZ is downgraded to lossless mode.
cr:1.03534,iter:29,level:18,rank:0,datasize:9572,operation:Post-smoothing
SZ is downgraded to lossless mode.
cr:1.03118,iter:29,level:18,rank:0,datasize:1724,operation:Interpolation
SZ is downgraded to lossless mode.
cr:2.10113,iter:29,level:18,rank:0,datasize:12175,operation:Post-smoothing
SZ is downgraded to lossless mode.
cr:1.03226,iter:29,level:18,rank:0,datasize:2300,operation:Interpolation
SZ is downgraded to lossless mode.
cr:2.32794,iter:29,level:18,rank:0,datasize:15255,operation:Post-smoothing
SZ is downgraded to lossless mode.
cr:1.03375,iter:29,level:18,rank:0,datasize:2998,operation:Interpolation
SZ is downgraded to lossless mode.
cr:2.66401,iter:29,level:18,rank:0,datasize:17402,operation:Post-smoothing
SZ is downgraded to lossless mode.
cr:1.0357,iter:29,level:18,rank:0,datasize:4098,operation:Interpolation
SZ is downgraded to lossless mode.
cr:2.88633,iter:29,level:18,rank:0,datasize:16000,operation:Post-smoothing
cr:2.53393,iter:29,level:18,rank:0,datasize:5269,operation:Interpolation
cr:3.5298,iter:29,level:18,rank:0,datasize:12638,operation:Post-smoothing
cr:2.33003,iter:29,level:18,rank:0,datasize:4815,operation:Interpolation
cr:1.06285,iter:29,level:18,rank:0,datasize:10000,operation:Post-smoothing
cr:1.06263,iter:29,level:18,rank:0,datasize:10000,operation:Residual-Norm
cr:1.06263,iter:30,level:0,rank:0,datasize:10000,operation:Pre-Smoothing
cr:1.06284,iter:30,level:0,rank:0,datasize:10000,operation:Residual
cr:771.786,iter:30,level:1,rank:0,datasize:12638,operation:Pre-Smoothing
cr:25.1065,iter:30,level:1,rank:0,datasize:12638,operation:Residual
cr:984.615,iter:30,level:2,rank:0,datasize:16000,operation:Pre-Smoothing
cr:19.6259,iter:30,level:2,rank:0,datasize:16000,operation:Residual
cr:1054.67,iter:30,level:3,rank:0,datasize:17402,operation:Pre-Smoothing
cr:13.5503,iter:30,level:3,rank:0,datasize:17402,operation:Residual
cr:931.603,iter:30,level:4,rank:0,datasize:15255,operation:Pre-Smoothing
cr:10.3494,iter:30,level:4,rank:0,datasize:15255,operation:Residual
cr:743.511,iter:30,level:5,rank:0,datasize:12175,operation:Pre-Smoothing
cr:7.40966,iter:30,level:5,rank:0,datasize:12175,operation:Residual
cr:584.55,iter:30,level:6,rank:0,datasize:9572,operation:Pre-Smoothing
cr:6.43875,iter:30,level:6,rank:0,datasize:9572,operation:Residual
cr:453.953,iter:30,level:7,rank:0,datasize:7320,operation:Pre-Smoothing
cr:5,iter:30,level:7,rank:0,datasize:7320,operation:Residual
cr:346.709,iter:30,level:8,rank:0,datasize:5504,operation:Pre-Smoothing
cr:3.49183,iter:30,level:8,rank:0,datasize:5504,operation:Residual
cr:284.262,iter:30,level:9,rank:0,datasize:3802,operation:Pre-Smoothing
cr:3.35421,iter:30,level:9,rank:0,datasize:3802,operation:Residual
cr:195.589,iter:30,level:10,rank:0,datasize:2616,operation:Pre-Smoothing
cr:2.35384,iter:30,level:10,rank:0,datasize:2616,operation:Residual
cr:125.009,iter:30,level:11,rank:0,datasize:1672,operation:Pre-Smoothing
cr:2.04808,iter:30,level:11,rank:0,datasize:1672,operation:Residual
cr:77.8318,iter:30,level:12,rank:0,datasize:1041,operation:Pre-Smoothing
cr:1.90922,iter:30,level:12,rank:0,datasize:1041,operation:Residual
cr:47.9252,iter:30,level:13,rank:0,datasize:641,operation:Pre-Smoothing
cr:1.28974,iter:30,level:13,rank:0,datasize:641,operation:Residual
cr:25.3204,iter:30,level:14,rank:0,datasize:326,operation:Pre-Smoothing
cr:1.14336,iter:30,level:14,rank:0,datasize:326,operation:Residual
cr:14.019,iter:30,level:15,rank:0,datasize:184,operation:Pre-Smoothing
cr:1.16272,iter:30,level:15,rank:0,datasize:184,operation:Residual
cr:5.67273,iter:30,level:16,rank:0,datasize:78,operation:Pre-Smoothing
cr:1.07033,iter:30,level:16,rank:0,datasize:78,operation:Residual
cr:2.66667,iter:30,level:17,rank:0,datasize:22,operation:Pre-Smoothing
cr:0.755365,iter:30,level:17,rank:0,datasize:22,operation:Residual
cr:0.359551,iter:30,level:18,rank:0,datasize:4,operation:Interpolation
cr:0.755365,iter:30,level:18,rank:0,datasize:22,operation:Post-smoothing
cr:0.55814,iter:30,level:18,rank:0,datasize:9,operation:Interpolation
cr:1.05228,iter:30,level:18,rank:0,datasize:78,operation:Post-smoothing
cr:0.802768,iter:30,level:18,rank:0,datasize:29,operation:Interpolation
cr:1.04843,iter:30,level:18,rank:0,datasize:184,operation:Post-smoothing
cr:0.861244,iter:30,level:18,rank:0,datasize:45,operation:Interpolation
cr:1.06841,iter:30,level:18,rank:0,datasize:326,operation:Post-smoothing
cr:0.930533,iter:30,level:18,rank:0,datasize:72,operation:Interpolation
SZ is downgraded to lossless mode.
cr:1.01244,iter:30,level:18,rank:0,datasize:641,operation:Post-smoothing
SZ is downgraded to lossless mode.
cr:1.0454,iter:30,level:18,rank:0,datasize:118,operation:Interpolation
SZ is downgraded to lossless mode.
SZ is downgraded to lossless mode.
cr:1.02322,iter:30,level:18,rank:0,datasize:1041,operation:Post-smoothing
cr:0.965842,iter:30,level:18,rank:0,datasize:205,operation:Interpolation
SZ is downgraded to lossless mode.
SZ is downgraded to lossless mode.
cr:1.02766,iter:30,level:18,rank:0,datasize:1672,operation:Post-smoothing
cr:0.975928,iter:30,level:18,rank:0,datasize:299,operation:Interpolation
SZ is downgraded to lossless mode.
SZ is downgraded to lossless mode.
cr:1.03094,iter:30,level:18,rank:0,datasize:2616,operation:Post-smoothing
SZ is downgraded to lossless mode.
SZ is downgraded to lossless mode.
cr:1.00669,iter:30,level:18,rank:0,datasize:470,operation:Interpolation
SZ is downgraded to lossless mode.
SZ is downgraded to lossless mode.
cr:1.03291,iter:30,level:18,rank:0,datasize:3802,operation:Post-smoothing
SZ is downgraded to lossless mode.
SZ is downgraded to lossless mode.
cr:1.0147,iter:30,level:18,rank:0,datasize:630,operation:Interpolation
SZ is downgraded to lossless mode.
SZ is downgraded to lossless mode.
cr:1.03408,iter:30,level:18,rank:0,datasize:5504,operation:Post-smoothing
SZ is downgraded to lossless mode.
SZ is downgraded to lossless mode.
cr:1.02221,iter:30,level:18,rank:0,datasize:886,operation:Interpolation
SZ is downgraded to lossless mode.
cr:1.03457,iter:30,level:18,rank:0,datasize:7320,operation:Post-smoothing
SZ is downgraded to lossless mode.
SZ is downgraded to lossless mode.
cr:1.02801,iter:30,level:18,rank:0,datasize:1271,operation:Interpolation
SZ is downgraded to lossless mode.
cr:1.91747,iter:30,level:18,rank:0,datasize:9572,operation:Post-smoothing
SZ is downgraded to lossless mode.
cr:1.02979,iter:30,level:18,rank:0,datasize:1724,operation:Interpolation
SZ is downgraded to lossless mode.
cr:2.18778,iter:30,level:18,rank:0,datasize:12175,operation:Post-smoothing
SZ is downgraded to lossless mode.
cr:1.03185,iter:30,level:18,rank:0,datasize:2300,operation:Interpolation
SZ is downgraded to lossless mode.
cr:2.87572,iter:30,level:18,rank:0,datasize:15255,operation:Post-smoothing
SZ is downgraded to lossless mode.
cr:1.03308,iter:30,level:18,rank:0,datasize:2998,operation:Interpolation
SZ is downgraded to lossless mode.
cr:2.75256,iter:30,level:18,rank:0,datasize:17402,operation:Post-smoothing
SZ is downgraded to lossless mode.
cr:1.03403,iter:30,level:18,rank:0,datasize:4098,operation:Interpolation
SZ is downgraded to lossless mode.
cr:3.02493,iter:30,level:18,rank:0,datasize:16000,operation:Post-smoothing
cr:2.15545,iter:30,level:18,rank:0,datasize:5269,operation:Interpolation
cr:3.70806,iter:30,level:18,rank:0,datasize:12638,operation:Post-smoothing
cr:2.76923,iter:30,level:18,rank:0,datasize:4815,operation:Interpolation
cr:1.06309,iter:30,level:18,rank:0,datasize:10000,operation:Post-smoothing
cr:1.06288,iter:30,level:18,rank:0,datasize:10000,operation:Residual-Norm
cr:1.06288,iter:31,level:0,rank:0,datasize:10000,operation:Pre-Smoothing
cr:1.06256,iter:31,level:0,rank:0,datasize:10000,operation:Residual
cr:771.786,iter:31,level:1,rank:0,datasize:12638,operation:Pre-Smoothing
cr:26.6695,iter:31,level:1,rank:0,datasize:12638,operation:Residual
cr:984.615,iter:31,level:2,rank:0,datasize:16000,operation:Pre-Smoothing
cr:20.8198,iter:31,level:2,rank:0,datasize:16000,operation:Residual
cr:1054.67,iter:31,level:3,rank:0,datasize:17402,operation:Pre-Smoothing
cr:14.3123,iter:31,level:3,rank:0,datasize:17402,operation:Residual
cr:931.603,iter:31,level:4,rank:0,datasize:15255,operation:Pre-Smoothing
cr:10.8557,iter:31,level:4,rank:0,datasize:15255,operation:Residual
cr:743.511,iter:31,level:5,rank:0,datasize:12175,operation:Pre-Smoothing
cr:7.75848,iter:31,level:5,rank:0,datasize:12175,operation:Residual
cr:584.55,iter:31,level:6,rank:0,datasize:9572,operation:Pre-Smoothing
cr:6.69722,iter:31,level:6,rank:0,datasize:9572,operation:Residual
cr:453.953,iter:31,level:7,rank:0,datasize:7320,operation:Pre-Smoothing
cr:4.77924,iter:31,level:7,rank:0,datasize:7320,operation:Residual
cr:346.709,iter:31,level:8,rank:0,datasize:5504,operation:Pre-Smoothing
cr:3.79194,iter:31,level:8,rank:0,datasize:5504,operation:Residual
cr:284.262,iter:31,level:9,rank:0,datasize:3802,operation:Pre-Smoothing
cr:3.05904,iter:31,level:9,rank:0,datasize:3802,operation:Residual
cr:195.589,iter:31,level:10,rank:0,datasize:2616,operation:Pre-Smoothing
cr:2.47113,iter:31,level:10,rank:0,datasize:2616,operation:Residual
cr:125.009,iter:31,level:11,rank:0,datasize:1672,operation:Pre-Smoothing
cr:2.1225,iter:31,level:11,rank:0,datasize:1672,operation:Residual
cr:77.8318,iter:31,level:12,rank:0,datasize:1041,operation:Pre-Smoothing
cr:1.98569,iter:31,level:12,rank:0,datasize:1041,operation:Residual
cr:47.9252,iter:31,level:13,rank:0,datasize:641,operation:Pre-Smoothing
cr:1.61767,iter:31,level:13,rank:0,datasize:641,operation:Residual
cr:25.3204,iter:31,level:14,rank:0,datasize:326,operation:Pre-Smoothing
cr:1.1887,iter:31,level:14,rank:0,datasize:326,operation:Residual
cr:14.019,iter:31,level:15,rank:0,datasize:184,operation:Pre-Smoothing
cr:1.1518,iter:31,level:15,rank:0,datasize:184,operation:Residual
cr:5.67273,iter:31,level:16,rank:0,datasize:78,operation:Pre-Smoothing
cr:1.07586,iter:31,level:16,rank:0,datasize:78,operation:Residual
cr:2.66667,iter:31,level:17,rank:0,datasize:22,operation:Pre-Smoothing
cr:0.755365,iter:31,level:17,rank:0,datasize:22,operation:Residual
cr:0.359551,iter:31,level:18,rank:0,datasize:4,operation:Interpolation
cr:0.755365,iter:31,level:18,rank:0,datasize:22,operation:Post-smoothing
cr:0.55814,iter:31,level:18,rank:0,datasize:9,operation:Interpolation
cr:1.07772,iter:31,level:18,rank:0,datasize:78,operation:Post-smoothing
cr:0.802768,iter:31,level:18,rank:0,datasize:29,operation:Interpolation
cr:1.05899,iter:31,level:18,rank:0,datasize:184,operation:Post-smoothing
cr:0.861244,iter:31,level:18,rank:0,datasize:45,operation:Interpolation
cr:1.08894,iter:31,level:18,rank:0,datasize:326,operation:Post-smoothing
cr:0.924559,iter:31,level:18,rank:0,datasize:72,operation:Interpolation
SZ is downgraded to lossless mode.
cr:1.01464,iter:31,level:18,rank:0,datasize:641,operation:Post-smoothing
SZ is downgraded to lossless mode.
cr:1.06546,iter:31,level:18,rank:0,datasize:118,operation:Interpolation
SZ is downgraded to lossless mode.
SZ is downgraded to lossless mode.
cr:1.02172,iter:31,level:18,rank:0,datasize:1041,operation:Post-smoothing
cr:0.965842,iter:31,level:18,rank:0,datasize:205,operation:Interpolation
SZ is downgraded to lossless mode.
SZ is downgraded to lossless mode.
cr:1.02687,iter:31,level:18,rank:0,datasize:1672,operation:Post-smoothing
cr:0.985985,iter:31,level:18,rank:0,datasize:299,operation:Interpolation
SZ is downgraded to lossless mode.
SZ is downgraded to lossless mode.
cr:1.03017,iter:31,level:18,rank:0,datasize:2616,operation:Post-smoothing
SZ is downgraded to lossless mode.
SZ is downgraded to lossless mode.
cr:1.00481,iter:31,level:18,rank:0,datasize:470,operation:Interpolation
SZ is downgraded to lossless mode.
SZ is downgraded to lossless mode.
cr:1.03179,iter:31,level:18,rank:0,datasize:3802,operation:Post-smoothing
SZ is downgraded to lossless mode.
SZ is downgraded to lossless mode.
cr:1.0149,iter:31,level:18,rank:0,datasize:630,operation:Interpolation
SZ is downgraded to lossless mode.
cr:1.03274,iter:31,level:18,rank:0,datasize:5504,operation:Post-smoothing
SZ is downgraded to lossless mode.
SZ is downgraded to lossless mode.
cr:1.02118,iter:31,level:18,rank:0,datasize:886,operation:Interpolation
SZ is downgraded to lossless mode.
cr:1.78716,iter:31,level:18,rank:0,datasize:7320,operation:Post-smoothing
SZ is downgraded to lossless mode.
cr:1.0278,iter:31,level:18,rank:0,datasize:1271,operation:Interpolation
SZ is downgraded to lossless mode.
cr:2.01622,iter:31,level:18,rank:0,datasize:9572,operation:Post-smoothing
SZ is downgraded to lossless mode.
cr:1.03056,iter:31,level:18,rank:0,datasize:1724,operation:Interpolation
SZ is downgraded to lossless mode.
cr:2.27815,iter:31,level:18,rank:0,datasize:12175,operation:Post-smoothing
SZ is downgraded to lossless mode.
cr:1.03168,iter:31,level:18,rank:0,datasize:2300,operation:Interpolation
SZ is downgraded to lossless mode.
cr:2.571,iter:31,level:18,rank:0,datasize:15255,operation:Post-smoothing
SZ is downgraded to lossless mode.
cr:1.03304,iter:31,level:18,rank:0,datasize:2998,operation:Interpolation
SZ is downgraded to lossless mode.
cr:2.8364,iter:31,level:18,rank:0,datasize:17402,operation:Post-smoothing
cr:1.72221,iter:31,level:18,rank:0,datasize:4098,operation:Interpolation
cr:3.13579,iter:31,level:18,rank:0,datasize:16000,operation:Post-smoothing
cr:2.54188,iter:31,level:18,rank:0,datasize:5269,operation:Interpolation
cr:3.82955,iter:31,level:18,rank:0,datasize:12638,operation:Post-smoothing
cr:2.53221,iter:31,level:18,rank:0,datasize:4815,operation:Interpolation
cr:1.06305,iter:31,level:18,rank:0,datasize:10000,operation:Post-smoothing
cr:1.06297,iter:31,level:18,rank:0,datasize:10000,operation:Residual-Norm
cr:1.06297,iter:32,level:0,rank:0,datasize:10000,operation:Pre-Smoothing
cr:1.06283,iter:32,level:0,rank:0,datasize:10000,operation:Residual
cr:771.786,iter:32,level:1,rank:0,datasize:12638,operation:Pre-Smoothing
cr:29.0445,iter:32,level:1,rank:0,datasize:12638,operation:Residual
cr:984.615,iter:32,level:2,rank:0,datasize:16000,operation:Pre-Smoothing
cr:22.3815,iter:32,level:2,rank:0,datasize:16000,operation:Residual
cr:1054.67,iter:32,level:3,rank:0,datasize:17402,operation:Pre-Smoothing
cr:14.8576,iter:32,level:3,rank:0,datasize:17402,operation:Residual
cr:931.603,iter:32,level:4,rank:0,datasize:15255,operation:Pre-Smoothing
cr:11.4024,iter:32,level:4,rank:0,datasize:15255,operation:Residual
cr:743.511,iter:32,level:5,rank:0,datasize:12175,operation:Pre-Smoothing
cr:8.73543,iter:32,level:5,rank:0,datasize:12175,operation:Residual
cr:584.55,iter:32,level:6,rank:0,datasize:9572,operation:Pre-Smoothing
cr:6.33016,iter:32,level:6,rank:0,datasize:9572,operation:Residual
cr:453.953,iter:32,level:7,rank:0,datasize:7320,operation:Pre-Smoothing
cr:4.95055,iter:32,level:7,rank:0,datasize:7320,operation:Residual
cr:346.709,iter:32,level:8,rank:0,datasize:5504,operation:Pre-Smoothing
cr:4.53658,iter:32,level:8,rank:0,datasize:5504,operation:Residual
cr:284.262,iter:32,level:9,rank:0,datasize:3802,operation:Pre-Smoothing
cr:3.13664,iter:32,level:9,rank:0,datasize:3802,operation:Residual
cr:195.589,iter:32,level:10,rank:0,datasize:2616,operation:Pre-Smoothing
cr:2.6004,iter:32,level:10,rank:0,datasize:2616,operation:Residual
cr:125.009,iter:32,level:11,rank:0,datasize:1672,operation:Pre-Smoothing
cr:2.17779,iter:32,level:11,rank:0,datasize:1672,operation:Residual
cr:77.8318,iter:32,level:12,rank:0,datasize:1041,operation:Pre-Smoothing
cr:1.84574,iter:32,level:12,rank:0,datasize:1041,operation:Residual
cr:47.9252,iter:32,level:13,rank:0,datasize:641,operation:Pre-Smoothing
cr:1.49461,iter:32,level:13,rank:0,datasize:641,operation:Residual
cr:25.3204,iter:32,level:14,rank:0,datasize:326,operation:Pre-Smoothing
cr:1.24546,iter:32,level:14,rank:0,datasize:326,operation:Residual
cr:14.019,iter:32,level:15,rank:0,datasize:184,operation:Pre-Smoothing
cr:1.16733,iter:32,level:15,rank:0,datasize:184,operation:Residual
cr:5.67273,iter:32,level:16,rank:0,datasize:78,operation:Pre-Smoothing
cr:1.11628,iter:32,level:16,rank:0,datasize:78,operation:Residual
cr:2.66667,iter:32,level:17,rank:0,datasize:22,operation:Pre-Smoothing
cr:0.755365,iter:32,level:17,rank:0,datasize:22,operation:Residual
cr:0.359551,iter:32,level:18,rank:0,datasize:4,operation:Interpolation
cr:0.755365,iter:32,level:18,rank:0,datasize:22,operation:Post-smoothing
cr:0.55814,iter:32,level:18,rank:0,datasize:9,operation:Interpolation
cr:1.12029,iter:32,level:18,rank:0,datasize:78,operation:Post-smoothing
cr:0.802768,iter:32,level:18,rank:0,datasize:29,operation:Interpolation
cr:1.06667,iter:32,level:18,rank:0,datasize:184,operation:Post-smoothing
cr:0.861244,iter:32,level:18,rank:0,datasize:45,operation:Interpolation
cr:1.06362,iter:32,level:18,rank:0,datasize:326,operation:Post-smoothing
cr:0.942717,iter:32,level:18,rank:0,datasize:72,operation:Interpolation
SZ is downgraded to lossless mode.
cr:1.01244,iter:32,level:18,rank:0,datasize:641,operation:Post-smoothing
SZ is downgraded to lossless mode.
cr:1.05593,iter:32,level:18,rank:0,datasize:118,operation:Interpolation
SZ is downgraded to lossless mode.SZ is downgraded to lossless mode.

cr:1.02272,iter:32,level:18,rank:0,datasize:1041,operation:Post-smoothing
cr:0.965842,iter:32,level:18,rank:0,datasize:205,operation:Interpolation
SZ is downgraded to lossless mode.
SZ is downgraded to lossless mode.
cr:1.02624,iter:32,level:18,rank:0,datasize:1672,operation:Post-smoothing
cr:0.975928,iter:32,level:18,rank:0,datasize:299,operation:Interpolation
SZ is downgraded to lossless mode.
cr:1.02906,iter:32,level:18,rank:0,datasize:2616,operation:Post-smoothing
SZ is downgraded to lossless mode.
SZ is downgraded to lossless mode.
SZ is downgraded to lossless mode.
cr:1.00535,iter:32,level:18,rank:0,datasize:470,operation:Interpolation
SZ is downgraded to lossless mode.
cr:1.03,iter:32,level:18,rank:0,datasize:3802,operation:Post-smoothing
SZ is downgraded to lossless mode.
SZ is downgraded to lossless mode.
SZ is downgraded to lossless mode.
cr:1.01347,iter:32,level:18,rank:0,datasize:630,operation:Interpolation
SZ is downgraded to lossless mode.
cr:1.03194,iter:32,level:18,rank:0,datasize:5504,operation:Post-smoothing
SZ is downgraded to lossless mode.
SZ is downgraded to lossless mode.
cr:SZ is downgraded to lossless mode.
1.02177,iter:32,level:18,rank:0,datasize:886,operation:Interpolation
cr:1.8723,iter:32,level:18,rank:0,datasize:7320,operation:Post-smoothing
SZ is downgraded to lossless mode.
cr:1.02686,iter:32,level:18,rank:0,datasize:1271,operation:Interpolation
SZ is downgraded to lossless mode.
cr:2.05966,iter:32,level:18,rank:0,datasize:9572,operation:Post-smoothing
SZ is downgraded to lossless mode.
cr:1.02856,iter:32,level:18,rank:0,datasize:1724,operation:Interpolation
SZ is downgraded to lossless mode.
cr:2.34084,iter:32,level:18,rank:0,datasize:12175,operation:Post-smoothing
SZ is downgraded to lossless mode.
cr:1.03208,iter:32,level:18,rank:0,datasize:2300,operation:Interpolation
SZ is downgraded to lossless mode.
cr:2.64849,iter:32,level:18,rank:0,datasize:15255,operation:Post-smoothing
SZ is downgraded to lossless mode.
cr:1.03161,iter:32,level:18,rank:0,datasize:2998,operation:Interpolation
SZ is downgraded to lossless mode.
cr:2.97235,iter:32,level:18,rank:0,datasize:17402,operation:Post-smoothing
cr:1.7952,iter:32,level:18,rank:0,datasize:4098,operation:Interpolation
SZ is downgraded to lossless mode.
cr:3.27978,iter:32,level:18,rank:0,datasize:16000,operation:Post-smoothing
cr:2.34451,iter:32,level:18,rank:0,datasize:5269,operation:Interpolation
cr:3.42319,iter:32,level:18,rank:0,datasize:12638,operation:Post-smoothing
cr:2.63872,iter:32,level:18,rank:0,datasize:4815,operation:Interpolation
cr:1.06295,iter:32,level:18,rank:0,datasize:10000,operation:Post-smoothing
cr:1.06266,iter:32,level:18,rank:0,datasize:10000,operation:Residual-Norm
cr:1.06266,iter:33,level:0,rank:0,datasize:10000,operation:Pre-Smoothing
cr:1.06274,iter:33,level:0,rank:0,datasize:10000,operation:Residual
cr:771.786,iter:33,level:1,rank:0,datasize:12638,operation:Pre-Smoothing
cr:27.3698,iter:33,level:1,rank:0,datasize:12638,operation:Residual
cr:984.615,iter:33,level:2,rank:0,datasize:16000,operation:Pre-Smoothing
cr:24.0015,iter:33,level:2,rank:0,datasize:16000,operation:Residual
cr:1054.67,iter:33,level:3,rank:0,datasize:17402,operation:Pre-Smoothing
cr:15.9213,iter:33,level:3,rank:0,datasize:17402,operation:Residual
cr:931.603,iter:33,level:4,rank:0,datasize:15255,operation:Pre-Smoothing
cr:11.7482,iter:33,level:4,rank:0,datasize:15255,operation:Residual
cr:743.511,iter:33,level:5,rank:0,datasize:12175,operation:Pre-Smoothing
cr:9.12241,iter:33,level:5,rank:0,datasize:12175,operation:Residual
cr:584.55,iter:33,level:6,rank:0,datasize:9572,operation:Pre-Smoothing
cr:6.50769,iter:33,level:6,rank:0,datasize:9572,operation:Residual
cr:453.953,iter:33,level:7,rank:0,datasize:7320,operation:Pre-Smoothing
cr:5.7837,iter:33,level:7,rank:0,datasize:7320,operation:Residual
cr:346.709,iter:33,level:8,rank:0,datasize:5504,operation:Pre-Smoothing
cr:4.65898,iter:33,level:8,rank:0,datasize:5504,operation:Residual
cr:284.262,iter:33,level:9,rank:0,datasize:3802,operation:Pre-Smoothing
cr:3.82639,iter:33,level:9,rank:0,datasize:3802,operation:Residual
cr:195.589,iter:33,level:10,rank:0,datasize:2616,operation:Pre-Smoothing
cr:3.14612,iter:33,level:10,rank:0,datasize:2616,operation:Residual
cr:125.009,iter:33,level:11,rank:0,datasize:1672,operation:Pre-Smoothing
cr:2.5295,iter:33,level:11,rank:0,datasize:1672,operation:Residual
cr:77.8318,iter:33,level:12,rank:0,datasize:1041,operation:Pre-Smoothing
cr:1.92244,iter:33,level:12,rank:0,datasize:1041,operation:Residual
cr:47.9252,iter:33,level:13,rank:0,datasize:641,operation:Pre-Smoothing
cr:1.76462,iter:33,level:13,rank:0,datasize:641,operation:Residual
cr:25.3204,iter:33,level:14,rank:0,datasize:326,operation:Pre-Smoothing
cr:1.27718,iter:33,level:14,rank:0,datasize:326,operation:Residual
cr:14.019,iter:33,level:15,rank:0,datasize:184,operation:Pre-Smoothing
cr:1.2517,iter:33,level:15,rank:0,datasize:184,operation:Residual
cr:5.67273,iter:33,level:16,rank:0,datasize:78,operation:Pre-Smoothing
cr:1.09282,iter:33,level:16,rank:0,datasize:78,operation:Residual
cr:2.66667,iter:33,level:17,rank:0,datasize:22,operation:Pre-Smoothing
cr:0.755365,iter:33,level:17,rank:0,datasize:22,operation:Residual
cr:0.359551,iter:33,level:18,rank:0,datasize:4,operation:Interpolation
cr:0.755365,iter:33,level:18,rank:0,datasize:22,operation:Post-smoothing
cr:0.55814,iter:33,level:18,rank:0,datasize:9,operation:Interpolation
cr:1.12839,iter:33,level:18,rank:0,datasize:78,operation:Post-smoothing
cr:0.802768,iter:33,level:18,rank:0,datasize:29,operation:Interpolation
cr:1.12624,iter:33,level:18,rank:0,datasize:184,operation:Post-smoothing
cr:0.861244,iter:33,level:18,rank:0,datasize:45,operation:Interpolation
cr:1.12172,iter:33,level:18,rank:0,datasize:326,operation:Post-smoothing
cr:0.941176,iter:33,level:18,rank:0,datasize:72,operation:Interpolation
SZ is downgraded to lossless mode.
cr:1.01585,iter:33,level:18,rank:0,datasize:641,operation:Post-smoothing
SZ is downgraded to lossless mode.
cr:1.0454,iter:33,level:18,rank:0,datasize:118,operation:Interpolation
SZ is downgraded to lossless mode.
SZ is downgraded to lossless mode.
cr:1.02146,iter:33,level:18,rank:0,datasize:1041,operation:Post-smoothing
cr:0.972716,iter:33,level:18,rank:0,datasize:205,operation:Interpolation
SZ is downgraded to lossless mode.
cr:1.0275,iter:33,level:18,rank:0,datasize:1672,operation:Post-smoothing
SZ is downgraded to lossless mode.
cr:0.985579,iter:33,level:18,rank:0,datasize:299,operation:Interpolation
SZ is downgraded to lossless mode.
cr:1.02992,iter:33,level:18,rank:0,datasize:2616,operation:Post-smoothing
SZ is downgraded to lossless mode.
SZ is downgraded to lossless mode.
cr:1.00562,iter:33,level:18,rank:0,datasize:470,operation:Interpolation
SZ is downgraded to lossless mode.
SZ is downgraded to lossless mode.
cr:1.02997,iter:33,level:18,rank:0,datasize:3802,operation:Post-smoothing
SZ is downgraded to lossless mode.
SZ is downgraded to lossless mode.
cr:1.01347,iter:33,level:18,rank:0,datasize:630,operation:Interpolation
cr:1.77491,iter:33,level:18,rank:0,datasize:5504,operation:Post-smoothing
SZ is downgraded to lossless mode.
cr:1.02147,iter:33,level:18,rank:0,datasize:886,operation:Interpolation
SZ is downgraded to lossless mode.
cr:1.94074,iter:33,level:18,rank:0,datasize:7320,operation:Post-smoothing
SZ is downgraded to lossless mode.
cr:1.02562,iter:33,level:18,rank:0,datasize:1271,operation:Interpolation
SZ is downgraded to lossless mode.
cr:2.50773,iter:33,level:18,rank:0,datasize:9572,operation:Post-smoothing
SZ is downgraded to lossless mode.
cr:1.0281,iter:33,level:18,rank:0,datasize:1724,operation:Interpolation
SZ is downgraded to lossless mode.
cr:2.82885,iter:33,level:18,rank:0,datasize:12175,operation:Post-smoothing
SZ is downgraded to lossless mode.
cr:1.03093,iter:33,level:18,rank:0,datasize:2300,operation:Interpolation
SZ is downgraded to lossless mode.
cr:2.72813,iter:33,level:18,rank:0,datasize:15255,operation:Post-smoothing
SZ is downgraded to lossless mode.
cr:1.0317,iter:33,level:18,rank:0,datasize:2998,operation:Interpolation
SZ is downgraded to lossless mode.
cr:3.08252,iter:33,level:18,rank:0,datasize:17402,operation:Post-smoothing
cr:1.8674,iter:33,level:18,rank:0,datasize:4098,operation:Interpolation
cr:3.40199,iter:33,level:18,rank:0,datasize:16000,operation:Post-smoothing
cr:2.44317,iter:33,level:18,rank:0,datasize:5269,operation:Interpolation
cr:3.51813,iter:33,level:18,rank:0,datasize:12638,operation:Post-smoothing
cr:2.74418,iter:33,level:18,rank:0,datasize:4815,operation:Interpolation
cr:1.06283,iter:33,level:18,rank:0,datasize:10000,operation:Post-smoothing
cr:1.06285,iter:33,level:18,rank:0,datasize:10000,operation:Residual-Norm
cr:1.06285,iter:34,level:0,rank:0,datasize:10000,operation:Pre-Smoothing
cr:1.06294,iter:34,level:0,rank:0,datasize:10000,operation:Residual
cr:771.786,iter:34,level:1,rank:0,datasize:12638,operation:Pre-Smoothing
cr:35.8271,iter:34,level:1,rank:0,datasize:12638,operation:Residual
cr:984.615,iter:34,level:2,rank:0,datasize:16000,operation:Pre-Smoothing
cr:25.8221,iter:34,level:2,rank:0,datasize:16000,operation:Residual
cr:1054.67,iter:34,level:3,rank:0,datasize:17402,operation:Pre-Smoothing
cr:16.9631,iter:34,level:3,rank:0,datasize:17402,operation:Residual
cr:931.603,iter:34,level:4,rank:0,datasize:15255,operation:Pre-Smoothing
cr:12.5349,iter:34,level:4,rank:0,datasize:15255,operation:Residual
cr:743.511,iter:34,level:5,rank:0,datasize:12175,operation:Pre-Smoothing
cr:9.5819,iter:34,level:5,rank:0,datasize:12175,operation:Residual
cr:584.55,iter:34,level:6,rank:0,datasize:9572,operation:Pre-Smoothing
cr:6.86288,iter:34,level:6,rank:0,datasize:9572,operation:Residual
cr:453.953,iter:34,level:7,rank:0,datasize:7320,operation:Pre-Smoothing
cr:5.50946,iter:34,level:7,rank:0,datasize:7320,operation:Residual
cr:346.709,iter:34,level:8,rank:0,datasize:5504,operation:Pre-Smoothing
cr:4.29874,iter:34,level:8,rank:0,datasize:5504,operation:Residual
cr:284.262,iter:34,level:9,rank:0,datasize:3802,operation:Pre-Smoothing
cr:3.43373,iter:34,level:9,rank:0,datasize:3802,operation:Residual
cr:195.589,iter:34,level:10,rank:0,datasize:2616,operation:Pre-Smoothing
cr:2.83923,iter:34,level:10,rank:0,datasize:2616,operation:Residual
cr:125.009,iter:34,level:11,rank:0,datasize:1672,operation:Pre-Smoothing
cr:2.70824,iter:34,level:11,rank:0,datasize:1672,operation:Residual
cr:77.8318,iter:34,level:12,rank:0,datasize:1041,operation:Pre-Smoothing
cr:1.97862,iter:34,level:12,rank:0,datasize:1041,operation:Residual
cr:47.9252,iter:34,level:13,rank:0,datasize:641,operation:Pre-Smoothing
cr:1.83143,iter:34,level:13,rank:0,datasize:641,operation:Residual
cr:25.3204,iter:34,level:14,rank:0,datasize:326,operation:Pre-Smoothing
cr:1.22961,iter:34,level:14,rank:0,datasize:326,operation:Residual
cr:14.019,iter:34,level:15,rank:0,datasize:184,operation:Pre-Smoothing
cr:1.11346,iter:34,level:15,rank:0,datasize:184,operation:Residual
cr:5.67273,iter:34,level:16,rank:0,datasize:78,operation:Pre-Smoothing
cr:1.14917,iter:34,level:16,rank:0,datasize:78,operation:Residual
cr:2.66667,iter:34,level:17,rank:0,datasize:22,operation:Pre-Smoothing
cr:0.755365,iter:34,level:17,rank:0,datasize:22,operation:Residual
cr:0.359551,iter:34,level:18,rank:0,datasize:4,operation:Interpolation
cr:0.755365,iter:34,level:18,rank:0,datasize:22,operation:Post-smoothing
cr:0.55814,iter:34,level:18,rank:0,datasize:9,operation:Interpolation
cr:1.12839,iter:34,level:18,rank:0,datasize:78,operation:Post-smoothing
cr:0.802768,iter:34,level:18,rank:0,datasize:29,operation:Interpolation
cr:1.07602,iter:34,level:18,rank:0,datasize:184,operation:Post-smoothing
cr:0.861244,iter:34,level:18,rank:0,datasize:45,operation:Interpolation
cr:1.16846,iter:34,level:18,rank:0,datasize:326,operation:Post-smoothing
cr:0.953642,iter:34,level:18,rank:0,datasize:72,operation:Interpolation
cr:1.26212,iter:34,level:18,rank:0,datasize:641,operation:Post-smoothing
cr:1.09133,iter:34,level:18,rank:0,datasize:118,operation:Interpolation
SZ is downgraded to lossless mode.
cr:1.02284,iter:34,level:18,rank:0,datasize:1041,operation:Post-smoothing
SZ is downgraded to lossless mode.
cr:0.980861,iter:34,level:18,rank:0,datasize:205,operation:Interpolation
SZ is downgraded to lossless mode.
SZ is downgraded to lossless mode.
cr:1.02742,iter:34,level:18,rank:0,datasize:1672,operation:Post-smoothing
cr:0.986799,iter:34,level:18,rank:0,datasize:299,operation:Interpolation
SZ is downgraded to lossless mode.
cr:1.02957,iter:34,level:18,rank:0,datasize:2616,operation:Post-smoothing
SZ is downgraded to lossless mode.
SZ is downgraded to lossless mode.
SZ is downgraded to lossless mode.
cr:1.00589,iter:34,level:18,rank:0,datasize:470,operation:Interpolation
SZ is downgraded to lossless mode.
SZ is downgraded to lossless mode.
cr:1.03109,iter:34,level:18,rank:0,datasize:3802,operation:Post-smoothing
SZ is downgraded to lossless mode.
SZ is downgraded to lossless mode.
cr:1.01286,iter:34,level:18,rank:0,datasize:630,operation:Interpolation
cr:1.8575,iter:34,level:18,rank:0,datasize:5504,operation:Post-smoothing
SZ is downgraded to lossless mode.
SZ is downgraded to lossless mode.
cr:1.01986,iter:34,level:18,rank:0,datasize:886,operation:Interpolation
cr:1.99435,iter:34,level:18,rank:0,datasize:7320,operation:Post-smoothing
SZ is downgraded to lossless mode.
cr:1.02345,iter:34,level:18,rank:0,datasize:1271,operation:Interpolation
SZ is downgraded to lossless mode.
cr:1.91588,iter:34,level:18,rank:0,datasize:9572,operation:Post-smoothing
SZ is downgraded to lossless mode.
cr:1.0265,iter:34,level:18,rank:0,datasize:1724,operation:Interpolation
SZ is downgraded to lossless mode.
cr:2.51732,iter:34,level:18,rank:0,datasize:12175,operation:Post-smoothing
SZ is downgraded to lossless mode.
cr:1.02914,iter:34,level:18,rank:0,datasize:2300,operation:Interpolation
SZ is downgraded to lossless mode.
cr:2.83867,iter:34,level:18,rank:0,datasize:15255,operation:Post-smoothing
SZ is downgraded to lossless mode.
cr:1.03059,iter:34,level:18,rank:0,datasize:2998,operation:Interpolation
SZ is downgraded to lossless mode.
cr:3.8361,iter:34,level:18,rank:0,datasize:17402,operation:Post-smoothing
cr:1.94322,iter:34,level:18,rank:0,datasize:4098,operation:Interpolation
cr:4.20209,iter:34,level:18,rank:0,datasize:16000,operation:Post-smoothing
cr:2.90503,iter:34,level:18,rank:0,datasize:5269,operation:Interpolation
cr:3.7172,iter:34,level:18,rank:0,datasize:12638,operation:Post-smoothing
cr:3.86127,iter:34,level:18,rank:0,datasize:4815,operation:Interpolation
cr:1.06278,iter:34,level:18,rank:0,datasize:10000,operation:Post-smoothing
cr:1.06259,iter:34,level:18,rank:0,datasize:10000,operation:Residual-Norm
cr:1.06259,iter:35,level:0,rank:0,datasize:10000,operation:Pre-Smoothing
cr:1.06321,iter:35,level:0,rank:0,datasize:10000,operation:Residual
cr:771.786,iter:35,level:1,rank:0,datasize:12638,operation:Pre-Smoothing
cr:38.9311,iter:35,level:1,rank:0,datasize:12638,operation:Residual
cr:984.615,iter:35,level:2,rank:0,datasize:16000,operation:Pre-Smoothing
cr:28.92,iter:35,level:2,rank:0,datasize:16000,operation:Residual
cr:1054.67,iter:35,level:3,rank:0,datasize:17402,operation:Pre-Smoothing
cr:17.901,iter:35,level:3,rank:0,datasize:17402,operation:Residual
cr:931.603,iter:35,level:4,rank:0,datasize:15255,operation:Pre-Smoothing
cr:13.1183,iter:35,level:4,rank:0,datasize:15255,operation:Residual
cr:743.511,iter:35,level:5,rank:0,datasize:12175,operation:Pre-Smoothing
cr:9.98667,iter:35,level:5,rank:0,datasize:12175,operation:Residual
cr:584.55,iter:35,level:6,rank:0,datasize:9572,operation:Pre-Smoothing
cr:7.09168,iter:35,level:6,rank:0,datasize:9572,operation:Residual
cr:453.953,iter:35,level:7,rank:0,datasize:7320,operation:Pre-Smoothing
cr:6.38813,iter:35,level:7,rank:0,datasize:7320,operation:Residual
cr:346.709,iter:35,level:8,rank:0,datasize:5504,operation:Pre-Smoothing
cr:5.16141,iter:35,level:8,rank:0,datasize:5504,operation:Residual
cr:284.262,iter:35,level:9,rank:0,datasize:3802,operation:Pre-Smoothing
cr:3.60721,iter:35,level:9,rank:0,datasize:3802,operation:Residual
cr:195.589,iter:35,level:10,rank:0,datasize:2616,operation:Pre-Smoothing
cr:2.9526,iter:35,level:10,rank:0,datasize:2616,operation:Residual
cr:125.009,iter:35,level:11,rank:0,datasize:1672,operation:Pre-Smoothing
cr:2.45702,iter:35,level:11,rank:0,datasize:1672,operation:Residual
cr:77.8318,iter:35,level:12,rank:0,datasize:1041,operation:Pre-Smoothing
cr:2.3172,iter:35,level:12,rank:0,datasize:1041,operation:Residual
cr:47.9252,iter:35,level:13,rank:0,datasize:641,operation:Pre-Smoothing
cr:1.73948,iter:35,level:13,rank:0,datasize:641,operation:Residual
cr:25.3204,iter:35,level:14,rank:0,datasize:326,operation:Pre-Smoothing
cr:1.40215,iter:35,level:14,rank:0,datasize:326,operation:Residual
cr:14.019,iter:35,level:15,rank:0,datasize:184,operation:Pre-Smoothing
cr:1.14821,iter:35,level:15,rank:0,datasize:184,operation:Residual
cr:5.67273,iter:35,level:16,rank:0,datasize:78,operation:Pre-Smoothing
cr:1.13043,iter:35,level:16,rank:0,datasize:78,operation:Residual
cr:2.66667,iter:35,level:17,rank:0,datasize:22,operation:Pre-Smoothing
cr:0.755365,iter:35,level:17,rank:0,datasize:22,operation:Residual
cr:0.359551,iter:35,level:18,rank:0,datasize:4,operation:Interpolation
cr:0.755365,iter:35,level:18,rank:0,datasize:22,operation:Post-smoothing
cr:0.55814,iter:35,level:18,rank:0,datasize:9,operation:Interpolation
cr:1.14917,iter:35,level:18,rank:0,datasize:78,operation:Post-smoothing
cr:0.802768,iter:35,level:18,rank:0,datasize:29,operation:Interpolation
cr:1.08715,iter:35,level:18,rank:0,datasize:184,operation:Post-smoothing
cr:0.861244,iter:35,level:18,rank:0,datasize:45,operation:Interpolation
cr:1.17477,iter:35,level:18,rank:0,datasize:326,operation:Post-smoothing
cr:0.941176,iter:35,level:18,rank:0,datasize:72,operation:Interpolation
cr:1.22124,iter:35,level:18,rank:0,datasize:641,operation:Post-smoothing
cr:1.07763,iter:35,level:18,rank:0,datasize:118,operation:Interpolation
SZ is downgraded to lossless mode.
cr:1.02234,iter:35,level:18,rank:0,datasize:1041,operation:Post-smoothing
SZ is downgraded to lossless mode.
cr:0.981448,iter:35,level:18,rank:0,datasize:205,operation:Interpolation
SZ is downgraded to lossless mode.
cr:1.02663,iter:35,level:18,rank:0,datasize:1672,operation:Post-smoothing
SZ is downgraded to lossless mode.
cr:1.00631,iter:35,level:18,rank:0,datasize:299,operation:Interpolation
SZ is downgraded to lossless mode.
cr:1.02911,iter:35,level:18,rank:0,datasize:2616,operation:Post-smoothing
SZ is downgraded to lossless mode.
SZ is downgraded to lossless mode.
SZ is downgraded to lossless mode.
cr:1.00589,iter:35,level:18,rank:0,datasize:470,operation:Interpolation
SZ is downgraded to lossless mode.
cr:1.0307,iter:35,level:18,rank:0,datasize:3802,operation:Post-smoothing
SZ is downgraded to lossless mode.
SZ is downgraded to lossless mode.
cr:1.01266,iter:35,level:18,rank:0,datasize:630,operation:Interpolation
cr:1.91095,iter:35,level:18,rank:0,datasize:5504,operation:Post-smoothing
SZ is downgraded to lossless mode.
SZ is downgraded to lossless mode.
cr:1.02015,iter:35,level:18,rank:0,datasize:886,operation:Interpolation
cr:2.06437,iter:35,level:18,rank:0,datasize:7320,operation:Post-smoothing
SZ is downgraded to lossless mode.
cr:1.0251,iter:35,level:18,rank:0,datasize:1271,operation:Interpolation
SZ is downgraded to lossless mode.
cr:2.30345,iter:35,level:18,rank:0,datasize:9572,operation:Post-smoothing
SZ is downgraded to lossless mode.
cr:1.02627,iter:35,level:18,rank:0,datasize:1724,operation:Interpolation
SZ is downgraded to lossless mode.
cr:2.68838,iter:35,level:18,rank:0,datasize:12175,operation:Post-smoothing
SZ is downgraded to lossless mode.
cr:1.02845,iter:35,level:18,rank:0,datasize:2300,operation:Interpolation
SZ is downgraded to lossless mode.
cr:2.68586,iter:35,level:18,rank:0,datasize:15255,operation:Post-smoothing
SZ is downgraded to lossless mode.
cr:1.02896,iter:35,level:18,rank:0,datasize:2998,operation:Interpolation
SZ is downgraded to lossless mode.
cr:3.27837,iter:35,level:18,rank:0,datasize:17402,operation:Post-smoothing
cr:2.03022,iter:35,level:18,rank:0,datasize:4098,operation:Interpolation
cr:4.38627,iter:35,level:18,rank:0,datasize:16000,operation:Post-smoothing
cr:3.11246,iter:35,level:18,rank:0,datasize:5269,operation:Interpolation
cr:4.5736,iter:35,level:18,rank:0,datasize:12638,operation:Post-smoothing
cr:3.00257,iter:35,level:18,rank:0,datasize:4815,operation:Interpolation
cr:1.06294,iter:35,level:18,rank:0,datasize:10000,operation:Post-smoothing
cr:1.06274,iter:35,level:18,rank:0,datasize:10000,operation:Residual-Norm
cr:1.06274,iter:36,level:0,rank:0,datasize:10000,operation:Pre-Smoothing
cr:1.06269,iter:36,level:0,rank:0,datasize:10000,operation:Residual
cr:771.786,iter:36,level:1,rank:0,datasize:12638,operation:Pre-Smoothing
cr:36.264,iter:36,level:1,rank:0,datasize:12638,operation:Residual
cr:984.615,iter:36,level:2,rank:0,datasize:16000,operation:Pre-Smoothing
cr:31.6206,iter:36,level:2,rank:0,datasize:16000,operation:Residual
cr:1054.67,iter:36,level:3,rank:0,datasize:17402,operation:Pre-Smoothing
cr:18.6242,iter:36,level:3,rank:0,datasize:17402,operation:Residual
cr:931.603,iter:36,level:4,rank:0,datasize:15255,operation:Pre-Smoothing
cr:13.5045,iter:36,level:4,rank:0,datasize:15255,operation:Residual
cr:743.511,iter:36,level:5,rank:0,datasize:12175,operation:Pre-Smoothing
cr:10.5434,iter:36,level:5,rank:0,datasize:12175,operation:Residual
cr:584.55,iter:36,level:6,rank:0,datasize:9572,operation:Pre-Smoothing
cr:7.39507,iter:36,level:6,rank:0,datasize:9572,operation:Residual
cr:453.953,iter:36,level:7,rank:0,datasize:7320,operation:Pre-Smoothing
cr:5.99018,iter:36,level:7,rank:0,datasize:7320,operation:Residual
cr:346.709,iter:36,level:8,rank:0,datasize:5504,operation:Pre-Smoothing
cr:5.29422,iter:36,level:8,rank:0,datasize:5504,operation:Residual
cr:284.262,iter:36,level:9,rank:0,datasize:3802,operation:Pre-Smoothing
cr:4.38145,iter:36,level:9,rank:0,datasize:3802,operation:Residual
cr:195.589,iter:36,level:10,rank:0,datasize:2616,operation:Pre-Smoothing
cr:3.15371,iter:36,level:10,rank:0,datasize:2616,operation:Residual
cr:125.009,iter:36,level:11,rank:0,datasize:1672,operation:Pre-Smoothing
cr:2.57826,iter:36,level:11,rank:0,datasize:1672,operation:Residual
cr:77.8318,iter:36,level:12,rank:0,datasize:1041,operation:Pre-Smoothing
cr:2.1962,iter:36,level:12,rank:0,datasize:1041,operation:Residual
cr:47.9252,iter:36,level:13,rank:0,datasize:641,operation:Pre-Smoothing
cr:1.71735,iter:36,level:13,rank:0,datasize:641,operation:Residual
cr:25.3204,iter:36,level:14,rank:0,datasize:326,operation:Pre-Smoothing
cr:1.39391,iter:36,level:14,rank:0,datasize:326,operation:Residual
cr:14.019,iter:36,level:15,rank:0,datasize:184,operation:Pre-Smoothing
cr:1.52223,iter:36,level:15,rank:0,datasize:184,operation:Residual
cr:5.67273,iter:36,level:16,rank:0,datasize:78,operation:Pre-Smoothing
cr:1.17293,iter:36,level:16,rank:0,datasize:78,operation:Residual
cr:2.66667,iter:36,level:17,rank:0,datasize:22,operation:Pre-Smoothing
cr:0.755365,iter:36,level:17,rank:0,datasize:22,operation:Residual
cr:0.359551,iter:36,level:18,rank:0,datasize:4,operation:Interpolation
cr:0.755365,iter:36,level:18,rank:0,datasize:22,operation:Post-smoothing
cr:0.55814,iter:36,level:18,rank:0,datasize:9,operation:Interpolation
cr:1.16854,iter:36,level:18,rank:0,datasize:78,operation:Post-smoothing
cr:0.802768,iter:36,level:18,rank:0,datasize:29,operation:Interpolation
cr:1.21653,iter:36,level:18,rank:0,datasize:184,operation:Post-smoothing
cr:0.882353,iter:36,level:18,rank:0,datasize:45,operation:Interpolation
cr:1.16481,iter:36,level:18,rank:0,datasize:326,operation:Post-smoothing
cr:0.961603,iter:36,level:18,rank:0,datasize:72,operation:Interpolation
cr:1.31961,iter:36,level:18,rank:0,datasize:641,operation:Post-smoothing
cr:1.05711,iter:36,level:18,rank:0,datasize:118,operation:Interpolation
SZ is downgraded to lossless mode.
cr:1.02172,iter:36,level:18,rank:0,datasize:1041,operation:Post-smoothing
SZ is downgraded to lossless mode.
cr:1.00429,iter:36,level:18,rank:0,datasize:205,operation:Interpolation
SZ is downgraded to lossless mode.
SZ is downgraded to lossless mode.
cr:1.02782,iter:36,level:18,rank:0,datasize:1672,operation:Post-smoothing
cr:1.00546,iter:36,level:18,rank:0,datasize:299,operation:Interpolation
SZ is downgraded to lossless mode.
cr:1.02952,iter:36,level:18,rank:0,datasize:2616,operation:Post-smoothing
SZ is downgraded to lossless mode.
cr:1.00615,iter:36,level:18,rank:0,datasize:470,operation:Interpolation
SZ is downgraded to lossless mode.
cr:1.03091,iter:36,level:18,rank:0,datasize:3802,operation:Post-smoothing
SZ is downgraded to lossless mode.
SZ is downgraded to lossless mode.
cr:1.01347,iter:36,level:18,rank:0,datasize:630,operation:Interpolation
cr:1.93352,iter:36,level:18,rank:0,datasize:5504,operation:Post-smoothing
SZ is downgraded to lossless mode.
cr:1.02059,iter:36,level:18,rank:0,datasize:886,operation:Interpolation
SZ is downgraded to lossless mode.
cr:2.20573,iter:36,level:18,rank:0,datasize:7320,operation:Post-smoothing
SZ is downgraded to lossless mode.
cr:1.02541,iter:36,level:18,rank:0,datasize:1271,operation:Interpolation
SZ is downgraded to lossless mode.
cr:2.45302,iter:36,level:18,rank:0,datasize:9572,operation:Post-smoothing
SZ is downgraded to lossless mode.
cr:1.0278,iter:36,level:18,rank:0,datasize:1724,operation:Interpolation
SZ is downgraded to lossless mode.
cr:2.76642,iter:36,level:18,rank:0,datasize:12175,operation:Post-smoothing
SZ is downgraded to lossless mode.
cr:1.02805,iter:36,level:18,rank:0,datasize:2300,operation:Interpolation
SZ is downgraded to lossless mode.
cr:3.13228,iter:36,level:18,rank:0,datasize:15255,operation:Post-smoothing
cr:1.68073,iter:36,level:18,rank:0,datasize:2998,operation:Interpolation
cr:3.4661,iter:36,level:18,rank:0,datasize:17402,operation:Post-smoothing
cr:2.13507,iter:36,level:18,rank:0,datasize:4098,operation:Interpolation
cr:3.81406,iter:36,level:18,rank:0,datasize:16000,operation:Post-smoothing
cr:3.21624,iter:36,level:18,rank:0,datasize:5269,operation:Interpolation
cr:4.70601,iter:36,level:18,rank:0,datasize:12638,operation:Post-smoothing
cr:4.15534,iter:36,level:18,rank:0,datasize:4815,operation:Interpolation
cr:1.06281,iter:36,level:18,rank:0,datasize:10000,operation:Post-smoothing
cr:1.06307,iter:36,level:18,rank:0,datasize:10000,operation:Residual-Norm
cr:1.06307,iter:37,level:0,rank:0,datasize:10000,operation:Pre-Smoothing
cr:1.06281,iter:37,level:0,rank:0,datasize:10000,operation:Residual
cr:771.786,iter:37,level:1,rank:0,datasize:12638,operation:Pre-Smoothing
cr:39.6176,iter:37,level:1,rank:0,datasize:12638,operation:Residual
cr:984.615,iter:37,level:2,rank:0,datasize:16000,operation:Pre-Smoothing
cr:34.3072,iter:37,level:2,rank:0,datasize:16000,operation:Residual
cr:1054.67,iter:37,level:3,rank:0,datasize:17402,operation:Pre-Smoothing
cr:20.0744,iter:37,level:3,rank:0,datasize:17402,operation:Residual
cr:931.603,iter:37,level:4,rank:0,datasize:15255,operation:Pre-Smoothing
cr:14.2006,iter:37,level:4,rank:0,datasize:15255,operation:Residual
cr:743.511,iter:37,level:5,rank:0,datasize:12175,operation:Pre-Smoothing
cr:10.9685,iter:37,level:5,rank:0,datasize:12175,operation:Residual
cr:584.55,iter:37,level:6,rank:0,datasize:9572,operation:Pre-Smoothing
cr:7.69221,iter:37,level:6,rank:0,datasize:9572,operation:Residual
cr:453.953,iter:37,level:7,rank:0,datasize:7320,operation:Pre-Smoothing
cr:6.24507,iter:37,level:7,rank:0,datasize:7320,operation:Residual
cr:346.709,iter:37,level:8,rank:0,datasize:5504,operation:Pre-Smoothing
cr:4.5757,iter:37,level:8,rank:0,datasize:5504,operation:Residual
cr:284.262,iter:37,level:9,rank:0,datasize:3802,operation:Pre-Smoothing
cr:4.01372,iter:37,level:9,rank:0,datasize:3802,operation:Residual
cr:195.589,iter:37,level:10,rank:0,datasize:2616,operation:Pre-Smoothing
cr:3.67997,iter:37,level:10,rank:0,datasize:2616,operation:Residual
cr:125.009,iter:37,level:11,rank:0,datasize:1672,operation:Pre-Smoothing
cr:2.64139,iter:37,level:11,rank:0,datasize:1672,operation:Residual
cr:77.8318,iter:37,level:12,rank:0,datasize:1041,operation:Pre-Smoothing
cr:2.54057,iter:37,level:12,rank:0,datasize:1041,operation:Residual
cr:47.9252,iter:37,level:13,rank:0,datasize:641,operation:Pre-Smoothing
cr:1.78738,iter:37,level:13,rank:0,datasize:641,operation:Residual
cr:25.3204,iter:37,level:14,rank:0,datasize:326,operation:Pre-Smoothing
cr:1.38502,iter:37,level:14,rank:0,datasize:326,operation:Residual
cr:14.019,iter:37,level:15,rank:0,datasize:184,operation:Pre-Smoothing
cr:1.59307,iter:37,level:15,rank:0,datasize:184,operation:Residual
cr:5.67273,iter:37,level:16,rank:0,datasize:78,operation:Pre-Smoothing
cr:1.20696,iter:37,level:16,rank:0,datasize:78,operation:Residual
cr:2.66667,iter:37,level:17,rank:0,datasize:22,operation:Pre-Smoothing
cr:0.755365,iter:37,level:17,rank:0,datasize:22,operation:Residual
cr:0.359551,iter:37,level:18,rank:0,datasize:4,operation:Interpolation
cr:0.755365,iter:37,level:18,rank:0,datasize:22,operation:Post-smoothing
cr:0.55814,iter:37,level:18,rank:0,datasize:9,operation:Interpolation
cr:1.19084,iter:37,level:18,rank:0,datasize:78,operation:Post-smoothing
cr:0.802768,iter:37,level:18,rank:0,datasize:29,operation:Interpolation
cr:1.48687,iter:37,level:18,rank:0,datasize:184,operation:Post-smoothing
cr:0.861244,iter:37,level:18,rank:0,datasize:45,operation:Interpolation
cr:1.24487,iter:37,level:18,rank:0,datasize:326,operation:Post-smoothing
cr:0.961603,iter:37,level:18,rank:0,datasize:72,operation:Interpolation
cr:1.28554,iter:37,level:18,rank:0,datasize:641,operation:Post-smoothing
cr:1.11321,iter:37,level:18,rank:0,datasize:118,operation:Interpolation
SZ is downgraded to lossless mode.
cr:1.02234,iter:37,level:18,rank:0,datasize:1041,operation:Post-smoothing
SZ is downgraded to lossless mode.
cr:1.00122,iter:37,level:18,rank:0,datasize:205,operation:Interpolation
SZ is downgraded to lossless mode.
SZ is downgraded to lossless mode.
cr:1.026,iter:37,level:18,rank:0,datasize:1672,operation:Post-smoothing
cr:1.03371,iter:37,level:18,rank:0,datasize:299,operation:Interpolation
SZ is downgraded to lossless mode.
cr:1.66505,iter:37,level:18,rank:0,datasize:2616,operation:Post-smoothing
cr:1.11144,iter:37,level:18,rank:0,datasize:470,operation:Interpolation
SZ is downgraded to lossless mode.
cr:1.03039,iter:37,level:18,rank:0,datasize:3802,operation:Post-smoothing
SZ is downgraded to lossless mode.
SZ is downgraded to lossless mode.
cr:1.01307,iter:37,level:18,rank:0,datasize:630,operation:Interpolation
cr:2.04857,iter:37,level:18,rank:0,datasize:5504,operation:Post-smoothing
SZ is downgraded to lossless mode.
SZ is downgraded to lossless mode.
cr:1.01971,iter:37,level:18,rank:0,datasize:886,operation:Interpolation
cr:2.29036,iter:37,level:18,rank:0,datasize:7320,operation:Post-smoothing
SZ is downgraded to lossless mode.
cr:1.02356,iter:37,level:18,rank:0,datasize:1271,operation:Interpolation
SZ is downgraded to lossless mode.
cr:2.50134,iter:37,level:18,rank:0,datasize:9572,operation:Post-smoothing
SZ is downgraded to lossless mode.
cr:1.02657,iter:37,level:18,rank:0,datasize:1724,operation:Interpolation
SZ is downgraded to lossless mode.
cr:2.84795,iter:37,level:18,rank:0,datasize:12175,operation:Post-smoothing
cr:1.6773,iter:37,level:18,rank:0,datasize:2300,operation:Interpolation
SZ is downgraded to lossless mode.
cr:3.83653,iter:37,level:18,rank:0,datasize:15255,operation:Post-smoothing
cr:1.78253,iter:37,level:18,rank:0,datasize:2998,operation:Interpolation
cr:3.60048,iter:37,level:18,rank:0,datasize:17402,operation:Post-smoothing
cr:2.22445,iter:37,level:18,rank:0,datasize:4098,operation:Interpolation
cr:3.94891,iter:37,level:18,rank:0,datasize:16000,operation:Post-smoothing
cr:3.39771,iter:37,level:18,rank:0,datasize:5269,operation:Interpolation
cr:4.94711,iter:37,level:18,rank:0,datasize:12638,operation:Post-smoothing
cr:4.41237,iter:37,level:18,rank:0,datasize:4815,operation:Interpolation
cr:1.06278,iter:37,level:18,rank:0,datasize:10000,operation:Post-smoothing
cr:1.06254,iter:37,level:18,rank:0,datasize:10000,operation:Residual-Norm
cr:1.06254,iter:38,level:0,rank:0,datasize:10000,operation:Pre-Smoothing
cr:1.06254,iter:38,level:0,rank:0,datasize:10000,operation:Residual
cr:771.786,iter:38,level:1,rank:0,datasize:12638,operation:Pre-Smoothing
cr:51.6627,iter:38,level:1,rank:0,datasize:12638,operation:Residual
cr:984.615,iter:38,level:2,rank:0,datasize:16000,operation:Pre-Smoothing
cr:35.9854,iter:38,level:2,rank:0,datasize:16000,operation:Residual
cr:1054.67,iter:38,level:3,rank:0,datasize:17402,operation:Pre-Smoothing
cr:21.4343,iter:38,level:3,rank:0,datasize:17402,operation:Residual
cr:931.603,iter:38,level:4,rank:0,datasize:15255,operation:Pre-Smoothing
cr:15.1414,iter:38,level:4,rank:0,datasize:15255,operation:Residual
cr:743.511,iter:38,level:5,rank:0,datasize:12175,operation:Pre-Smoothing
cr:11.4764,iter:38,level:5,rank:0,datasize:12175,operation:Residual
cr:584.55,iter:38,level:6,rank:0,datasize:9572,operation:Pre-Smoothing
cr:9.08914,iter:38,level:6,rank:0,datasize:9572,operation:Residual
cr:453.953,iter:38,level:7,rank:0,datasize:7320,operation:Pre-Smoothing
cr:6.52625,iter:38,level:7,rank:0,datasize:7320,operation:Residual
cr:346.709,iter:38,level:8,rank:0,datasize:5504,operation:Pre-Smoothing
cr:5.7626,iter:38,level:8,rank:0,datasize:5504,operation:Residual
cr:284.262,iter:38,level:9,rank:0,datasize:3802,operation:Pre-Smoothing
cr:4.78389,iter:38,level:9,rank:0,datasize:3802,operation:Residual
cr:195.589,iter:38,level:10,rank:0,datasize:2616,operation:Pre-Smoothing
cr:2.86332,iter:38,level:10,rank:0,datasize:2616,operation:Residual
cr:125.009,iter:38,level:11,rank:0,datasize:1672,operation:Pre-Smoothing
cr:2.83751,iter:38,level:11,rank:0,datasize:1672,operation:Residual
cr:77.8318,iter:38,level:12,rank:0,datasize:1041,operation:Pre-Smoothing
cr:2.59197,iter:38,level:12,rank:0,datasize:1041,operation:Residual
cr:47.9252,iter:38,level:13,rank:0,datasize:641,operation:Pre-Smoothing
cr:1.63991,iter:38,level:13,rank:0,datasize:641,operation:Residual
cr:25.3204,iter:38,level:14,rank:0,datasize:326,operation:Pre-Smoothing
cr:1.44168,iter:38,level:14,rank:0,datasize:326,operation:Residual
cr:14.019,iter:38,level:15,rank:0,datasize:184,operation:Pre-Smoothing
cr:1.64838,iter:38,level:15,rank:0,datasize:184,operation:Residual
cr:5.67273,iter:38,level:16,rank:0,datasize:78,operation:Pre-Smoothing
cr:1.2,iter:38,level:16,rank:0,datasize:78,operation:Residual
cr:2.66667,iter:38,level:17,rank:0,datasize:22,operation:Pre-Smoothing
cr:0.755365,iter:38,level:17,rank:0,datasize:22,operation:Residual
cr:0.359551,iter:38,level:18,rank:0,datasize:4,operation:Interpolation
cr:0.755365,iter:38,level:18,rank:0,datasize:22,operation:Post-smoothing
cr:0.55814,iter:38,level:18,rank:0,datasize:9,operation:Interpolation
cr:1.22593,iter:38,level:18,rank:0,datasize:78,operation:Post-smoothing
cr:0.802768,iter:38,level:18,rank:0,datasize:29,operation:Interpolation
cr:1.50051,iter:38,level:18,rank:0,datasize:184,operation:Post-smoothing
cr:0.873786,iter:38,level:18,rank:0,datasize:45,operation:Interpolation
cr:1.29109,iter:38,level:18,rank:0,datasize:326,operation:Post-smoothing
cr:0.938111,iter:38,level:18,rank:0,datasize:72,operation:Interpolation
cr:1.30119,iter:38,level:18,rank:0,datasize:641,operation:Post-smoothing
cr:1.10668,iter:38,level:18,rank:0,datasize:118,operation:Interpolation
SZ is downgraded to lossless mode.
cr:1.52751,iter:38,level:18,rank:0,datasize:1041,operation:Post-smoothing
cr:0.982036,iter:38,level:18,rank:0,datasize:205,operation:Interpolation
cr:1.57532,iter:38,level:18,rank:0,datasize:1672,operation:Post-smoothing
cr:1.04363,iter:38,level:18,rank:0,datasize:299,operation:Interpolation
cr:1.7588,iter:38,level:18,rank:0,datasize:2616,operation:Post-smoothing
cr:1.07367,iter:38,level:18,rank:0,datasize:470,operation:Interpolation
cr:1.94054,iter:38,level:18,rank:0,datasize:3802,operation:Post-smoothing
SZ is downgraded to lossless mode.
SZ is downgraded to lossless mode.
cr:1.01327,iter:38,level:18,rank:0,datasize:630,operation:Interpolation
cr:2.16832,iter:38,level:18,rank:0,datasize:5504,operation:Post-smoothing
SZ is downgraded to lossless mode.
cr:1.01986,iter:38,level:18,rank:0,datasize:886,operation:Interpolation
SZ is downgraded to lossless mode.
cr:2.40789,iter:38,level:18,rank:0,datasize:7320,operation:Post-smoothing
SZ is downgraded to lossless mode.
cr:1.025,iter:38,level:18,rank:0,datasize:1271,operation:Interpolation
SZ is downgraded to lossless mode.
cr:2.68914,iter:38,level:18,rank:0,datasize:9572,operation:Post-smoothing
SZ is downgraded to lossless mode.
cr:1.02726,iter:38,level:18,rank:0,datasize:1724,operation:Interpolation
SZ is downgraded to lossless mode.
cr:2.95375,iter:38,level:18,rank:0,datasize:12175,operation:Post-smoothing
SZ is downgraded to lossless mode.
cr:1.02885,iter:38,level:18,rank:0,datasize:2300,operation:Interpolation
SZ is downgraded to lossless mode.
cr:3.31982,iter:38,level:18,rank:0,datasize:15255,operation:Post-smoothing
cr:1.83617,iter:38,level:18,rank:0,datasize:2998,operation:Interpolation
cr:3.65944,iter:38,level:18,rank:0,datasize:17402,operation:Post-smoothing
cr:2.28237,iter:38,level:18,rank:0,datasize:4098,operation:Interpolation
cr:4.08137,iter:38,level:18,rank:0,datasize:16000,operation:Post-smoothing
cr:3.48594,iter:38,level:18,rank:0,datasize:5269,operation:Interpolation
cr:5.09931,iter:38,level:18,rank:0,datasize:12638,operation:Post-smoothing
cr:4.5575,iter:38,level:18,rank:0,datasize:4815,operation:Interpolation
cr:1.06254,iter:38,level:18,rank:0,datasize:10000,operation:Post-smoothing
cr:1.06274,iter:38,level:18,rank:0,datasize:10000,operation:Residual-Norm
cr:1.06274,iter:39,level:0,rank:0,datasize:10000,operation:Pre-Smoothing
cr:1.06269,iter:39,level:0,rank:0,datasize:10000,operation:Residual
cr:771.786,iter:39,level:1,rank:0,datasize:12638,operation:Pre-Smoothing
cr:47.7356,iter:39,level:1,rank:0,datasize:12638,operation:Residual
cr:984.615,iter:39,level:2,rank:0,datasize:16000,operation:Pre-Smoothing
cr:39.1318,iter:39,level:2,rank:0,datasize:16000,operation:Residual
cr:1054.67,iter:39,level:3,rank:0,datasize:17402,operation:Pre-Smoothing
cr:22.6589,iter:39,level:3,rank:0,datasize:17402,operation:Residual
cr:931.603,iter:39,level:4,rank:0,datasize:15255,operation:Pre-Smoothing
cr:15.6482,iter:39,level:4,rank:0,datasize:15255,operation:Residual
cr:743.511,iter:39,level:5,rank:0,datasize:12175,operation:Pre-Smoothing
cr:11.7861,iter:39,level:5,rank:0,datasize:12175,operation:Residual
cr:584.55,iter:39,level:6,rank:0,datasize:9572,operation:Pre-Smoothing
cr:8.328,iter:39,level:6,rank:0,datasize:9572,operation:Residual
cr:453.953,iter:39,level:7,rank:0,datasize:7320,operation:Pre-Smoothing
cr:7.47797,iter:39,level:7,rank:0,datasize:7320,operation:Residual
cr:346.709,iter:39,level:8,rank:0,datasize:5504,operation:Pre-Smoothing
cr:5.28913,iter:39,level:8,rank:0,datasize:5504,operation:Residual
cr:284.262,iter:39,level:9,rank:0,datasize:3802,operation:Pre-Smoothing
cr:4.40046,iter:39,level:9,rank:0,datasize:3802,operation:Residual
cr:195.589,iter:39,level:10,rank:0,datasize:2616,operation:Pre-Smoothing
cr:2.92945,iter:39,level:10,rank:0,datasize:2616,operation:Residual
cr:125.009,iter:39,level:11,rank:0,datasize:1672,operation:Pre-Smoothing
cr:2.96257,iter:39,level:11,rank:0,datasize:1672,operation:Residual
cr:77.8318,iter:39,level:12,rank:0,datasize:1041,operation:Pre-Smoothing
cr:2.4358,iter:39,level:12,rank:0,datasize:1041,operation:Residual
cr:47.9252,iter:39,level:13,rank:0,datasize:641,operation:Pre-Smoothing
cr:2.00391,iter:39,level:13,rank:0,datasize:641,operation:Residual
cr:25.3204,iter:39,level:14,rank:0,datasize:326,operation:Pre-Smoothing
cr:1.43533,iter:39,level:14,rank:0,datasize:326,operation:Residual
cr:14.019,iter:39,level:15,rank:0,datasize:184,operation:Pre-Smoothing
cr:1.75866,iter:39,level:15,rank:0,datasize:184,operation:Residual
cr:5.67273,iter:39,level:16,rank:0,datasize:78,operation:Pre-Smoothing
cr:1.23564,iter:39,level:16,rank:0,datasize:78,operation:Residual
cr:2.66667,iter:39,level:17,rank:0,datasize:22,operation:Pre-Smoothing
cr:0.755365,iter:39,level:17,rank:0,datasize:22,operation:Residual
cr:0.359551,iter:39,level:18,rank:0,datasize:4,operation:Interpolation
cr:0.755365,iter:39,level:18,rank:0,datasize:22,operation:Post-smoothing
cr:0.55814,iter:39,level:18,rank:0,datasize:9,operation:Interpolation
cr:1.14495,iter:39,level:18,rank:0,datasize:78,operation:Post-smoothing
cr:0.802768,iter:39,level:18,rank:0,datasize:29,operation:Interpolation
cr:1.46032,iter:39,level:18,rank:0,datasize:184,operation:Post-smoothing
cr:0.865385,iter:39,level:18,rank:0,datasize:45,operation:Interpolation
cr:1.33265,iter:39,level:18,rank:0,datasize:326,operation:Post-smoothing
cr:0.966443,iter:39,level:18,rank:0,datasize:72,operation:Interpolation
cr:1.52076,iter:39,level:18,rank:0,datasize:641,operation:Post-smoothing
cr:1.10152,iter:39,level:18,rank:0,datasize:118,operation:Interpolation
cr:1.44835,iter:39,level:18,rank:0,datasize:1041,operation:Post-smoothing
cr:1.03995,iter:39,level:18,rank:0,datasize:205,operation:Interpolation
cr:1.64002,iter:39,level:18,rank:0,datasize:1672,operation:Post-smoothing
cr:1.04136,iter:39,level:18,rank:0,datasize:299,operation:Interpolation
cr:1.80414,iter:39,level:18,rank:0,datasize:2616,operation:Post-smoothing
cr:1.10232,iter:39,level:18,rank:0,datasize:470,operation:Interpolation
cr:2.25087,iter:39,level:18,rank:0,datasize:3802,operation:Post-smoothing
SZ is downgraded to lossless mode.
SZ is downgraded to lossless mode.
cr:1.01347,iter:39,level:18,rank:0,datasize:630,operation:Interpolation
cr:2.26339,iter:39,level:18,rank:0,datasize:5504,operation:Post-smoothing
SZ is downgraded to lossless mode.
SZ is downgraded to lossless mode.
cr:1.02103,iter:39,level:18,rank:0,datasize:886,operation:Interpolation
cr:2.03171,iter:39,level:18,rank:0,datasize:7320,operation:Post-smoothing
SZ is downgraded to lossless mode.
cr:1.02469,iter:39,level:18,rank:0,datasize:1271,operation:Interpolation
SZ is downgraded to lossless mode.
cr:2.76528,iter:39,level:18,rank:0,datasize:9572,operation:Post-smoothing
SZ is downgraded to lossless mode.
cr:1.02833,iter:39,level:18,rank:0,datasize:1724,operation:Interpolation
SZ is downgraded to lossless mode.
cr:3.10409,iter:39,level:18,rank:0,datasize:12175,operation:Post-smoothing
SZ is downgraded to lossless mode.
cr:1.02891,iter:39,level:18,rank:0,datasize:2300,operation:Interpolation
cr:4.04803,iter:39,level:18,rank:0,datasize:15255,operation:Post-smoothing
cr:1.86908,iter:39,level:18,rank:0,datasize:2998,operation:Interpolation
cr:4.5908,iter:39,level:18,rank:0,datasize:17402,operation:Post-smoothing
cr:2.77056,iter:39,level:18,rank:0,datasize:4098,operation:Interpolation
cr:4.24755,iter:39,level:18,rank:0,datasize:16000,operation:Post-smoothing
cr:3.64164,iter:39,level:18,rank:0,datasize:5269,operation:Interpolation
cr:5.33953,iter:39,level:18,rank:0,datasize:12638,operation:Post-smoothing
cr:4.77442,iter:39,level:18,rank:0,datasize:4815,operation:Interpolation
cr:1.06257,iter:39,level:18,rank:0,datasize:10000,operation:Post-smoothing
cr:1.06237,iter:39,level:18,rank:0,datasize:10000,operation:Residual-Norm
cr:1.06237,iter:40,level:0,rank:0,datasize:10000,operation:Pre-Smoothing
cr:1.06281,iter:40,level:0,rank:0,datasize:10000,operation:Residual
cr:771.786,iter:40,level:1,rank:0,datasize:12638,operation:Pre-Smoothing
cr:53.6645,iter:40,level:1,rank:0,datasize:12638,operation:Residual
cr:984.615,iter:40,level:2,rank:0,datasize:16000,operation:Pre-Smoothing
cr:44.7709,iter:40,level:2,rank:0,datasize:16000,operation:Residual
cr:1054.67,iter:40,level:3,rank:0,datasize:17402,operation:Pre-Smoothing
cr:24.6313,iter:40,level:3,rank:0,datasize:17402,operation:Residual
cr:931.603,iter:40,level:4,rank:0,datasize:15255,operation:Pre-Smoothing
cr:16.4231,iter:40,level:4,rank:0,datasize:15255,operation:Residual
cr:743.511,iter:40,level:5,rank:0,datasize:12175,operation:Pre-Smoothing
cr:12.5032,iter:40,level:5,rank:0,datasize:12175,operation:Residual
cr:584.55,iter:40,level:6,rank:0,datasize:9572,operation:Pre-Smoothing
cr:9.66991,iter:40,level:6,rank:0,datasize:9572,operation:Residual
cr:453.953,iter:40,level:7,rank:0,datasize:7320,operation:Pre-Smoothing
cr:7.70932,iter:40,level:7,rank:0,datasize:7320,operation:Residual
cr:346.709,iter:40,level:8,rank:0,datasize:5504,operation:Pre-Smoothing
cr:5.64007,iter:40,level:8,rank:0,datasize:5504,operation:Residual
cr:284.262,iter:40,level:9,rank:0,datasize:3802,operation:Pre-Smoothing
cr:4.6043,iter:40,level:9,rank:0,datasize:3802,operation:Residual
cr:195.589,iter:40,level:10,rank:0,datasize:2616,operation:Pre-Smoothing
cr:3.80163,iter:40,level:10,rank:0,datasize:2616,operation:Residual
cr:125.009,iter:40,level:11,rank:0,datasize:1672,operation:Pre-Smoothing
cr:3.03793,iter:40,level:11,rank:0,datasize:1672,operation:Residual
cr:77.8318,iter:40,level:12,rank:0,datasize:1041,operation:Pre-Smoothing
cr:2.56404,iter:40,level:12,rank:0,datasize:1041,operation:Residual
cr:47.9252,iter:40,level:13,rank:0,datasize:641,operation:Pre-Smoothing
cr:2.31722,iter:40,level:13,rank:0,datasize:641,operation:Residual
cr:25.3204,iter:40,level:14,rank:0,datasize:326,operation:Pre-Smoothing
cr:1.50751,iter:40,level:14,rank:0,datasize:326,operation:Residual
cr:14.019,iter:40,level:15,rank:0,datasize:184,operation:Pre-Smoothing
cr:1.69195,iter:40,level:15,rank:0,datasize:184,operation:Residual
cr:5.67273,iter:40,level:16,rank:0,datasize:78,operation:Pre-Smoothing
cr:1.22593,iter:40,level:16,rank:0,datasize:78,operation:Residual
cr:2.66667,iter:40,level:17,rank:0,datasize:22,operation:Pre-Smoothing
cr:0.761905,iter:40,level:17,rank:0,datasize:22,operation:Residual
cr:0.359551,iter:40,level:18,rank:0,datasize:4,operation:Interpolation
cr:0.755365,iter:40,level:18,rank:0,datasize:22,operation:Post-smoothing
cr:0.55814,iter:40,level:18,rank:0,datasize:9,operation:Interpolation
cr:1.21637,iter:40,level:18,rank:0,datasize:78,operation:Post-smoothing
cr:0.802768,iter:40,level:18,rank:0,datasize:29,operation:Interpolation
cr:1.4676,iter:40,level:18,rank:0,datasize:184,operation:Post-smoothing
cr:0.871671,iter:40,level:18,rank:0,datasize:45,operation:Interpolation
cr:1.31651,iter:40,level:18,rank:0,datasize:326,operation:Post-smoothing
cr:1.00524,iter:40,level:18,rank:0,datasize:72,operation:Interpolation
cr:1.39575,iter:40,level:18,rank:0,datasize:641,operation:Post-smoothing
cr:1.09386,iter:40,level:18,rank:0,datasize:118,operation:Interpolation
cr:1.48185,iter:40,level:18,rank:0,datasize:1041,operation:Post-smoothing
cr:1.018,iter:40,level:18,rank:0,datasize:205,operation:Interpolation
cr:1.61976,iter:40,level:18,rank:0,datasize:1672,operation:Post-smoothing
cr:1.06122,iter:40,level:18,rank:0,datasize:299,operation:Interpolation
cr:2.12015,iter:40,level:18,rank:0,datasize:2616,operation:Post-smoothing
cr:1.07736,iter:40,level:18,rank:0,datasize:470,operation:Interpolation
cr:2.06336,iter:40,level:18,rank:0,datasize:3802,operation:Post-smoothing
SZ is downgraded to lossless mode.
SZ is downgraded to lossless mode.
cr:1.01347,iter:40,level:18,rank:0,datasize:630,operation:Interpolation
cr:2.33964,iter:40,level:18,rank:0,datasize:5504,operation:Post-smoothing
SZ is downgraded to lossless mode.
SZ is downgraded to lossless mode.
cr:1.01971,iter:40,level:18,rank:0,datasize:886,operation:Interpolation
cr:2.55888,iter:40,level:18,rank:0,datasize:7320,operation:Post-smoothing
SZ is downgraded to lossless mode.
cr:1.02407,iter:40,level:18,rank:0,datasize:1271,operation:Interpolation
SZ is downgraded to lossless mode.
cr:3.28822,iter:40,level:18,rank:0,datasize:9572,operation:Post-smoothing
SZ is downgraded to lossless mode.
cr:1.02665,iter:40,level:18,rank:0,datasize:1724,operation:Interpolation
SZ is downgraded to lossless mode.
cr:3.21208,iter:40,level:18,rank:0,datasize:12175,operation:Post-smoothing
SZ is downgraded to lossless mode.
cr:1.02862,iter:40,level:18,rank:0,datasize:2300,operation:Interpolation
cr:3.55232,iter:40,level:18,rank:0,datasize:15255,operation:Post-smoothing
cr:2.2818,iter:40,level:18,rank:0,datasize:2998,operation:Interpolation
cr:4.00956,iter:40,level:18,rank:0,datasize:17402,operation:Post-smoothing
cr:2.88541,iter:40,level:18,rank:0,datasize:4098,operation:Interpolation
cr:4.39666,iter:40,level:18,rank:0,datasize:16000,operation:Post-smoothing
cr:3.22115,iter:40,level:18,rank:0,datasize:5269,operation:Interpolation
cr:5.51547,iter:40,level:18,rank:0,datasize:12638,operation:Post-smoothing
cr:5.04387,iter:40,level:18,rank:0,datasize:4815,operation:Interpolation
cr:1.06222,iter:40,level:18,rank:0,datasize:10000,operation:Post-smoothing
cr:1.06259,iter:40,level:18,rank:0,datasize:10000,operation:Residual-Norm
cr:1.06259,iter:41,level:0,rank:0,datasize:10000,operation:Pre-Smoothing
cr:1.06274,iter:41,level:0,rank:0,datasize:10000,operation:Residual
cr:771.786,iter:41,level:1,rank:0,datasize:12638,operation:Pre-Smoothing
cr:58.1057,iter:41,level:1,rank:0,datasize:12638,operation:Residual
cr:984.615,iter:41,level:2,rank:0,datasize:16000,operation:Pre-Smoothing
cr:49.0234,iter:41,level:2,rank:0,datasize:16000,operation:Residual
cr:1054.67,iter:41,level:3,rank:0,datasize:17402,operation:Pre-Smoothing
cr:26.0851,iter:41,level:3,rank:0,datasize:17402,operation:Residual
cr:931.603,iter:41,level:4,rank:0,datasize:15255,operation:Pre-Smoothing
cr:17.2373,iter:41,level:4,rank:0,datasize:15255,operation:Residual
cr:743.511,iter:41,level:5,rank:0,datasize:12175,operation:Pre-Smoothing
cr:12.9746,iter:41,level:5,rank:0,datasize:12175,operation:Residual
cr:584.55,iter:41,level:6,rank:0,datasize:9572,operation:Pre-Smoothing
cr:10.1735,iter:41,level:6,rank:0,datasize:9572,operation:Residual
cr:453.953,iter:41,level:7,rank:0,datasize:7320,operation:Pre-Smoothing
cr:7.36233,iter:41,level:7,rank:0,datasize:7320,operation:Residual
cr:346.709,iter:41,level:8,rank:0,datasize:5504,operation:Pre-Smoothing
cr:6.45347,iter:41,level:8,rank:0,datasize:5504,operation:Residual
cr:284.262,iter:41,level:9,rank:0,datasize:3802,operation:Pre-Smoothing
cr:4.78766,iter:41,level:9,rank:0,datasize:3802,operation:Residual
cr:195.589,iter:41,level:10,rank:0,datasize:2616,operation:Pre-Smoothing
cr:4.53674,iter:41,level:10,rank:0,datasize:2616,operation:Residual
cr:125.009,iter:41,level:11,rank:0,datasize:1672,operation:Pre-Smoothing
cr:3.15472,iter:41,level:11,rank:0,datasize:1672,operation:Residual
cr:77.8318,iter:41,level:12,rank:0,datasize:1041,operation:Pre-Smoothing
cr:2.67954,iter:41,level:12,rank:0,datasize:1041,operation:Residual
cr:47.9252,iter:41,level:13,rank:0,datasize:641,operation:Pre-Smoothing
cr:1.78552,iter:41,level:13,rank:0,datasize:641,operation:Residual
cr:25.3204,iter:41,level:14,rank:0,datasize:326,operation:Pre-Smoothing
cr:1.4627,iter:41,level:14,rank:0,datasize:326,operation:Residual
cr:14.019,iter:41,level:15,rank:0,datasize:184,operation:Pre-Smoothing
cr:1.7503,iter:41,level:15,rank:0,datasize:184,operation:Residual
cr:5.67273,iter:41,level:16,rank:0,datasize:78,operation:Pre-Smoothing
cr:1.25806,iter:41,level:16,rank:0,datasize:78,operation:Residual
cr:2.66667,iter:41,level:17,rank:0,datasize:22,operation:Pre-Smoothing
cr:0.782222,iter:41,level:17,rank:0,datasize:22,operation:Residual
cr:0.359551,iter:41,level:18,rank:0,datasize:4,operation:Interpolation
cr:0.755365,iter:41,level:18,rank:0,datasize:22,operation:Post-smoothing
cr:0.55814,iter:41,level:18,rank:0,datasize:9,operation:Interpolation
cr:1.21637,iter:41,level:18,rank:0,datasize:78,operation:Post-smoothing
cr:0.828571,iter:41,level:18,rank:0,datasize:29,operation:Interpolation
cr:1.62115,iter:41,level:18,rank:0,datasize:184,operation:Post-smoothing
cr:0.913706,iter:41,level:18,rank:0,datasize:45,operation:Interpolation
cr:1.28917,iter:41,level:18,rank:0,datasize:326,operation:Post-smoothing
cr:0.989691,iter:41,level:18,rank:0,datasize:72,operation:Interpolation
cr:1.44166,iter:41,level:18,rank:0,datasize:641,operation:Post-smoothing
cr:1.09386,iter:41,level:18,rank:0,datasize:118,operation:Interpolation
cr:1.69578,iter:41,level:18,rank:0,datasize:1041,operation:Post-smoothing
cr:1.02244,iter:41,level:18,rank:0,datasize:205,operation:Interpolation
cr:1.76488,iter:41,level:18,rank:0,datasize:1672,operation:Post-smoothing
cr:1.05051,iter:41,level:18,rank:0,datasize:299,operation:Interpolation
cr:1.96655,iter:41,level:18,rank:0,datasize:2616,operation:Post-smoothing
cr:1.06395,iter:41,level:18,rank:0,datasize:470,operation:Interpolation
cr:2.18804,iter:41,level:18,rank:0,datasize:3802,operation:Post-smoothing
SZ is downgraded to lossless mode.
cr:1.01347,iter:41,level:18,rank:0,datasize:630,operation:Interpolation
cr:2.45454,iter:41,level:18,rank:0,datasize:5504,operation:Post-smoothing
SZ is downgraded to lossless mode.
cr:1.02147,iter:41,level:18,rank:0,datasize:886,operation:Interpolation
SZ is downgraded to lossless mode.
cr:3.06806,iter:41,level:18,rank:0,datasize:7320,operation:Post-smoothing
SZ is downgraded to lossless mode.
cr:1.02469,iter:41,level:18,rank:0,datasize:1271,operation:Interpolation
SZ is downgraded to lossless mode.
cr:3.45217,iter:41,level:18,rank:0,datasize:9572,operation:Post-smoothing
SZ is downgraded to lossless mode.
cr:1.02611,iter:41,level:18,rank:0,datasize:1724,operation:Interpolation
SZ is downgraded to lossless mode.
cr:3.35527,iter:41,level:18,rank:0,datasize:12175,operation:Post-smoothing
cr:1.73389,iter:41,level:18,rank:0,datasize:2300,operation:Interpolation
cr:3.62438,iter:41,level:18,rank:0,datasize:15255,operation:Post-smoothing
cr:2.08502,iter:41,level:18,rank:0,datasize:2998,operation:Interpolation
cr:4.79064,iter:41,level:18,rank:0,datasize:17402,operation:Post-smoothing
cr:3.01102,iter:41,level:18,rank:0,datasize:4098,operation:Interpolation
cr:5.3922,iter:41,level:18,rank:0,datasize:16000,operation:Post-smoothing
cr:3.96538,iter:41,level:18,rank:0,datasize:5269,operation:Interpolation
cr:4.79075,iter:41,level:18,rank:0,datasize:12638,operation:Post-smoothing
cr:5.2544,iter:41,level:18,rank:0,datasize:4815,operation:Interpolation
cr:1.06271,iter:41,level:18,rank:0,datasize:10000,operation:Post-smoothing
cr:1.06325,iter:41,level:18,rank:0,datasize:10000,operation:Residual-Norm
cr:1.06325,iter:42,level:0,rank:0,datasize:10000,operation:Pre-Smoothing
cr:1.063,iter:42,level:0,rank:0,datasize:10000,operation:Residual
cr:771.786,iter:42,level:1,rank:0,datasize:12638,operation:Pre-Smoothing
cr:63.19,iter:42,level:1,rank:0,datasize:12638,operation:Residual
cr:984.615,iter:42,level:2,rank:0,datasize:16000,operation:Pre-Smoothing
cr:49.9805,iter:42,level:2,rank:0,datasize:16000,operation:Residual
cr:1054.67,iter:42,level:3,rank:0,datasize:17402,operation:Pre-Smoothing
cr:28.1301,iter:42,level:3,rank:0,datasize:17402,operation:Residual
cr:931.603,iter:42,level:4,rank:0,datasize:15255,operation:Pre-Smoothing
cr:18.3133,iter:42,level:4,rank:0,datasize:15255,operation:Residual
cr:743.511,iter:42,level:5,rank:0,datasize:12175,operation:Pre-Smoothing
cr:13.5655,iter:42,level:5,rank:0,datasize:12175,operation:Residual
cr:584.55,iter:42,level:6,rank:0,datasize:9572,operation:Pre-Smoothing
cr:9.44101,iter:42,level:6,rank:0,datasize:9572,operation:Residual
cr:453.953,iter:42,level:7,rank:0,datasize:7320,operation:Pre-Smoothing
cr:7.64391,iter:42,level:7,rank:0,datasize:7320,operation:Residual
cr:346.709,iter:42,level:8,rank:0,datasize:5504,operation:Pre-Smoothing
cr:6.78773,iter:42,level:8,rank:0,datasize:5504,operation:Residual
cr:284.262,iter:42,level:9,rank:0,datasize:3802,operation:Pre-Smoothing
cr:4.97888,iter:42,level:9,rank:0,datasize:3802,operation:Residual
cr:195.589,iter:42,level:10,rank:0,datasize:2616,operation:Pre-Smoothing
cr:4.10998,iter:42,level:10,rank:0,datasize:2616,operation:Residual
cr:125.009,iter:42,level:11,rank:0,datasize:1672,operation:Pre-Smoothing
cr:3.33483,iter:42,level:11,rank:0,datasize:1672,operation:Residual
cr:77.8318,iter:42,level:12,rank:0,datasize:1041,operation:Pre-Smoothing
cr:2.76494,iter:42,level:12,rank:0,datasize:1041,operation:Residual
cr:47.9252,iter:42,level:13,rank:0,datasize:641,operation:Pre-Smoothing
cr:2.45829,iter:42,level:13,rank:0,datasize:641,operation:Residual
cr:25.3204,iter:42,level:14,rank:0,datasize:326,operation:Pre-Smoothing
cr:1.62594,iter:42,level:14,rank:0,datasize:326,operation:Residual
cr:14.019,iter:42,level:15,rank:0,datasize:184,operation:Pre-Smoothing
cr:1.71163,iter:42,level:15,rank:0,datasize:184,operation:Residual
cr:5.67273,iter:42,level:16,rank:0,datasize:78,operation:Pre-Smoothing
cr:1.2973,iter:42,level:16,rank:0,datasize:78,operation:Residual
cr:2.66667,iter:42,level:17,rank:0,datasize:22,operation:Pre-Smoothing
cr:0.850242,iter:42,level:17,rank:0,datasize:22,operation:Residual
cr:0.359551,iter:42,level:18,rank:0,datasize:4,operation:Interpolation
cr:0.897959,iter:42,level:18,rank:0,datasize:22,operation:Post-smoothing
cr:0.55814,iter:42,level:18,rank:0,datasize:9,operation:Interpolation
cr:1.29461,iter:42,level:18,rank:0,datasize:78,operation:Post-smoothing
cr:0.819788,iter:42,level:18,rank:0,datasize:29,operation:Interpolation
cr:1.6614,iter:42,level:18,rank:0,datasize:184,operation:Post-smoothing
cr:0.911392,iter:42,level:18,rank:0,datasize:45,operation:Interpolation
cr:1.31452,iter:42,level:18,rank:0,datasize:326,operation:Post-smoothing
cr:0.99654,iter:42,level:18,rank:0,datasize:72,operation:Interpolation
cr:1.46097,iter:42,level:18,rank:0,datasize:641,operation:Post-smoothing
cr:1.08881,iter:42,level:18,rank:0,datasize:118,operation:Interpolation
cr:1.58087,iter:42,level:18,rank:0,datasize:1041,operation:Post-smoothing
cr:1.074,iter:42,level:18,rank:0,datasize:205,operation:Interpolation
cr:1.78585,iter:42,level:18,rank:0,datasize:1672,operation:Post-smoothing
cr:1.07699,iter:42,level:18,rank:0,datasize:299,operation:Interpolation
cr:2.04215,iter:42,level:18,rank:0,datasize:2616,operation:Post-smoothing
cr:1.12541,iter:42,level:18,rank:0,datasize:470,operation:Interpolation
cr:2.55618,iter:42,level:18,rank:0,datasize:3802,operation:Post-smoothing
SZ is downgraded to lossless mode.
SZ is downgraded to lossless mode.
cr:1.01327,iter:42,level:18,rank:0,datasize:630,operation:Interpolation
cr:2.54491,iter:42,level:18,rank:0,datasize:5504,operation:Post-smoothing
SZ is downgraded to lossless mode.
cr:1.02044,iter:42,level:18,rank:0,datasize:886,operation:Interpolation
SZ is downgraded to lossless mode.
cr:3.18989,iter:42,level:18,rank:0,datasize:7320,operation:Post-smoothing
SZ is downgraded to lossless mode.
SZ is downgraded to lossless mode.
cr:1.02479,iter:42,level:18,rank:0,datasize:1271,operation:Interpolation
cr:3.09236,iter:42,level:18,rank:0,datasize:9572,operation:Post-smoothing
cr:1.77824,iter:42,level:18,rank:0,datasize:1724,operation:Interpolation
cr:3.49693,iter:42,level:18,rank:0,datasize:12175,operation:Post-smoothing
cr:1.76719,iter:42,level:18,rank:0,datasize:2300,operation:Interpolation
cr:3.87589,iter:42,level:18,rank:0,datasize:15255,operation:Post-smoothing
cr:2.15065,iter:42,level:18,rank:0,datasize:2998,operation:Interpolation
cr:5.04333,iter:42,level:18,rank:0,datasize:17402,operation:Post-smoothing
cr:3.14958,iter:42,level:18,rank:0,datasize:4098,operation:Interpolation
cr:5.85464,iter:42,level:18,rank:0,datasize:16000,operation:Post-smoothing
cr:3.47875,iter:42,level:18,rank:0,datasize:5269,operation:Interpolation
cr:4.9955,iter:42,level:18,rank:0,datasize:12638,operation:Post-smoothing
cr:5.56647,iter:42,level:18,rank:0,datasize:4815,operation:Interpolation
cr:1.06324,iter:42,level:18,rank:0,datasize:10000,operation:Post-smoothing
cr:1.06257,iter:42,level:18,rank:0,datasize:10000,operation:Residual-Norm
cr:1.06257,iter:43,level:0,rank:0,datasize:10000,operation:Pre-Smoothing
cr:1.06291,iter:43,level:0,rank:0,datasize:10000,operation:Residual
cr:771.786,iter:43,level:1,rank:0,datasize:12638,operation:Pre-Smoothing
cr:71.6541,iter:43,level:1,rank:0,datasize:12638,operation:Residual
cr:984.615,iter:43,level:2,rank:0,datasize:16000,operation:Pre-Smoothing
cr:58.5277,iter:43,level:2,rank:0,datasize:16000,operation:Residual
cr:1054.67,iter:43,level:3,rank:0,datasize:17402,operation:Pre-Smoothing
cr:25.1792,iter:43,level:3,rank:0,datasize:17402,operation:Residual
cr:931.603,iter:43,level:4,rank:0,datasize:15255,operation:Pre-Smoothing
cr:19.6934,iter:43,level:4,rank:0,datasize:15255,operation:Residual
cr:743.511,iter:43,level:5,rank:0,datasize:12175,operation:Pre-Smoothing
cr:14.2003,iter:43,level:5,rank:0,datasize:12175,operation:Residual
cr:584.55,iter:43,level:6,rank:0,datasize:9572,operation:Pre-Smoothing
cr:10.9441,iter:43,level:6,rank:0,datasize:9572,operation:Residual
cr:453.953,iter:43,level:7,rank:0,datasize:7320,operation:Pre-Smoothing
cr:8.52278,iter:43,level:7,rank:0,datasize:7320,operation:Residual
cr:346.709,iter:43,level:8,rank:0,datasize:5504,operation:Pre-Smoothing
cr:6.20519,iter:43,level:8,rank:0,datasize:5504,operation:Residual
cr:284.262,iter:43,level:9,rank:0,datasize:3802,operation:Pre-Smoothing
cr:5.0291,iter:43,level:9,rank:0,datasize:3802,operation:Residual
cr:195.589,iter:43,level:10,rank:0,datasize:2616,operation:Pre-Smoothing
cr:4.25625,iter:43,level:10,rank:0,datasize:2616,operation:Residual
cr:125.009,iter:43,level:11,rank:0,datasize:1672,operation:Pre-Smoothing
cr:3.41312,iter:43,level:11,rank:0,datasize:1672,operation:Residual
cr:77.8318,iter:43,level:12,rank:0,datasize:1041,operation:Pre-Smoothing
cr:2.65223,iter:43,level:12,rank:0,datasize:1041,operation:Residual
cr:47.9252,iter:43,level:13,rank:0,datasize:641,operation:Pre-Smoothing
cr:1.96325,iter:43,level:13,rank:0,datasize:641,operation:Residual
cr:25.3204,iter:43,level:14,rank:0,datasize:326,operation:Pre-Smoothing
cr:1.59608,iter:43,level:14,rank:0,datasize:326,operation:Residual
cr:14.019,iter:43,level:15,rank:0,datasize:184,operation:Pre-Smoothing
cr:1.8377,iter:43,level:15,rank:0,datasize:184,operation:Residual
cr:5.67273,iter:43,level:16,rank:0,datasize:78,operation:Pre-Smoothing
cr:1.31092,iter:43,level:16,rank:0,datasize:78,operation:Residual
cr:2.66667,iter:43,level:17,rank:0,datasize:22,operation:Pre-Smoothing
cr:0.826291,iter:43,level:17,rank:0,datasize:22,operation:Residual
cr:0.359551,iter:43,level:18,rank:0,datasize:4,operation:Interpolation
cr:0.792793,iter:43,level:18,rank:0,datasize:22,operation:Post-smoothing
cr:0.55814,iter:43,level:18,rank:0,datasize:9,operation:Interpolation
cr:1.27607,iter:43,level:18,rank:0,datasize:78,operation:Post-smoothing
cr:0.802768,iter:43,level:18,rank:0,datasize:29,operation:Interpolation
cr:1.76711,iter:43,level:18,rank:0,datasize:184,operation:Post-smoothing
cr:0.944882,iter:43,level:18,rank:0,datasize:45,operation:Interpolation
cr:1.41049,iter:43,level:18,rank:0,datasize:326,operation:Post-smoothing
cr:1.01053,iter:43,level:18,rank:0,datasize:72,operation:Interpolation
cr:1.67746,iter:43,level:18,rank:0,datasize:641,operation:Post-smoothing
cr:1.12114,iter:43,level:18,rank:0,datasize:118,operation:Interpolation
cr:1.86643,iter:43,level:18,rank:0,datasize:1041,operation:Post-smoothing
cr:1.11186,iter:43,level:18,rank:0,datasize:205,operation:Interpolation
cr:1.90324,iter:43,level:18,rank:0,datasize:1672,operation:Post-smoothing
cr:1.16229,iter:43,level:18,rank:0,datasize:299,operation:Interpolation
cr:2.36368,iter:43,level:18,rank:0,datasize:2616,operation:Post-smoothing
cr:1.17942,iter:43,level:18,rank:0,datasize:470,operation:Interpolation
cr:2.35838,iter:43,level:18,rank:0,datasize:3802,operation:Post-smoothing
cr:1.23197,iter:43,level:18,rank:0,datasize:630,operation:Interpolation
cr:3.05015,iter:43,level:18,rank:0,datasize:5504,operation:Post-smoothing
SZ is downgraded to lossless mode.
cr:1.01971,iter:43,level:18,rank:0,datasize:886,operation:Interpolation
SZ is downgraded to lossless mode.
cr:2.83748,iter:43,level:18,rank:0,datasize:7320,operation:Post-smoothing
SZ is downgraded to lossless mode.
cr:1.0249,iter:43,level:18,rank:0,datasize:1271,operation:Interpolation
SZ is downgraded to lossless mode.
cr:3.20348,iter:43,level:18,rank:0,datasize:9572,operation:Post-smoothing
cr:1.64681,iter:43,level:18,rank:0,datasize:1724,operation:Interpolation
cr:3.62216,iter:43,level:18,rank:0,datasize:12175,operation:Post-smoothing
cr:1.85953,iter:43,level:18,rank:0,datasize:2300,operation:Interpolation
cr:4.67031,iter:43,level:18,rank:0,datasize:15255,operation:Post-smoothing
cr:2.26051,iter:43,level:18,rank:0,datasize:2998,operation:Interpolation
cr:4.39958,iter:43,level:18,rank:0,datasize:17402,operation:Post-smoothing
cr:2.54218,iter:43,level:18,rank:0,datasize:4098,operation:Interpolation
cr:6.10571,iter:43,level:18,rank:0,datasize:16000,operation:Post-smoothing
cr:3.55773,iter:43,level:18,rank:0,datasize:5269,operation:Interpolation
cr:5.21182,iter:43,level:18,rank:0,datasize:12638,operation:Post-smoothing
cr:5.66554,iter:43,level:18,rank:0,datasize:4815,operation:Interpolation
cr:1.06309,iter:43,level:18,rank:0,datasize:10000,operation:Post-smoothing
cr:1.06315,iter:43,level:18,rank:0,datasize:10000,operation:Residual-Norm
Total iterations is: 44
Res[0] = 1.000000e+00
Res[1] = 1.149876e-01
Res[2] = 2.039401e-02
Res[3] = 4.731014e-03
Res[4] = 1.589006e-03
Res[5] = 7.118826e-04
Res[6] = 3.714805e-04
Res[7] = 2.121270e-04
Res[8] = 1.291896e-04
Res[9] = 8.275574e-05
Res[10] = 5.524380e-05
Res[11] = 3.816929e-05
Res[12] = 2.715062e-05
Res[13] = 1.979832e-05
Res[14] = 1.474843e-05
Res[15] = 1.119128e-05
Res[16] = 8.629536e-06
Res[17] = 6.748289e-06
Res[18] = 5.342710e-06
Res[19] = 4.276303e-06
Res[20] = 3.456088e-06
Res[21] = 2.817474e-06
Res[22] = 2.314762e-06
Res[23] = 1.915103e-06
Res[24] = 1.594516e-06
Res[25] = 1.335264e-06
Res[26] = 1.124059e-06
Res[27] = 9.508272e-07
Res[28] = 8.078636e-07
Res[29] = 6.892051e-07
Res[30] = 5.901997e-07
Res[31] = 5.071932e-07
Res[32] = 4.372848e-07
Res[33] = 3.781607e-07
Res[34] = 3.279615e-07
Res[35] = 2.851862e-07
Res[36] = 2.486099e-07
Res[37] = 2.172361e-07
Res[38] = 1.902417e-07
Res[39] = 1.669511e-07
Res[40] = 1.468032e-07
Res[41] = 1.293246e-07
Res[42] = 1.141357e-07
Res[43] = 1.008970e-07
Res[44] = 8.933706e-08
Raptor AMG Matrix Grid Time: 2.542422e+02
Raptor AMG Setup Time: 2.184038e+03
Raptor AMG Solve Time: 3.971245e+03
Total iterations is: 44
