-- Configuring done (5.6s)
-- Generating done (12.0s)
-- Build files have been written to: /home/bigyang/amg-compress/raptor-compress/build
[  1%] Built target gtest
[  6%] Built target gtest_main
[  7%] Built target gmock
[ 26%] Built target gmock_main
[ 26%] Built target raptor
[ 45%] Built target test_par_scale_aniso
[ 45%] Built target test_tap_spmv_random
[ 45%] Built target test_par_add
[ 57%] Built target test_tap_splitting
[ 57%] Built target test_par_matrix
[ 57%] Built target test_spmv_random
[ 57%] Built target test_spmv_laplacian
[ 57%] Built target test_par_transpose
[ 45%] Built target test_tap_spmv_laplacian
[ 45%] Built target test_par_interpolation
[ 57%] Built target test_strength
[ 45%] Built target test_par_comm
[ 45%] Built target test_interpolation
[ 45%] Built target test_par_block_conversion
[ 45%] Built target test_splitting
[ 45%] Built target test_matrix
[ 57%] Built target test_transpose
[ 45%] Built target test_par_vector
[ 49%] Built target test_tap_comm
[ 45%] Built target test_tap_spmv_aniso
[ 45%] Built target test_repartition
[ 45%] Built target test_spmv_aniso
[ 45%] Built target test_ruge_stuben
[ 45%] Built target test_par_rap
[ 57%] Built target test_tap_rap
[ 57%] Built target test_par_block_matrix
[ 57%] Built target test_par_spmv_laplacian
[ 45%] Built target test_par_strength
[ 57%] Built target test_par_splitting
[ 57%] Built target test_rap
[ 45%] Built target test_par_spmv_aniso
[ 45%] Built target test_par_spmv_random
[ 58%] Built target test_tap_interpolation
[ 60%] Built target test_prolongation
[ 60%] Built target test_par_ruge_stuben
[ 65%] Built target test_par_prolongation
[ 65%] Built target test_par_smoothed_aggregation
[ 65%] Built target test_cg
[ 65%] Built target test_tap_candidates
[ 84%] Built target test_aniso
[ 65%] Built target test_candidates
[ 65%] Built target test_par_aggregate
[ 65%] Built target test_par_bicgstab
[ 65%] Built target test_par_cg
[ 88%] Built target test_bicgstab
[ 88%] Built target matop_example
[ 85%] Built target test_aggregate
[ 85%] Built target test_stencil
[ 85%] Built target test_matrix_market
[ 85%] Built target test_smoothed_aggregation
[ 85%] Built target example
[ 85%] Built target test_par_amg
[ 85%] Built target test_amg
[ 85%] Built target test_par_mis
[ 85%] Built target test_par_aniso
[ 85%] Built target test_tap_mis
[ 85%] Built target test_tap_ruge_stuben
[ 88%] Built target coo_example
[ 85%] Built target test_tap_prolongation
[ 85%] Built target test_mis
[ 85%] Built target test_par_matrix_market
[ 88%] Built target benchmark_setup
[ 85%] Built target test_laplacian
[ 85%] Built target test_par_laplacian
[ 85%] Built target test_par_candidates
[ 85%] Built target benchmark_spmv
[ 85%] Built target test_tap_aggregate
[ 89%] Built target csr_example
[ 91%] Built target benchmark_solve
[ 91%] Built target benchmark_reader
[ 97%] Built target benchmark_amg
[ 97%] Built target profile_tap_spgemm
[100%] Built target benchmark_tap_spgemm
[100%] Built target profile_tap_steps
[100%] Built target profile_tap_sas
[ 97%] Built target benchmark_tap_spmv
[ 97%] Built target profile_tap_amg
[ 97%] Built target benchmark_setup_sweeps
[ 97%] Built target profile_tap_rss
[100%] Built target model_tap_steps
  argv[1] = 1e-7
  argv[2] = 1e-7
  argv[3] = 1
  argv[4] = 5000
  argv[1] = 1e-7
  argv[2] = 1e-7
  argv[3] = 1
  argv[4] = 5000
N is>>>>>5000
N is>>>>>5000
Level	NumRows	NNZ
-----	-------	---
0	25000000	224940004
1	15209989	227617799
2	8951587	223805313
3	4306202	144560508
4	2083814	81041174
5	989427	41965029
6	466241	20756659
7	217171	9925063
8	99299	4577111
9	43938	1997210
10	18563	812489
11	7407	303951
12	2799	104751
13	1000	32185
14	352	9376
15	125	2407
16	40	446
Time:0.0102735,bytes:40000,bandwidth:3.89351e+06
cr:314.961,iter:0,level:0,rank:0,datasize:5000,operation:
Time:0.00233166,bytes:40000,bandwidth:1.71551e+07
cr:314.961,iter:0,level:0,rank:0,datasize:5000,operation:Pre-Smoothing
Time:0.00751141,bytes:40000,bandwidth:5.32524e+06
cr:1.04572,iter:0,level:0,rank:0,datasize:5000,operation:Residual
Time:0.00249186,bytes:50808,bandwidth:2.03896e+07
cr:390.831,iter:0,level:1,rank:0,datasize:6351,operation:Pre-Smoothing
Time:0.0113292,bytes:50808,bandwidth:4.4847e+06
cr:1.04593,iter:0,level:1,rank:0,datasize:6351,operation:Residual
Time:0.00287495,bytes:64032,bandwidth:2.22724e+07
cr:492.554,iter:0,level:2,rank:0,datasize:8004,operation:Pre-Smoothing
SZ is downgraded to lossless mode.
SZ is downgraded to lossless mode.
Time:0.0444102,bytes:64032,bandwidth:1.44183e+06
cr:1.04563,iter:0,level:2,rank:0,datasize:8004,operation:Residual
Time:0.00296301,bytes:70008,bandwidth:2.36273e+07
cr:534.412,iter:0,level:3,rank:0,datasize:8751,operation:Pre-Smoothing
SZ is downgraded to lossless mode.
SZ is downgraded to lossless mode.
Time:0.0146902,bytes:70008,bandwidth:4.76564e+06
cr:1.04524,iter:0,level:3,rank:0,datasize:8751,operation:Residual
Time:0.00266895,bytes:61032,bandwidth:2.28674e+07
cr:469.477,iter:0,level:4,rank:0,datasize:7629,operation:Pre-Smoothing
SZ is downgraded to lossless mode.
SZ is downgraded to lossless mode.
Time:0.0129722,bytes:61032,bandwidth:4.70484e+06
cr:1.04498,iter:0,level:4,rank:0,datasize:7629,operation:Residual
Time:0.00230578,bytes:49304,bandwidth:2.13827e+07
cr:379.262,iter:0,level:5,rank:0,datasize:6163,operation:Pre-Smoothing
SZ is downgraded to lossless mode.
SZ is downgraded to lossless mode.
Time:0.0118124,bytes:49304,bandwidth:4.17393e+06
cr:1.04506,iter:0,level:5,rank:0,datasize:6163,operation:Residual
Time:0.00222942,bytes:38856,bandwidth:1.74287e+07
cr:303.562,iter:0,level:6,rank:0,datasize:4857,operation:Pre-Smoothing
SZ is downgraded to lossless mode.
SZ is downgraded to lossless mode.
Time:0.0112618,bytes:38856,bandwidth:3.45025e+06
cr:1.04466,iter:0,level:6,rank:0,datasize:4857,operation:Residual
Time:0.000831046,bytes:30080,bandwidth:3.61953e+07
cr:281.121,iter:0,level:7,rank:0,datasize:3760,operation:Pre-Smoothing
SZ is downgraded to lossless mode.
SZ is downgraded to lossless mode.
Time:0.0123559,bytes:30080,bandwidth:2.43447e+06
cr:1.04372,iter:0,level:7,rank:0,datasize:3760,operation:Residual
Time:0.000685681,bytes:22464,bandwidth:3.27616e+07
cr:209.944,iter:0,level:8,rank:0,datasize:2808,operation:Pre-Smoothing
SZ is downgraded to lossless mode.
SZ is downgraded to lossless mode.
Time:0.0103313,bytes:22464,bandwidth:2.17436e+06
cr:1.04406,iter:0,level:8,rank:0,datasize:2808,operation:Residual
Time:0.000576448,bytes:15480,bandwidth:2.68541e+07
cr:144.673,iter:0,level:9,rank:0,datasize:1935,operation:Pre-Smoothing
SZ is downgraded to lossless mode.
SZ is downgraded to lossless mode.
Time:0.00974817,bytes:15480,bandwidth:1.58799e+06
cr:1.04179,iter:0,level:9,rank:0,datasize:1935,operation:Residual
Time:0.000427046,bytes:10424,bandwidth:2.44095e+07
cr:97.4206,iter:0,level:10,rank:0,datasize:1303,operation:Pre-Smoothing
SZ is downgraded to lossless mode.
SZ is downgraded to lossless mode.
Time:0.00954347,bytes:10424,bandwidth:1.09227e+06
cr:1.03814,iter:0,level:10,rank:0,datasize:1303,operation:Residual
Time:0.000351786,bytes:6616,bandwidth:1.88069e+07
cr:61.8318,iter:0,level:11,rank:0,datasize:827,operation:Pre-Smoothing
SZ is downgraded to lossless mode.
SZ is downgraded to lossless mode.
Time:0.00989224,bytes:6616,bandwidth:668807
cr:1.03133,iter:0,level:11,rank:0,datasize:827,operation:Residual
Time:0.000358554,bytes:4040,bandwidth:1.12675e+07
cr:39.2233,iter:0,level:12,rank:0,datasize:505,operation:Pre-Smoothing
Time:0.00845709,bytes:4040,bandwidth:477706
cr:1.02098,iter:0,level:12,rank:0,datasize:505,operation:Residual
Time:0.00028951,bytes:2320,bandwidth:8.01354e+06
cr:22.5243,iter:0,level:13,rank:0,datasize:290,operation:Pre-Smoothing
Time:0.00549596,bytes:2320,bandwidth:422128
cr:1.01222,iter:0,level:13,rank:0,datasize:290,operation:Residual
Time:0.000104958,bytes:1160,bandwidth:1.1052e+07
cr:10.5455,iter:0,level:14,rank:0,datasize:145,operation:Pre-Smoothing
Time:0.00119593,bytes:1160,bandwidth:969956
cr:0.971524,iter:0,level:14,rank:0,datasize:145,operation:Residual
Time:9.0085e-05,bytes:464,bandwidth:5.15069e+06
cr:4.21818,iter:0,level:15,rank:0,datasize:58,operation:Pre-Smoothing
Time:0.0011723,bytes:464,bandwidth:395804
cr:0.888889,iter:0,level:15,rank:0,datasize:58,operation:Residual
Time:7.5398e-05,bytes:56,bandwidth:742725
cr:0.495575,iter:0,level:16,rank:0,datasize:7,operation:Interpolation
Time:0.00146202,bytes:464,bandwidth:317370
cr:0.888889,iter:0,level:16,rank:0,datasize:58,operation:Post-smoothing
Time:0.00132129,bytes:200,bandwidth:151368
cr:0.77821,iter:0,level:16,rank:0,datasize:25,operation:Interpolation
Time:0.00130493,bytes:1160,bandwidth:888939
cr:0.976431,iter:0,level:16,rank:0,datasize:145,operation:Post-smoothing
Time:0.00109663,bytes:264,bandwidth:240737
cr:0.819876,iter:0,level:16,rank:0,datasize:33,operation:Interpolation
Time:0.00178235,bytes:2320,bandwidth:1.30165e+06
cr:1.04083,iter:0,level:16,rank:0,datasize:290,operation:Post-smoothing
Time:0.00105852,bytes:440,bandwidth:415676
cr:0.883534,iter:0,level:16,rank:0,datasize:55,operation:Interpolation
Time:0.00277983,bytes:4040,bandwidth:1.45332e+06
cr:1.06512,iter:0,level:16,rank:0,datasize:505,operation:Post-smoothing
Time:0.00121355,bytes:728,bandwidth:599892
cr:0.926209,iter:0,level:16,rank:0,datasize:91,operation:Interpolation
Time:0.00707023,bytes:6616,bandwidth:935755
cr:1.07577,iter:0,level:16,rank:0,datasize:827,operation:Post-smoothing
Time:0.00119549,bytes:1136,bandwidth:950236
cr:0.986968,iter:0,level:16,rank:0,datasize:142,operation:Interpolation
Time:0.00330134,bytes:10424,bandwidth:3.1575e+06
cr:1.08032,iter:0,level:16,rank:0,datasize:1303,operation:Post-smoothing
Time:0.0057623,bytes:1744,bandwidth:302657
cr:1.02347,iter:0,level:16,rank:0,datasize:218,operation:Interpolation
Time:0.00847685,bytes:15480,bandwidth:1.82615e+06
cr:1.07875,iter:0,level:16,rank:0,datasize:1935,operation:Post-smoothing
Time:0.0029565,bytes:2672,bandwidth:903770
cr:1.04538,iter:0,level:16,rank:0,datasize:334,operation:Interpolation
Time:0.00282051,bytes:22464,bandwidth:7.96452e+06
cr:1.0787,iter:0,level:16,rank:0,datasize:2808,operation:Post-smoothing
Time:0.00705449,bytes:3768,bandwidth:534128
cr:1.05281,iter:0,level:16,rank:0,datasize:471,operation:Interpolation
SZ is downgraded to lossless mode.
Time:0.00629575,bytes:30080,bandwidth:4.77782e+06
cr:1.0779,iter:0,level:16,rank:0,datasize:3760,operation:Post-smoothing
Time:0.00258838,bytes:4936,bandwidth:1.90699e+06
cr:1.06059,iter:0,level:16,rank:0,datasize:617,operation:Interpolation
SZ is downgraded to lossless mode.
Time:0.00408785,bytes:38856,bandwidth:9.50523e+06
cr:1.07655,iter:0,level:16,rank:0,datasize:4857,operation:Post-smoothing
SZ is downgraded to lossless mode.
Time:0.00350049,bytes:6584,bandwidth:1.88088e+06
cr:1.06125,iter:0,level:16,rank:0,datasize:823,operation:Interpolation
SZ is downgraded to lossless mode.
Time:0.00440675,bytes:49304,bandwidth:1.11883e+07
cr:1.07362,iter:0,level:16,rank:0,datasize:6163,operation:Post-smoothing
SZ is downgraded to lossless mode.
Time:0.00185695,bytes:9280,bandwidth:4.99745e+06
cr:1.06446,iter:0,level:16,rank:0,datasize:1160,operation:Interpolation
SZ is downgraded to lossless mode.
SZ is downgraded to lossless mode.
Time:0.0119971,bytes:61032,bandwidth:5.08724e+06
cr:1.07134,iter:0,level:16,rank:0,datasize:7629,operation:Post-smoothing
Time:0.00844594,bytes:12120,bandwidth:1.43501e+06
cr:1.06447,iter:0,level:16,rank:0,datasize:1515,operation:Interpolation
SZ is downgraded to lossless mode.
Time:0.0089227,bytes:70008,bandwidth:7.84606e+06
cr:1.06816,iter:0,level:16,rank:0,datasize:8751,operation:Post-smoothing
SZ is downgraded to lossless mode.
Time:0.00536399,bytes:16832,bandwidth:3.13796e+06
cr:1.0637,iter:0,level:16,rank:0,datasize:2104,operation:Interpolation
SZ is downgraded to lossless mode.
SZ is downgraded to lossless mode.
Time:0.0105271,bytes:64032,bandwidth:6.08257e+06
cr:1.06624,iter:0,level:16,rank:0,datasize:8004,operation:Post-smoothing
Time:0.00767583,bytes:21296,bandwidth:2.77442e+06
cr:1.06294,iter:0,level:16,rank:0,datasize:2662,operation:Interpolation
Time:0.00890259,bytes:50808,bandwidth:5.7071e+06
cr:1.06075,iter:0,level:16,rank:0,datasize:6351,operation:Post-smoothing
Time:0.00313609,bytes:19664,bandwidth:6.27023e+06
cr:1.05777,iter:0,level:16,rank:0,datasize:2458,operation:Interpolation
Time:0.00956557,bytes:40000,bandwidth:4.18166e+06
cr:1.05092,iter:0,level:16,rank:0,datasize:5000,operation:Post-smoothing
Time:0.00454573,bytes:40000,bandwidth:8.79946e+06
cr:1.05144,iter:0,level:16,rank:0,datasize:5000,operation:Residual-Norm
Time:0.00451383,bytes:40000,bandwidth:8.86165e+06
cr:1.05144,iter:1,level:0,rank:0,datasize:5000,operation:Pre-Smoothing
Time:0.00312108,bytes:40000,bandwidth:1.28161e+07
cr:1.04995,iter:1,level:0,rank:0,datasize:5000,operation:Residual
Time:0.00258255,bytes:50808,bandwidth:1.96736e+07
cr:390.831,iter:1,level:1,rank:0,datasize:6351,operation:Pre-Smoothing
SZ is downgraded to lossless mode.
SZ is downgraded to lossless mode.
Time:0.0126771,bytes:50808,bandwidth:4.00785e+06
cr:1.04455,iter:1,level:1,rank:0,datasize:6351,operation:Residual
Time:0.00286893,bytes:64032,bandwidth:2.23191e+07
cr:492.554,iter:1,level:2,rank:0,datasize:8004,operation:Pre-Smoothing
SZ is downgraded to lossless mode.
Time:0.0134076,bytes:64032,bandwidth:4.77581e+06
cr:1.04464,iter:1,level:2,rank:0,datasize:8004,operation:Residual
SZ is downgraded to lossless mode.
Time:0.00290967,bytes:70008,bandwidth:2.40605e+07
cr:534.412,iter:1,level:3,rank:0,datasize:8751,operation:Pre-Smoothing
SZ is downgraded to lossless mode.
Time:0.0140467,bytes:70008,bandwidth:4.98394e+06
cr:1.04479,iter:1,level:3,rank:0,datasize:8751,operation:Residual
SZ is downgraded to lossless mode.
Time:0.00267549,bytes:61032,bandwidth:2.28115e+07
cr:469.477,iter:1,level:4,rank:0,datasize:7629,operation:Pre-Smoothing
SZ is downgraded to lossless mode.
Time:0.0130897,bytes:61032,bandwidth:4.66261e+06
cr:1.04523,iter:1,level:4,rank:0,datasize:7629,operation:Residual
SZ is downgraded to lossless mode.
Time:0.00236467,bytes:49304,bandwidth:2.08502e+07
cr:379.262,iter:1,level:5,rank:0,datasize:6163,operation:Pre-Smoothing
SZ is downgraded to lossless mode.
SZ is downgraded to lossless mode.
Time:0.0128538,bytes:49304,bandwidth:3.83574e+06
cr:1.04526,iter:1,level:5,rank:0,datasize:6163,operation:Residual
Time:0.00224564,bytes:38856,bandwidth:1.73029e+07
cr:303.562,iter:1,level:6,rank:0,datasize:4857,operation:Pre-Smoothing
SZ is downgraded to lossless mode.
SZ is downgraded to lossless mode.
Time:0.0125533,bytes:38856,bandwidth:3.09529e+06
cr:1.04443,iter:1,level:6,rank:0,datasize:4857,operation:Residual
Time:0.000794455,bytes:30080,bandwidth:3.78624e+07
cr:281.121,iter:1,level:7,rank:0,datasize:3760,operation:Pre-Smoothing
SZ is downgraded to lossless mode.
Time:0.0111276,bytes:30080,bandwidth:2.70319e+06
cr:1.04321,iter:1,level:7,rank:0,datasize:3760,operation:Residual
SZ is downgraded to lossless mode.
Time:0.000616877,bytes:22464,bandwidth:3.64157e+07
cr:209.944,iter:1,level:8,rank:0,datasize:2808,operation:Pre-Smoothing
SZ is downgraded to lossless mode.
SZ is downgraded to lossless mode.
Time:0.0113143,bytes:22464,bandwidth:1.98544e+06
cr:1.04314,iter:1,level:8,rank:0,datasize:2808,operation:Residual
Time:0.000582933,bytes:15480,bandwidth:2.65554e+07
cr:144.673,iter:1,level:9,rank:0,datasize:1935,operation:Pre-Smoothing
SZ is downgraded to lossless mode.
SZ is downgraded to lossless mode.
Time:0.0105893,bytes:15480,bandwidth:1.46186e+06
cr:1.0406,iter:1,level:9,rank:0,datasize:1935,operation:Residual
Time:0.000434109,bytes:10424,bandwidth:2.40124e+07
cr:97.4206,iter:1,level:10,rank:0,datasize:1303,operation:Pre-Smoothing
SZ is downgraded to lossless mode.
Time:0.00707553,bytes:10424,bandwidth:1.47325e+06
cr:1.03856,iter:1,level:10,rank:0,datasize:1303,operation:Residual
SZ is downgraded to lossless mode.
Time:0.000371317,bytes:6616,bandwidth:1.78177e+07
cr:61.8318,iter:1,level:11,rank:0,datasize:827,operation:Pre-Smoothing
SZ is downgraded to lossless mode.
SZ is downgraded to lossless mode.
Time:0.00989006,bytes:6616,bandwidth:668954
cr:1.0323,iter:1,level:11,rank:0,datasize:827,operation:Residual
Time:0.000314381,bytes:4040,bandwidth:1.28506e+07
cr:39.2233,iter:1,level:12,rank:0,datasize:505,operation:Pre-Smoothing
SZ is downgraded to lossless mode.
Time:0.00833431,bytes:4040,bandwidth:484743
cr:1.02382,iter:1,level:12,rank:0,datasize:505,operation:Residual
SZ is downgraded to lossless mode.
Time:0.000290736,bytes:2320,bandwidth:7.97975e+06
cr:22.5243,iter:1,level:13,rank:0,datasize:290,operation:Pre-Smoothing
Time:0.0089151,bytes:2320,bandwidth:260233
cr:1.01399,iter:1,level:13,rank:0,datasize:290,operation:Residual
Time:0.000109462,bytes:1160,bandwidth:1.05973e+07
cr:10.5455,iter:1,level:14,rank:0,datasize:145,operation:Pre-Smoothing
Time:0.00125726,bytes:1160,bandwidth:922638
cr:0.973971,iter:1,level:14,rank:0,datasize:145,operation:Residual
Time:0.000111106,bytes:464,bandwidth:4.17619e+06
cr:4.21818,iter:1,level:15,rank:0,datasize:58,operation:Pre-Smoothing
Time:0.00129197,bytes:464,bandwidth:359142
cr:0.888889,iter:1,level:15,rank:0,datasize:58,operation:Residual
Time:0.00108494,bytes:56,bandwidth:51615.6
cr:0.495575,iter:1,level:16,rank:0,datasize:7,operation:Interpolation
Time:0.00124786,bytes:464,bandwidth:371838
cr:0.888889,iter:1,level:16,rank:0,datasize:58,operation:Post-smoothing
Time:0.00118776,bytes:200,bandwidth:168384
cr:0.77821,iter:1,level:16,rank:0,datasize:25,operation:Interpolation
Time:0.00125198,bytes:1160,bandwidth:926533
cr:0.976431,iter:1,level:16,rank:0,datasize:145,operation:Post-smoothing
Time:0.00120158,bytes:264,bandwidth:219711
cr:0.819876,iter:1,level:16,rank:0,datasize:33,operation:Interpolation
Time:0.0085328,bytes:2320,bandwidth:271892
cr:1.03249,iter:1,level:16,rank:0,datasize:290,operation:Post-smoothing
Time:0.00113107,bytes:440,bandwidth:389013
cr:0.883534,iter:1,level:16,rank:0,datasize:55,operation:Interpolation
Time:0.00904067,bytes:4040,bandwidth:446870
cr:1.05566,iter:1,level:16,rank:0,datasize:505,operation:Post-smoothing
Time:0.00126308,bytes:728,bandwidth:576368
cr:0.926209,iter:1,level:16,rank:0,datasize:91,operation:Interpolation
Time:0.00652916,bytes:6616,bandwidth:1.0133e+06
cr:1.06521,iter:1,level:16,rank:0,datasize:827,operation:Post-smoothing
Time:0.00122365,bytes:1136,bandwidth:928369
cr:0.981002,iter:1,level:16,rank:0,datasize:142,operation:Interpolation
SZ is downgraded to lossless mode.
SZ is downgraded to lossless mode.
Time:0.00409808,bytes:10424,bandwidth:2.54363e+06
cr:1.07001,iter:1,level:16,rank:0,datasize:1303,operation:Post-smoothing
Time:0.00734997,bytes:1744,bandwidth:237280
cr:1.01513,iter:1,level:16,rank:0,datasize:218,operation:Interpolation
SZ is downgraded to lossless mode.
Time:0.00793447,bytes:15480,bandwidth:1.95098e+06
cr:1.07187,iter:1,level:16,rank:0,datasize:1935,operation:Post-smoothing
SZ is downgraded to lossless mode.
Time:0.00355988,bytes:2672,bandwidth:750588
cr:1.03366,iter:1,level:16,rank:0,datasize:334,operation:Interpolation
SZ is downgraded to lossless mode.
Time:0.00830669,bytes:22464,bandwidth:2.70433e+06
cr:1.07278,iter:1,level:16,rank:0,datasize:2808,operation:Post-smoothing
SZ is downgraded to lossless mode.
Time:0.00744881,bytes:3768,bandwidth:505853
cr:1.04871,iter:1,level:16,rank:0,datasize:471,operation:Interpolation
SZ is downgraded to lossless mode.
SZ is downgraded to lossless mode.
Time:0.00984316,bytes:30080,bandwidth:3.05593e+06
cr:1.07199,iter:1,level:16,rank:0,datasize:3760,operation:Post-smoothing
Time:0.00319167,bytes:4936,bandwidth:1.54652e+06
cr:1.05358,iter:1,level:16,rank:0,datasize:617,operation:Interpolation
SZ is downgraded to lossless mode.
Time:0.0101215,bytes:38856,bandwidth:3.83897e+06
cr:1.07091,iter:1,level:16,rank:0,datasize:4857,operation:Post-smoothing
SZ is downgraded to lossless mode.
Time:0.00307787,bytes:6584,bandwidth:2.13914e+06
cr:1.05665,iter:1,level:16,rank:0,datasize:823,operation:Interpolation
SZ is downgraded to lossless mode.
Time:0.00964274,bytes:49304,bandwidth:5.11307e+06
cr:1.07008,iter:1,level:16,rank:0,datasize:6163,operation:Post-smoothing
SZ is downgraded to lossless mode.
Time:0.00268623,bytes:9280,bandwidth:3.45466e+06
cr:1.06057,iter:1,level:16,rank:0,datasize:1160,operation:Interpolation
SZ is downgraded to lossless mode.
SZ is downgraded to lossless mode.
Time:0.0158294,bytes:61032,bandwidth:3.85562e+06
cr:1.06892,iter:1,level:16,rank:0,datasize:7629,operation:Post-smoothing
Time:0.00833177,bytes:12120,bandwidth:1.45467e+06
cr:1.06334,iter:1,level:16,rank:0,datasize:1515,operation:Interpolation
SZ is downgraded to lossless mode.
SZ is downgraded to lossless mode.
Time:0.0111253,bytes:70008,bandwidth:6.29268e+06
cr:1.06698,iter:1,level:16,rank:0,datasize:8751,operation:Post-smoothing
Time:0.00562181,bytes:16832,bandwidth:2.99405e+06
cr:1.06336,iter:1,level:16,rank:0,datasize:2104,operation:Interpolation
SZ is downgraded to lossless mode.
SZ is downgraded to lossless mode.
Time:0.0122311,bytes:64032,bandwidth:5.23516e+06
cr:1.06615,iter:1,level:16,rank:0,datasize:8004,operation:Post-smoothing
SZ is downgraded to lossless mode.
Time:0.0107947,bytes:21296,bandwidth:1.97281e+06
cr:1.06236,iter:1,level:16,rank:0,datasize:2662,operation:Interpolation
SZ is downgraded to lossless mode.
SZ is downgraded to lossless mode.
Time:0.0103724,bytes:50808,bandwidth:4.89837e+06
cr:1.06349,iter:1,level:16,rank:0,datasize:6351,operation:Post-smoothing
Time:0.00644995,bytes:19664,bandwidth:3.0487e+06
cr:1.062,iter:1,level:16,rank:0,datasize:2458,operation:Interpolation
Time:0.00251815,bytes:40000,bandwidth:1.58847e+07
cr:1.05546,iter:1,level:16,rank:0,datasize:5000,operation:Post-smoothing
Time:0.00462417,bytes:40000,bandwidth:8.6502e+06
cr:1.05574,iter:1,level:16,rank:0,datasize:5000,operation:Residual-Norm
Time:0.0045708,bytes:40000,bandwidth:8.75121e+06
cr:1.05574,iter:2,level:0,rank:0,datasize:5000,operation:Pre-Smoothing
Time:0.00313294,bytes:40000,bandwidth:1.27676e+07
cr:1.05502,iter:2,level:0,rank:0,datasize:5000,operation:Residual
Time:0.00246716,bytes:50808,bandwidth:2.05937e+07
cr:390.831,iter:2,level:1,rank:0,datasize:6351,operation:Pre-Smoothing
SZ is downgraded to lossless mode.
SZ is downgraded to lossless mode.
Time:0.0134423,bytes:50808,bandwidth:3.7797e+06
cr:1.04479,iter:2,level:1,rank:0,datasize:6351,operation:Residual
Time:0.00285872,bytes:64032,bandwidth:2.23989e+07
cr:492.554,iter:2,level:2,rank:0,datasize:8004,operation:Pre-Smoothing
SZ is downgraded to lossless mode.
SZ is downgraded to lossless mode.
Time:0.0148827,bytes:64032,bandwidth:4.30244e+06
cr:1.04523,iter:2,level:2,rank:0,datasize:8004,operation:Residual
Time:0.00294426,bytes:70008,bandwidth:2.37778e+07
cr:534.412,iter:2,level:3,rank:0,datasize:8751,operation:Pre-Smoothing
SZ is downgraded to lossless mode.
SZ is downgraded to lossless mode.
Time:0.0146668,bytes:70008,bandwidth:4.77322e+06
cr:1.045,iter:2,level:3,rank:0,datasize:8751,operation:Residual
Time:0.00259086,bytes:61032,bandwidth:2.35567e+07
cr:469.477,iter:2,level:4,rank:0,datasize:7629,operation:Pre-Smoothing
SZ is downgraded to lossless mode.
Time:0.014019,bytes:61032,bandwidth:4.35353e+06
cr:1.04489,iter:2,level:4,rank:0,datasize:7629,operation:Residual
SZ is downgraded to lossless mode.
Time:0.00220477,bytes:49304,bandwidth:2.23625e+07
cr:379.262,iter:2,level:5,rank:0,datasize:6163,operation:Pre-Smoothing
SZ is downgraded to lossless mode.
SZ is downgraded to lossless mode.
Time:0.0129736,bytes:49304,bandwidth:3.80032e+06
cr:1.04537,iter:2,level:5,rank:0,datasize:6163,operation:Residual
Time:0.00205355,bytes:38856,bandwidth:1.89214e+07
cr:303.562,iter:2,level:6,rank:0,datasize:4857,operation:Pre-Smoothing
SZ is downgraded to lossless mode.
SZ is downgraded to lossless mode.
Time:0.0127207,bytes:38856,bandwidth:3.05456e+06
cr:1.04401,iter:2,level:6,rank:0,datasize:4857,operation:Residual
Time:0.000801487,bytes:30080,bandwidth:3.75302e+07
cr:281.121,iter:2,level:7,rank:0,datasize:3760,operation:Pre-Smoothing
SZ is downgraded to lossless mode.
SZ is downgraded to lossless mode.
Time:0.0119936,bytes:30080,bandwidth:2.50801e+06
cr:1.04354,iter:2,level:7,rank:0,datasize:3760,operation:Residual
Time:0.00066167,bytes:22464,bandwidth:3.39505e+07
cr:209.944,iter:2,level:8,rank:0,datasize:2808,operation:Pre-Smoothing
SZ is downgraded to lossless mode.
SZ is downgraded to lossless mode.
Time:0.0126468,bytes:22464,bandwidth:1.77625e+06
cr:1.0429,iter:2,level:8,rank:0,datasize:2808,operation:Residual
Time:0.000595278,bytes:15480,bandwidth:2.60047e+07
cr:144.673,iter:2,level:9,rank:0,datasize:1935,operation:Pre-Smoothing
SZ is downgraded to lossless mode.
SZ is downgraded to lossless mode.
Time:0.0110451,bytes:15480,bandwidth:1.40153e+06
cr:1.04067,iter:2,level:9,rank:0,datasize:1935,operation:Residual
Time:0.000415739,bytes:10424,bandwidth:2.50734e+07
cr:97.4206,iter:2,level:10,rank:0,datasize:1303,operation:Pre-Smoothing
SZ is downgraded to lossless mode.
SZ is downgraded to lossless mode.
Time:0.00770085,bytes:10424,bandwidth:1.35362e+06
cr:1.03887,iter:2,level:10,rank:0,datasize:1303,operation:Residual
Time:0.000374322,bytes:6616,bandwidth:1.76746e+07
cr:61.8318,iter:2,level:11,rank:0,datasize:827,operation:Pre-Smoothing
SZ is downgraded to lossless mode.
Time:0.00600184,bytes:6616,bandwidth:1.10233e+06
cr:1.03278,iter:2,level:11,rank:0,datasize:827,operation:Residual
SZ is downgraded to lossless mode.
Time:0.000331503,bytes:4040,bandwidth:1.21869e+07
cr:39.2233,iter:2,level:12,rank:0,datasize:505,operation:Pre-Smoothing
SZ is downgraded to lossless mode.
Time:0.00699478,bytes:4040,bandwidth:577574
cr:1.02408,iter:2,level:12,rank:0,datasize:505,operation:Residual
SZ is downgraded to lossless mode.
Time:0.000314176,bytes:2320,bandwidth:7.3844e+06
cr:22.5243,iter:2,level:13,rank:0,datasize:290,operation:Pre-Smoothing
Time:0.00634065,bytes:2320,bandwidth:365893
cr:1.01177,iter:2,level:13,rank:0,datasize:290,operation:Residual
Time:0.000122407,bytes:1160,bandwidth:9.47658e+06
cr:10.5455,iter:2,level:14,rank:0,datasize:145,operation:Pre-Smoothing
Time:0.00128401,bytes:1160,bandwidth:903418
cr:0.97479,iter:2,level:14,rank:0,datasize:145,operation:Residual
Time:9.1642e-05,bytes:464,bandwidth:5.06318e+06
cr:4.21818,iter:2,level:15,rank:0,datasize:58,operation:Pre-Smoothing
Time:0.00118093,bytes:464,bandwidth:392909
cr:0.888889,iter:2,level:15,rank:0,datasize:58,operation:Residual
Time:0.00113571,bytes:56,bandwidth:49308.4
cr:0.495575,iter:2,level:16,rank:0,datasize:7,operation:Interpolation
Time:0.00113202,bytes:464,bandwidth:409889
cr:0.888889,iter:2,level:16,rank:0,datasize:58,operation:Post-smoothing
Time:0.00102762,bytes:200,bandwidth:194624
cr:0.77821,iter:2,level:16,rank:0,datasize:25,operation:Interpolation
Time:0.00129954,bytes:1160,bandwidth:892627
cr:0.97479,iter:2,level:16,rank:0,datasize:145,operation:Post-smoothing
Time:0.00120164,bytes:264,bandwidth:219700
cr:0.819876,iter:2,level:16,rank:0,datasize:33,operation:Interpolation
Time:0.00872626,bytes:2320,bandwidth:265864
cr:1.02974,iter:2,level:16,rank:0,datasize:290,operation:Post-smoothing
Time:0.0011876,bytes:440,bandwidth:370494
cr:0.883534,iter:2,level:16,rank:0,datasize:55,operation:Interpolation
Time:0.00807681,bytes:4040,bandwidth:500198
cr:1.05593,iter:2,level:16,rank:0,datasize:505,operation:Post-smoothing
Time:0.00120708,bytes:728,bandwidth:603109
cr:0.926209,iter:2,level:16,rank:0,datasize:91,operation:Interpolation
SZ is downgraded to lossless mode.
Time:0.00821015,bytes:6616,bandwidth:805832
cr:1.06435,iter:2,level:16,rank:0,datasize:827,operation:Post-smoothing
SZ is downgraded to lossless mode.
Time:0.00130637,bytes:1136,bandwidth:869583
cr:0.98355,iter:2,level:16,rank:0,datasize:142,operation:Interpolation
SZ is downgraded to lossless mode.
Time:0.00853044,bytes:10424,bandwidth:1.22198e+06
cr:1.071,iter:2,level:16,rank:0,datasize:1303,operation:Post-smoothing
SZ is downgraded to lossless mode.
Time:0.00809007,bytes:1744,bandwidth:215573
cr:1.01691,iter:2,level:16,rank:0,datasize:218,operation:Interpolation
SZ is downgraded to lossless mode.
SZ is downgraded to lossless mode.
Time:0.00948141,bytes:15480,bandwidth:1.63267e+06
cr:1.07024,iter:2,level:16,rank:0,datasize:1935,operation:Post-smoothing
Time:0.00788276,bytes:2672,bandwidth:338968
cr:1.03446,iter:2,level:16,rank:0,datasize:334,operation:Interpolation
SZ is downgraded to lossless mode.
Time:0.00921,bytes:22464,bandwidth:2.43909e+06
cr:1.07099,iter:2,level:16,rank:0,datasize:2808,operation:Post-smoothing
SZ is downgraded to lossless mode.
Time:0.00782795,bytes:3768,bandwidth:481352
cr:1.0458,iter:2,level:16,rank:0,datasize:471,operation:Interpolation
SZ is downgraded to lossless mode.
Time:0.00951213,bytes:30080,bandwidth:3.16228e+06
cr:1.06982,iter:2,level:16,rank:0,datasize:3760,operation:Post-smoothing
SZ is downgraded to lossless mode.
Time:0.00624176,bytes:4936,bandwidth:790803
cr:1.05088,iter:2,level:16,rank:0,datasize:617,operation:Interpolation
SZ is downgraded to lossless mode.
Time:0.0102744,bytes:38856,bandwidth:3.78183e+06
cr:1.06815,iter:2,level:16,rank:0,datasize:4857,operation:Post-smoothing
SZ is downgraded to lossless mode.
Time:0.00255455,bytes:6584,bandwidth:2.57736e+06
cr:1.05597,iter:2,level:16,rank:0,datasize:823,operation:Interpolation
SZ is downgraded to lossless mode.
Time:0.0109705,bytes:49304,bandwidth:4.49425e+06
cr:1.06672,iter:2,level:16,rank:0,datasize:6163,operation:Post-smoothing
SZ is downgraded to lossless mode.
Time:0.00660265,bytes:9280,bandwidth:1.4055e+06
cr:1.05839,iter:2,level:16,rank:0,datasize:1160,operation:Interpolation
SZ is downgraded to lossless mode.
Time:0.0115704,bytes:61032,bandwidth:5.27484e+06
cr:1.06509,iter:2,level:16,rank:0,datasize:7629,operation:Post-smoothing
SZ is downgraded to lossless mode.
SZ is downgraded to lossless mode.
Time:0.00930228,bytes:12120,bandwidth:1.30291e+06
cr:1.05713,iter:2,level:16,rank:0,datasize:1515,operation:Interpolation
SZ is downgraded to lossless mode.
SZ is downgraded to lossless mode.
Time:0.0120498,bytes:70008,bandwidth:5.80991e+06
cr:1.06406,iter:2,level:16,rank:0,datasize:8751,operation:Post-smoothing
SZ is downgraded to lossless mode.
SZ is downgraded to lossless mode.
SZ is downgraded to lossless mode.
Time:0.00871308,bytes:16832,bandwidth:1.93181e+06
cr:1.05982,iter:2,level:16,rank:0,datasize:2104,operation:Interpolation
SZ is downgraded to lossless mode.
Time:0.012223,bytes:64032,bandwidth:5.23863e+06
cr:1.06221,iter:2,level:16,rank:0,datasize:8004,operation:Post-smoothing
SZ is downgraded to lossless mode.
SZ is downgraded to lossless mode.
SZ is downgraded to lossless mode.
Time:0.00838653,bytes:21296,bandwidth:2.53931e+06
cr:1.05861,iter:2,level:16,rank:0,datasize:2662,operation:Interpolation
SZ is downgraded to lossless mode.
Time:0.00871728,bytes:50808,bandwidth:5.82842e+06
cr:1.05923,iter:2,level:16,rank:0,datasize:6351,operation:Post-smoothing
SZ is downgraded to lossless mode.
SZ is downgraded to lossless mode.
SZ is downgraded to lossless mode.
Time:0.00879529,bytes:19664,bandwidth:2.23574e+06
cr:1.05772,iter:2,level:16,rank:0,datasize:2458,operation:Interpolation
Time:0.00252686,bytes:40000,bandwidth:1.58299e+07
cr:1.05801,iter:2,level:16,rank:0,datasize:5000,operation:Post-smoothing
Time:0.00319674,bytes:40000,bandwidth:1.25128e+07
cr:1.0582,iter:2,level:16,rank:0,datasize:5000,operation:Residual-Norm
Time:0.00317558,bytes:40000,bandwidth:1.25961e+07
cr:1.0582,iter:3,level:0,rank:0,datasize:5000,operation:Pre-Smoothing
Time:0.00315442,bytes:40000,bandwidth:1.26806e+07
cr:1.05764,iter:3,level:0,rank:0,datasize:5000,operation:Residual
Time:0.00245574,bytes:50808,bandwidth:2.06895e+07
cr:390.831,iter:3,level:1,rank:0,datasize:6351,operation:Pre-Smoothing
SZ is downgraded to lossless mode.
SZ is downgraded to lossless mode.
Time:0.0142488,bytes:50808,bandwidth:3.56577e+06
cr:1.0441,iter:3,level:1,rank:0,datasize:6351,operation:Residual
Time:0.00285971,bytes:64032,bandwidth:2.23911e+07
cr:492.554,iter:3,level:2,rank:0,datasize:8004,operation:Pre-Smoothing
SZ is downgraded to lossless mode.
SZ is downgraded to lossless mode.
Time:0.0164097,bytes:64032,bandwidth:3.90207e+06
cr:1.04407,iter:3,level:2,rank:0,datasize:8004,operation:Residual
Time:0.00290121,bytes:70008,bandwidth:2.41306e+07
cr:534.412,iter:3,level:3,rank:0,datasize:8751,operation:Pre-Smoothing
SZ is downgraded to lossless mode.
Time:0.0160266,bytes:70008,bandwidth:4.36823e+06
cr:1.04461,iter:3,level:3,rank:0,datasize:8751,operation:Residual
SZ is downgraded to lossless mode.
Time:0.00265041,bytes:61032,bandwidth:2.30274e+07
cr:469.477,iter:3,level:4,rank:0,datasize:7629,operation:Pre-Smoothing
SZ is downgraded to lossless mode.
SZ is downgraded to lossless mode.
Time:0.0149343,bytes:61032,bandwidth:4.0867e+06
cr:1.04453,iter:3,level:4,rank:0,datasize:7629,operation:Residual
Time:0.00224963,bytes:49304,bandwidth:2.19165e+07
cr:379.262,iter:3,level:5,rank:0,datasize:6163,operation:Pre-Smoothing
SZ is downgraded to lossless mode.
SZ is downgraded to lossless mode.
Time:0.0135094,bytes:49304,bandwidth:3.64961e+06
cr:1.04497,iter:3,level:5,rank:0,datasize:6163,operation:Residual
Time:0.00198523,bytes:38856,bandwidth:1.95725e+07
cr:303.562,iter:3,level:6,rank:0,datasize:4857,operation:Pre-Smoothing
SZ is downgraded to lossless mode.
SZ is downgraded to lossless mode.
Time:0.011386,bytes:38856,bandwidth:3.41261e+06
cr:1.04387,iter:3,level:6,rank:0,datasize:4857,operation:Residual
Time:0.00079619,bytes:30080,bandwidth:3.77799e+07
cr:281.121,iter:3,level:7,rank:0,datasize:3760,operation:Pre-Smoothing
SZ is downgraded to lossless mode.
SZ is downgraded to lossless mode.
Time:0.0108996,bytes:30080,bandwidth:2.75974e+06
cr:1.04405,iter:3,level:7,rank:0,datasize:3760,operation:Residual
Time:0.000643129,bytes:22464,bandwidth:3.49292e+07
cr:209.944,iter:3,level:8,rank:0,datasize:2808,operation:Pre-Smoothing
SZ is downgraded to lossless mode.
Time:0.00972539,bytes:22464,bandwidth:2.30983e+06
cr:1.04217,iter:3,level:8,rank:0,datasize:2808,operation:Residual
SZ is downgraded to lossless mode.
Time:0.000535451,bytes:15480,bandwidth:2.89102e+07
cr:144.673,iter:3,level:9,rank:0,datasize:1935,operation:Pre-Smoothing
SZ is downgraded to lossless mode.
SZ is downgraded to lossless mode.
Time:0.00659414,bytes:15480,bandwidth:2.34754e+06
cr:1.04039,iter:3,level:9,rank:0,datasize:1935,operation:Residual
Time:0.000409585,bytes:10424,bandwidth:2.54502e+07
cr:97.4206,iter:3,level:10,rank:0,datasize:1303,operation:Pre-Smoothing
SZ is downgraded to lossless mode.
SZ is downgraded to lossless mode.
Time:0.00407641,bytes:10424,bandwidth:2.55715e+06
cr:1.0366,iter:3,level:10,rank:0,datasize:1303,operation:Residual
Time:0.000371453,bytes:6616,bandwidth:1.78111e+07
cr:61.8318,iter:3,level:11,rank:0,datasize:827,operation:Pre-Smoothing
SZ is downgraded to lossless mode.
SZ is downgraded to lossless mode.
Time:0.00438703,bytes:6616,bandwidth:1.50808e+06
cr:1.0331,iter:3,level:11,rank:0,datasize:827,operation:Residual
Time:0.000319567,bytes:4040,bandwidth:1.26421e+07
cr:39.2233,iter:3,level:12,rank:0,datasize:505,operation:Pre-Smoothing
SZ is downgraded to lossless mode.
Time:0.00336631,bytes:4040,bandwidth:1.20013e+06
cr:1.02356,iter:3,level:12,rank:0,datasize:505,operation:Residual
SZ is downgraded to lossless mode.
Time:0.000289873,bytes:2320,bandwidth:8.0035e+06
cr:22.5243,iter:3,level:13,rank:0,datasize:290,operation:Pre-Smoothing
Time:0.00377628,bytes:2320,bandwidth:614361
cr:1.01133,iter:3,level:13,rank:0,datasize:290,operation:Residual
Time:0.000108111,bytes:1160,bandwidth:1.07297e+07
cr:10.5455,iter:3,level:14,rank:0,datasize:145,operation:Pre-Smoothing
Time:0.00116139,bytes:1160,bandwidth:998801
cr:0.971524,iter:3,level:14,rank:0,datasize:145,operation:Residual
Time:8.7979e-05,bytes:464,bandwidth:5.27399e+06
cr:4.21818,iter:3,level:15,rank:0,datasize:58,operation:Pre-Smoothing
Time:0.00121668,bytes:464,bandwidth:381367
cr:0.888889,iter:3,level:15,rank:0,datasize:58,operation:Residual
Time:0.0010185,bytes:56,bandwidth:54982.8
cr:0.495575,iter:3,level:16,rank:0,datasize:7,operation:Interpolation
Time:0.00117021,bytes:464,bandwidth:396511
cr:0.888889,iter:3,level:16,rank:0,datasize:58,operation:Post-smoothing
Time:0.00128504,bytes:200,bandwidth:155637
cr:0.77821,iter:3,level:16,rank:0,datasize:25,operation:Interpolation
Time:0.00131579,bytes:1160,bandwidth:881600
cr:0.976431,iter:3,level:16,rank:0,datasize:145,operation:Post-smoothing
Time:0.00122076,bytes:264,bandwidth:216259
cr:0.819876,iter:3,level:16,rank:0,datasize:33,operation:Interpolation
Time:0.00777221,bytes:2320,bandwidth:298499
cr:1.02655,iter:3,level:16,rank:0,datasize:290,operation:Post-smoothing
Time:0.00118592,bytes:440,bandwidth:371020
cr:0.883534,iter:3,level:16,rank:0,datasize:55,operation:Interpolation
Time:0.00713475,bytes:4040,bandwidth:566243
cr:1.05044,iter:3,level:16,rank:0,datasize:505,operation:Post-smoothing
Time:0.00116069,bytes:728,bandwidth:627211
cr:0.926209,iter:3,level:16,rank:0,datasize:91,operation:Interpolation
SZ is downgraded to lossless mode.
SZ is downgraded to lossless mode.
Time:0.00936123,bytes:6616,bandwidth:706745
cr:1.06094,iter:3,level:16,rank:0,datasize:827,operation:Post-smoothing
Time:0.00126523,bytes:1136,bandwidth:897860
cr:0.978467,iter:3,level:16,rank:0,datasize:142,operation:Interpolation
SZ is downgraded to lossless mode.
Time:0.00841889,bytes:10424,bandwidth:1.23817e+06
cr:1.06749,iter:3,level:16,rank:0,datasize:1303,operation:Post-smoothing
SZ is downgraded to lossless mode.
Time:0.0081272,bytes:1744,bandwidth:214588
cr:1.01219,iter:3,level:16,rank:0,datasize:218,operation:Interpolation
SZ is downgraded to lossless mode.
SZ is downgraded to lossless mode.
Time:0.0097311,bytes:15480,bandwidth:1.59078e+06
cr:1.06744,iter:3,level:16,rank:0,datasize:1935,operation:Post-smoothing
Time:0.00769653,bytes:2672,bandwidth:347169
cr:1.02928,iter:3,level:16,rank:0,datasize:334,operation:Interpolation
SZ is downgraded to lossless mode.
Time:0.00993234,bytes:22464,bandwidth:2.2617e+06
cr:1.06743,iter:3,level:16,rank:0,datasize:2808,operation:Post-smoothing
SZ is downgraded to lossless mode.
Time:0.00771146,bytes:3768,bandwidth:488624
cr:1.04117,iter:3,level:16,rank:0,datasize:471,operation:Interpolation
SZ is downgraded to lossless mode.
Time:0.0100027,bytes:30080,bandwidth:3.00718e+06
cr:1.06621,iter:3,level:16,rank:0,datasize:3760,operation:Post-smoothing
SZ is downgraded to lossless mode.
Time:0.0058789,bytes:4936,bandwidth:839613
cr:1.04798,iter:3,level:16,rank:0,datasize:617,operation:Interpolation
SZ is downgraded to lossless mode.
SZ is downgraded to lossless mode.
Time:0.0106184,bytes:38856,bandwidth:3.6593e+06
cr:1.06577,iter:3,level:16,rank:0,datasize:4857,operation:Post-smoothing
SZ is downgraded to lossless mode.
SZ is downgraded to lossless mode.
SZ is downgraded to lossless mode.
Time:0.0087607,bytes:6584,bandwidth:751538
cr:1.05176,iter:3,level:16,rank:0,datasize:823,operation:Interpolation
SZ is downgraded to lossless mode.
SZ is downgraded to lossless mode.
Time:0.010737,bytes:49304,bandwidth:4.59199e+06
cr:1.06362,iter:3,level:16,rank:0,datasize:6163,operation:Post-smoothing
SZ is downgraded to lossless mode.
SZ is downgraded to lossless mode.
Time:0.00796338,bytes:9280,bandwidth:1.16533e+06
cr:1.05359,iter:3,level:16,rank:0,datasize:1160,operation:Interpolation
SZ is downgraded to lossless mode.
SZ is downgraded to lossless mode.
Time:0.0118626,bytes:61032,bandwidth:5.14492e+06
cr:1.06109,iter:3,level:16,rank:0,datasize:7629,operation:Post-smoothing
SZ is downgraded to lossless mode.
Time:0.00623886,bytes:12120,bandwidth:1.94266e+06
cr:1.05373,iter:3,level:16,rank:0,datasize:1515,operation:Interpolation
SZ is downgraded to lossless mode.
SZ is downgraded to lossless mode.
Time:0.0119695,bytes:70008,bandwidth:5.84887e+06
cr:1.05988,iter:3,level:16,rank:0,datasize:8751,operation:Post-smoothing
SZ is downgraded to lossless mode.
SZ is downgraded to lossless mode.
Time:0.0100899,bytes:16832,bandwidth:1.6682e+06
cr:1.05563,iter:3,level:16,rank:0,datasize:2104,operation:Interpolation
SZ is downgraded to lossless mode.
SZ is downgraded to lossless mode.
Time:0.0115042,bytes:64032,bandwidth:5.56599e+06
cr:1.05766,iter:3,level:16,rank:0,datasize:8004,operation:Post-smoothing
SZ is downgraded to lossless mode.
SZ is downgraded to lossless mode.
Time:0.010663,bytes:21296,bandwidth:1.99718e+06
cr:1.05389,iter:3,level:16,rank:0,datasize:2662,operation:Interpolation
SZ is downgraded to lossless mode.
SZ is downgraded to lossless mode.
SZ is downgraded to lossless mode.
Time:0.0112023,bytes:50808,bandwidth:4.53551e+06
cr:1.0554,iter:3,level:16,rank:0,datasize:6351,operation:Post-smoothing
SZ is downgraded to lossless mode.
Time:0.0108953,bytes:19664,bandwidth:1.80482e+06
cr:1.05279,iter:3,level:16,rank:0,datasize:2458,operation:Interpolation
SZ is downgraded to lossless mode.
Time:0.00282491,bytes:40000,bandwidth:1.41597e+07
cr:1.05986,iter:3,level:16,rank:0,datasize:5000,operation:Post-smoothing
Time:0.00353512,bytes:40000,bandwidth:1.1315e+07
cr:1.05938,iter:3,level:16,rank:0,datasize:5000,operation:Residual-Norm
Time:0.00323657,bytes:40000,bandwidth:1.23588e+07
cr:1.05938,iter:4,level:0,rank:0,datasize:5000,operation:Pre-Smoothing
Time:0.00326984,bytes:40000,bandwidth:1.2233e+07
cr:1.05977,iter:4,level:0,rank:0,datasize:5000,operation:Residual
Time:0.00242063,bytes:50808,bandwidth:2.09895e+07
cr:390.831,iter:4,level:1,rank:0,datasize:6351,operation:Pre-Smoothing
SZ is downgraded to lossless mode.
SZ is downgraded to lossless mode.
Time:0.00965223,bytes:50808,bandwidth:5.26386e+06
cr:1.04363,iter:4,level:1,rank:0,datasize:6351,operation:Residual
Time:0.00502377,bytes:64032,bandwidth:1.27458e+07
cr:492.554,iter:4,level:2,rank:0,datasize:8004,operation:Pre-Smoothing
SZ is downgraded to lossless mode.
SZ is downgraded to lossless mode.
Time:0.0146155,bytes:64032,bandwidth:4.3811e+06
cr:1.04412,iter:4,level:2,rank:0,datasize:8004,operation:Residual
Time:0.00287613,bytes:70008,bandwidth:2.43411e+07
cr:534.412,iter:4,level:3,rank:0,datasize:8751,operation:Pre-Smoothing
SZ is downgraded to lossless mode.
SZ is downgraded to lossless mode.
Time:0.012623,bytes:70008,bandwidth:5.54608e+06
cr:1.04424,iter:4,level:3,rank:0,datasize:8751,operation:Residual
Time:0.00245093,bytes:61032,bandwidth:2.49015e+07
cr:469.477,iter:4,level:4,rank:0,datasize:7629,operation:Pre-Smoothing
SZ is downgraded to lossless mode.
Time:0.0135457,bytes:61032,bandwidth:4.50564e+06
cr:1.04467,iter:4,level:4,rank:0,datasize:7629,operation:Residual
SZ is downgraded to lossless mode.
Time:0.00209994,bytes:49304,bandwidth:2.34788e+07
cr:379.262,iter:4,level:5,rank:0,datasize:6163,operation:Pre-Smoothing
SZ is downgraded to lossless mode.
Time:0.0116286,bytes:49304,bandwidth:4.23989e+06
cr:1.04385,iter:4,level:5,rank:0,datasize:6163,operation:Residual
SZ is downgraded to lossless mode.
Time:0.00198921,bytes:38856,bandwidth:1.95334e+07
cr:303.562,iter:4,level:6,rank:0,datasize:4857,operation:Pre-Smoothing
SZ is downgraded to lossless mode.
SZ is downgraded to lossless mode.
Time:0.0105265,bytes:38856,bandwidth:3.69124e+06
cr:1.04359,iter:4,level:6,rank:0,datasize:4857,operation:Residual
Time:0.000813932,bytes:30080,bandwidth:3.69564e+07
cr:281.121,iter:4,level:7,rank:0,datasize:3760,operation:Pre-Smoothing
SZ is downgraded to lossless mode.
SZ is downgraded to lossless mode.
Time:0.00950301,bytes:30080,bandwidth:3.16531e+06
cr:1.04289,iter:4,level:7,rank:0,datasize:3760,operation:Residual
Time:0.000632933,bytes:22464,bandwidth:3.54919e+07
cr:209.944,iter:4,level:8,rank:0,datasize:2808,operation:Pre-Smoothing
SZ is downgraded to lossless mode.
SZ is downgraded to lossless mode.
Time:0.00751236,bytes:22464,bandwidth:2.99027e+06
cr:1.04241,iter:4,level:8,rank:0,datasize:2808,operation:Residual
Time:0.000564545,bytes:15480,bandwidth:2.74203e+07
cr:144.673,iter:4,level:9,rank:0,datasize:1935,operation:Pre-Smoothing
SZ is downgraded to lossless mode.
SZ is downgraded to lossless mode.
Time:0.00506943,bytes:15480,bandwidth:3.0536e+06
cr:1.03865,iter:4,level:9,rank:0,datasize:1935,operation:Residual
Time:0.000414391,bytes:10424,bandwidth:2.5155e+07
cr:97.4206,iter:4,level:10,rank:0,datasize:1303,operation:Pre-Smoothing
SZ is downgraded to lossless mode.
SZ is downgraded to lossless mode.
Time:0.00325786,bytes:10424,bandwidth:3.19964e+06
cr:1.0366,iter:4,level:10,rank:0,datasize:1303,operation:Residual
Time:0.000369652,bytes:6616,bandwidth:1.78979e+07
cr:61.8318,iter:4,level:11,rank:0,datasize:827,operation:Pre-Smoothing
SZ is downgraded to lossless mode.
SZ is downgraded to lossless mode.
Time:0.00304993,bytes:6616,bandwidth:2.16923e+06
cr:1.03165,iter:4,level:11,rank:0,datasize:827,operation:Residual
Time:0.000302892,bytes:4040,bandwidth:1.33381e+07
cr:39.2233,iter:4,level:12,rank:0,datasize:505,operation:Pre-Smoothing
SZ is downgraded to lossless mode.
Time:0.00196895,bytes:4040,bandwidth:2.05186e+06
cr:1.0233,iter:4,level:12,rank:0,datasize:505,operation:Residual
SZ is downgraded to lossless mode.
Time:0.000291299,bytes:2320,bandwidth:7.96433e+06
cr:22.5243,iter:4,level:13,rank:0,datasize:290,operation:Pre-Smoothing
Time:0.00255155,bytes:2320,bandwidth:909252
cr:1.00826,iter:4,level:13,rank:0,datasize:290,operation:Residual
Time:0.000110269,bytes:1160,bandwidth:1.05197e+07
cr:10.5455,iter:4,level:14,rank:0,datasize:145,operation:Pre-Smoothing
Time:0.000727375,bytes:1160,bandwidth:1.59478e+06
cr:0.972339,iter:4,level:14,rank:0,datasize:145,operation:Residual
Time:8.8916e-05,bytes:464,bandwidth:5.21841e+06
cr:4.21818,iter:4,level:15,rank:0,datasize:58,operation:Pre-Smoothing
Time:0.00125125,bytes:464,bandwidth:370829
cr:0.888889,iter:4,level:15,rank:0,datasize:58,operation:Residual
Time:0.000701869,bytes:56,bandwidth:79787
cr:0.495575,iter:4,level:16,rank:0,datasize:7,operation:Interpolation
Time:0.00111098,bytes:464,bandwidth:417650
cr:0.888889,iter:4,level:16,rank:0,datasize:58,operation:Post-smoothing
Time:0.00124302,bytes:200,bandwidth:160899
cr:0.77821,iter:4,level:16,rank:0,datasize:25,operation:Interpolation
Time:0.00128262,bytes:1160,bandwidth:904397
cr:0.973971,iter:4,level:16,rank:0,datasize:145,operation:Post-smoothing
Time:0.00118644,bytes:264,bandwidth:222515
cr:0.819876,iter:4,level:16,rank:0,datasize:33,operation:Interpolation
Time:0.00628455,bytes:2320,bandwidth:369159
cr:1.02113,iter:4,level:16,rank:0,datasize:290,operation:Post-smoothing
Time:0.00115894,bytes:440,bandwidth:379656
cr:0.883534,iter:4,level:16,rank:0,datasize:55,operation:Interpolation
SZ is downgraded to lossless mode.
Time:0.00657994,bytes:4040,bandwidth:613987
cr:1.04528,iter:4,level:16,rank:0,datasize:505,operation:Post-smoothing
SZ is downgraded to lossless mode.
Time:0.001217,bytes:728,bandwidth:598191
cr:0.926209,iter:4,level:16,rank:0,datasize:91,operation:Interpolation
SZ is downgraded to lossless mode.
SZ is downgraded to lossless mode.
Time:0.00882271,bytes:6616,bandwidth:749883
cr:1.05603,iter:4,level:16,rank:0,datasize:827,operation:Post-smoothing
Time:0.00127627,bytes:1136,bandwidth:890095
cr:0.971771,iter:4,level:16,rank:0,datasize:142,operation:Interpolation
SZ is downgraded to lossless mode.
SZ is downgraded to lossless mode.
Time:0.00901416,bytes:10424,bandwidth:1.1564e+06
cr:1.06194,iter:4,level:16,rank:0,datasize:1303,operation:Post-smoothing
Time:0.0081556,bytes:1744,bandwidth:213841
cr:1.00519,iter:4,level:16,rank:0,datasize:218,operation:Interpolation
SZ is downgraded to lossless mode.
SZ is downgraded to lossless mode.
Time:0.00955005,bytes:15480,bandwidth:1.62093e+06
cr:1.06187,iter:4,level:16,rank:0,datasize:1935,operation:Post-smoothing
Time:0.00790752,bytes:2672,bandwidth:337906
cr:1.02572,iter:4,level:16,rank:0,datasize:334,operation:Interpolation
SZ is downgraded to lossless mode.
SZ is downgraded to lossless mode.
Time:0.0103322,bytes:22464,bandwidth:2.17417e+06
cr:1.06268,iter:4,level:16,rank:0,datasize:2808,operation:Post-smoothing
SZ is downgraded to lossless mode.
Time:0.00758116,bytes:3768,bandwidth:SZ is downgraded to lossless mode.
497021
cr:1.04002,iter:4,level:16,rank:0,datasize:471,operation:Interpolation
SZ is downgraded to lossless mode.
SZ is downgraded to lossless mode.
Time:0.0108343,bytes:30080,bandwidth:2.77638e+06
cr:1.0614,iter:4,level:16,rank:0,datasize:3760,operation:Post-smoothing
SZ is downgraded to lossless mode.
SZ is downgraded to lossless mode.
Time:0.00901099,bytes:4936,bandwidth:547776
cr:1.04311,iter:4,level:16,rank:0,datasize:617,operation:Interpolation
SZ is downgraded to lossless mode.
SZ is downgraded to lossless mode.
Time:0.0118048,bytes:38856,bandwidth:3.29154e+06
cr:1.05967,iter:4,level:16,rank:0,datasize:4857,operation:Post-smoothing
SZ is downgraded to lossless mode.
SZ is downgraded to lossless mode.
Time:0.00933723,bytes:6584,bandwidth:705134
cr:1.04791,iter:4,level:16,rank:0,datasize:823,operation:Interpolation
SZ is downgraded to lossless mode.
Time:0.011629,bytes:49304,bandwidth:4.23974e+06
cr:1.05809,iter:4,level:16,rank:0,datasize:6163,operation:Post-smoothing
SZ is downgraded to lossless mode.
SZ is downgraded to lossless mode.
SZ is downgraded to lossless mode.
Time:0.00762821,bytes:9280,bandwidth:1.21654e+06
cr:1.04894,iter:4,level:16,rank:0,datasize:1160,operation:Interpolation
SZ is downgraded to lossless mode.
SZ is downgraded to lossless mode.
Time:0.0129985,bytes:61032,bandwidth:4.6953e+06
cr:1.05499,iter:4,level:16,rank:0,datasize:7629,operation:Post-smoothing
SZ is downgraded to lossless mode.
Time:0.00714612,bytes:12120,bandwidth:1.69602e+06
cr:1.04835,iter:4,level:16,rank:0,datasize:1515,operation:Interpolation
SZ is downgraded to lossless mode.
SZ is downgraded to lossless mode.
Time:0.0128269,bytes:70008,bandwidth:5.45792e+06
cr:1.05356,iter:4,level:16,rank:0,datasize:8751,operation:Post-smoothing
SZ is downgraded to lossless mode.
SZ is downgraded to lossless mode.
SZ is downgraded to lossless mode.
Time:0.00957313,bytes:16832,bandwidth:1.75825e+06
cr:1.05042,iter:4,level:16,rank:0,datasize:2104,operation:Interpolation
SZ is downgraded to lossless mode.
SZ is downgraded to lossless mode.
Time:0.0129748,bytes:64032,bandwidth:4.9351e+06
cr:1.05276,iter:4,level:16,rank:0,datasize:8004,operation:Post-smoothing
SZ is downgraded to lossless mode.
Time:0.0110163,bytes:21296,bandwidth:1.93314e+06
cr:1.05025,iter:4,level:16,rank:0,datasize:2662,operation:Interpolation
SZ is downgraded to lossless mode.
SZ is downgraded to lossless mode.
SZ is downgraded to lossless mode.
Time:0.0123236,bytes:50808,bandwidth:4.12281e+06
cr:1.05186,iter:4,level:16,rank:0,datasize:6351,operation:Post-smoothing
SZ is downgraded to lossless mode.
SZ is downgraded to lossless mode.
Time:0.0109586,bytes:19664,bandwidth:1.79439e+06
cr:1.04953,iter:4,level:16,rank:0,datasize:2458,operation:Interpolation
Time:0.00265452,bytes:40000,bandwidth:1.50687e+07
cr:1.06014,iter:4,level:16,rank:0,datasize:5000,operation:Post-smoothing
Time:0.00318399,bytes:40000,bandwidth:1.25629e+07
cr:1.06014,iter:4,level:16,rank:0,datasize:5000,operation:Residual-Norm
Time:0.00311474,bytes:40000,bandwidth:1.28422e+07
cr:1.06014,iter:5,level:0,rank:0,datasize:5000,operation:Pre-Smoothing
Time:0.00327577,bytes:40000,bandwidth:1.22109e+07
cr:1.06022,iter:5,level:0,rank:0,datasize:5000,operation:Residual
Time:0.00247416,bytes:50808,bandwidth:2.05354e+07
cr:390.831,iter:5,level:1,rank:0,datasize:6351,operation:Pre-Smoothing
SZ is downgraded to lossless mode.
SZ is downgraded to lossless mode.
Time:0.00754387,bytes:50808,bandwidth:6.735e+06
cr:1.04021,iter:5,level:1,rank:0,datasize:6351,operation:Residual
Time:0.00285109,bytes:64032,bandwidth:2.24587e+07
cr:492.554,iter:5,level:2,rank:0,datasize:8004,operation:Pre-Smoothing
SZ is downgraded to lossless mode.
SZ is downgraded to lossless mode.
Time:0.0113744,bytes:64032,bandwidth:5.62948e+06
cr:1.0429,iter:5,level:2,rank:0,datasize:8004,operation:Residual
Time:0.00285958,bytes:70008,bandwidth:2.44819e+07
cr:534.412,iter:5,level:3,rank:0,datasize:8751,operation:Pre-Smoothing
SZ is downgraded to lossless mode.
Time:0.0107141,bytes:70008,bandwidth:6.53421e+06
cr:1.04388,iter:5,level:3,rank:0,datasize:8751,operation:Residual
SZ is downgraded to lossless mode.
Time:0.00258862,bytes:61032,bandwidth:2.35771e+07
cr:469.477,iter:5,level:4,rank:0,datasize:7629,operation:Pre-Smoothing
SZ is downgraded to lossless mode.
Time:0.0121136,bytes:61032,bandwidth:5.03829e+06
cr:1.04441,iter:5,level:4,rank:0,datasize:7629,operation:Residual
SZ is downgraded to lossless mode.
Time:0.00202389,bytes:49304,bandwidth:2.4361e+07
cr:379.262,iter:5,level:5,rank:0,datasize:6163,operation:Pre-Smoothing
SZ is downgraded to lossless mode.
SZ is downgraded to lossless mode.
Time:0.0109419,bytes:49304,bandwidth:4.50598e+06
cr:1.04389,iter:5,level:5,rank:0,datasize:6163,operation:Residual
Time:0.00191362,bytes:38856,bandwidth:2.0305e+07
cr:303.562,iter:5,level:6,rank:0,datasize:4857,operation:Pre-Smoothing
SZ is downgraded to lossless mode.
SZ is downgraded to lossless mode.
Time:0.0107819,bytes:38856,bandwidth:3.6038e+06
cr:1.04331,iter:5,level:6,rank:0,datasize:4857,operation:Residual
Time:0.000792317,bytes:30080,bandwidth:3.79646e+07
cr:281.121,iter:5,level:7,rank:0,datasize:3760,operation:Pre-Smoothing
SZ is downgraded to lossless mode.
SZ is downgraded to lossless mode.
Time:0.00779663,bytes:30080,bandwidth:3.85808e+06
cr:1.04253,iter:5,level:7,rank:0,datasize:3760,operation:Residual
Time:0.000636751,bytes:22464,bandwidth:3.52791e+07
cr:209.944,iter:5,level:8,rank:0,datasize:2808,operation:Pre-Smoothing
SZ is downgraded to lossless mode.
Time:0.00621273,bytes:22464,bandwidth:3.6158e+06
cr:1.04183,iter:5,level:8,rank:0,datasize:2808,operation:Residual
SZ is downgraded to lossless mode.
Time:0.000544107,bytes:15480,bandwidth:2.84503e+07
cr:144.673,iter:5,level:9,rank:0,datasize:1935,operation:Pre-Smoothing
SZ is downgraded to lossless mode.
SZ is downgraded to lossless mode.
Time:0.00446211,bytes:15480,bandwidth:3.46921e+06
cr:1.03969,iter:5,level:9,rank:0,datasize:1935,operation:Residual
Time:0.000404364,bytes:10424,bandwidth:2.57788e+07
cr:97.4206,iter:5,level:10,rank:0,datasize:1303,operation:Pre-Smoothing
SZ is downgraded to lossless mode.
Time:0.00287926,bytes:10424,bandwidth:3.62037e+06
cr:1.03577,iter:5,level:10,rank:0,datasize:1303,operation:Residual
SZ is downgraded to lossless mode.
Time:0.000371382,bytes:6616,bandwidth:1.78145e+07
cr:61.8318,iter:5,level:11,rank:0,datasize:827,operation:Pre-Smoothing
SZ is downgraded to lossless mode.
Time:0.00233424,bytes:6616,bandwidth:2.83432e+06
cr:1.02973,iter:5,level:11,rank:0,datasize:827,operation:Residual
SZ is downgraded to lossless mode.
Time:0.000318044,bytes:4040,bandwidth:1.27026e+07
cr:39.2233,iter:5,level:12,rank:0,datasize:505,operation:Pre-Smoothing
SZ is downgraded to lossless mode.
SZ is downgraded to lossless mode.
Time:0.00150169,bytes:4040,bandwidth:2.6903e+06
cr:1.01917,iter:5,level:12,rank:0,datasize:505,operation:Residual
Time:0.000295771,bytes:2320,bandwidth:7.84391e+06
cr:22.5243,iter:5,level:13,rank:0,datasize:290,operation:Pre-Smoothing
Time:0.00181915,bytes:2320,bandwidth:1.27532e+06
cr:1.00086,iter:5,level:13,rank:0,datasize:290,operation:Residual
Time:0.000106766,bytes:1160,bandwidth:1.08649e+07
cr:10.5455,iter:5,level:14,rank:0,datasize:145,operation:Pre-Smoothing
Time:0.000554877,bytes:1160,bandwidth:2.09055e+06
cr:0.952381,iter:5,level:14,rank:0,datasize:145,operation:Residual
Time:8.3712e-05,bytes:464,bandwidth:5.54281e+06
cr:4.21818,iter:5,level:15,rank:0,datasize:58,operation:Pre-Smoothing
Time:0.000710018,bytes:464,bandwidth:653505
cr:0.888889,iter:5,level:15,rank:0,datasize:58,operation:Residual
Time:0.000478607,bytes:56,bandwidth:117006
cr:0.495575,iter:5,level:16,rank:0,datasize:7,operation:Interpolation
Time:0.00128776,bytes:464,bandwidth:360316
cr:0.888889,iter:5,level:16,rank:0,datasize:58,operation:Post-smoothing
Time:0.000828413,bytes:200,bandwidth:241425
cr:0.77821,iter:5,level:16,rank:0,datasize:25,operation:Interpolation
Time:0.00118586,bytes:1160,bandwidth:978196
cr:0.971524,iter:5,level:16,rank:0,datasize:145,operation:Post-smoothing
Time:0.000734977,bytes:264,bandwidth:359195
cr:0.819876,iter:5,level:16,rank:0,datasize:33,operation:Interpolation
Time:0.00413191,bytes:2320,bandwidth:561484
cr:1.01844,iter:5,level:16,rank:0,datasize:290,operation:Post-smoothing
Time:0.00156614,bytes:440,bandwidth:280945
cr:0.883534,iter:5,level:16,rank:0,datasize:55,operation:Interpolation
SZ is downgraded to lossless mode.
SZ is downgraded to lossless mode.
Time:0.00703315,bytes:4040,bandwidth:574422
cr:1.04124,iter:5,level:16,rank:0,datasize:505,operation:Post-smoothing
Time:0.00128285,bytes:728,bandwidth:567487
cr:0.926209,iter:5,level:16,rank:0,datasize:91,operation:Interpolation
SZ is downgraded to lossless mode.
SZ is downgraded to lossless mode.
Time:0.00662627,bytes:6616,bandwidth:998450
cr:1.05183,iter:5,level:16,rank:0,datasize:827,operation:Post-smoothing
Time:0.00121313,bytes:1136,bandwidth:936424
cr:0.970111,iter:5,level:16,rank:0,datasize:142,operation:Interpolation
SZ is downgraded to lossless mode.
Time:0.00777706,bytes:10424,bandwidth:1.34035e+06
cr:1.05677,iter:5,level:16,rank:0,datasize:1303,operation:Post-smoothing
SZ is downgraded to lossless mode.
Time:0.00737049,bytes:1744,bandwidth:236619
cr:1.00115,iter:5,level:16,rank:0,datasize:218,operation:Interpolation
SZ is downgraded to lossless mode.
Time:0.00830415,bytes:15480,bandwidth:1.86413e+06
cr:1.05803,iter:5,level:16,rank:0,datasize:1935,operation:Post-smoothing
SZ is downgraded to lossless mode.
Time:0.00788129,bytes:2672,bandwidth:339031
cr:1.02258,iter:5,level:16,rank:0,datasize:334,operation:Interpolation
SZ is downgraded to lossless mode.
Time:0.00942453,bytes:22464,bandwidth:2.38357e+06
cr:1.05668,iter:5,level:16,rank:0,datasize:2808,operation:Post-smoothing
SZ is downgraded to lossless mode.
SZ is downgraded to lossless mode.
SZ is downgraded to lossless mode.
Time:0.00902362,bytes:3768,bandwidth:417571
cr:1.03374,iter:5,level:16,rank:0,datasize:471,operation:Interpolation
SZ is downgraded to lossless mode.
SZ is downgraded to lossless mode.
Time:0.0113922,bytes:30080,bandwidth:2.6404e+06
cr:1.05644,iter:5,level:16,rank:0,datasize:3760,operation:Post-smoothing
SZ is downgraded to lossless mode.
SZ is downgraded to lossless mode.
Time:0.00773185,bytes:4936,bandwidth:638398
cr:1.03654,iter:5,level:16,rank:0,datasize:617,operation:Interpolation
SZ is downgraded to lossless mode.
SZ is downgraded to lossless mode.
Time:0.0119063,bytes:38856,bandwidth:3.26349e+06
cr:1.05372,iter:5,level:16,rank:0,datasize:4857,operation:Post-smoothing
SZ is downgraded to lossless mode.
Time:0.00804825,bytes:6584,bandwidth:818066
cr:1.03914,iter:5,level:16,rank:0,datasize:823,operation:Interpolation
SZ is downgraded to lossless mode.
SZ is downgraded to lossless mode.
SZ is downgraded to lossless mode.
Time:0.0122475,bytes:49304,bandwidth:4.02565e+06
cr:1.05159,iter:5,level:16,rank:0,datasize:6163,operation:Post-smoothing
SZ is downgraded to lossless mode.
SZ is downgraded to lossless mode.
Time:0.00893376,bytes:9280,bandwidth:1.03876e+06
cr:1.0434,iter:5,level:16,rank:0,datasize:1160,operation:Interpolation
SZ is downgraded to lossless mode.
SZ is downgraded to lossless mode.
Time:0.0133394,bytes:61032,bandwidth:4.57532e+06
cr:1.05001,iter:5,level:16,rank:0,datasize:7629,operation:Post-smoothing
SZ is downgraded to lossless mode.
SZ is downgraded to lossless mode.
Time:0.00920121,bytes:12120,bandwidth:1.31722e+06
cr:1.04357,iter:5,level:16,rank:0,datasize:1515,operation:Interpolation
SZ is downgraded to lossless mode.
SZ is downgraded to lossless mode.
Time:0.0167294,bytes:70008,bandwidth:4.18472e+06
cr:1.04989,iter:5,level:16,rank:0,datasize:8751,operation:Post-smoothing
SZ is downgraded to lossless mode.
Time:0.010578,bytes:16832,bandwidth:1.59123e+06
cr:1.04547,iter:5,level:16,rank:0,datasize:2104,operation:Interpolation
SZ is downgraded to lossless mode.
SZ is downgraded to lossless mode.
SZ is downgraded to lossless mode.
Time:0.0135416,bytes:64032,bandwidth:4.72853e+06
cr:1.0491,iter:5,level:16,rank:0,datasize:8004,operation:Post-smoothing
SZ is downgraded to lossless mode.
SZ is downgraded to lossless mode.
Time:0.011249,bytes:21296,bandwidth:1.89314e+06
cr:1.04783,iter:5,level:16,rank:0,datasize:2662,operation:Interpolation
SZ is downgraded to lossless mode.
SZ is downgraded to lossless mode.
Time:0.0128825,bytes:50808,bandwidth:3.94396e+06
cr:1.04915,iter:5,level:16,rank:0,datasize:6351,operation:Post-smoothing
SZ is downgraded to lossless mode.
SZ is downgraded to lossless mode.
Time:0.0109844,bytes:19664,bandwidth:1.79017e+06
cr:1.04724,iter:5,level:16,rank:0,datasize:2458,operation:Interpolation
Time:0.002592,bytes:40000,bandwidth:1.54321e+07
cr:1.06064,iter:5,level:16,rank:0,datasize:5000,operation:Post-smoothing
Time:0.00324051,bytes:40000,bandwidth:1.23437e+07
cr:1.0607,iter:5,level:16,rank:0,datasize:5000,operation:Residual-Norm
Time:0.00317206,bytes:40000,bandwidth:1.26101e+07
cr:1.0607,iter:6,level:0,rank:0,datasize:5000,operation:Pre-Smoothing
Time:0.00316127,bytes:40000,bandwidth:1.26532e+07
cr:1.06059,iter:6,level:0,rank:0,datasize:5000,operation:Residual
Time:0.00244321,bytes:50808,bandwidth:2.07956e+07
cr:390.831,iter:6,level:1,rank:0,datasize:6351,operation:Pre-Smoothing
SZ is downgraded to lossless mode.
Time:0.00611138,bytes:50808,bandwidth:8.31367e+06
cr:1.03671,iter:6,level:1,rank:0,datasize:6351,operation:Residual
SZ is downgraded to lossless mode.
Time:0.00286736,bytes:64032,bandwidth:2.23314e+07
cr:492.554,iter:6,level:2,rank:0,datasize:8004,operation:Pre-Smoothing
SZ is downgraded to lossless mode.
SZ is downgraded to lossless mode.
Time:0.00941912,bytes:64032,bandwidth:6.79809e+06
cr:1.04004,iter:6,level:2,rank:0,datasize:8004,operation:Residual
Time:0.00290795,bytes:70008,bandwidth:2.40747e+07
cr:534.412,iter:6,level:3,rank:0,datasize:8751,operation:Pre-Smoothing
SZ is downgraded to lossless mode.
SZ is downgraded to lossless mode.
Time:0.00890219,bytes:70008,bandwidth:7.86413e+06
cr:1.0425,iter:6,level:3,rank:0,datasize:8751,operation:Residual
Time:0.00258854,bytes:61032,bandwidth:2.35778e+07
cr:469.477,iter:6,level:4,rank:0,datasize:7629,operation:Pre-Smoothing
SZ is downgraded to lossless mode.
SZ is downgraded to lossless mode.
Time:0.0110559,bytes:61032,bandwidth:5.52029e+06
cr:1.04335,iter:6,level:4,rank:0,datasize:7629,operation:Residual
Time:0.00200447,bytes:49304,bandwidth:2.4597e+07
cr:379.262,iter:6,level:5,rank:0,datasize:6163,operation:Pre-Smoothing
SZ is downgraded to lossless mode.
SZ is downgraded to lossless mode.
Time:0.010821,bytes:49304,bandwidth:4.55631e+06
cr:1.04356,iter:6,level:5,rank:0,datasize:6163,operation:Residual
Time:0.00185149,bytes:38856,bandwidth:2.09863e+07
cr:303.562,iter:6,level:6,rank:0,datasize:4857,operation:Pre-Smoothing
SZ is downgraded to lossless mode.
SZ is downgraded to lossless mode.
Time:0.00967825,bytes:38856,bandwidth:4.01478e+06
cr:1.04306,iter:6,level:6,rank:0,datasize:4857,operation:Residual
Time:0.000866582,bytes:30080,bandwidth:3.47111e+07
cr:281.121,iter:6,level:7,rank:0,datasize:3760,operation:Pre-Smoothing
SZ is downgraded to lossless mode.
Time:0.00698914,bytes:30080,bandwidth:4.30382e+06
cr:1.04227,iter:6,level:7,rank:0,datasize:3760,operation:Residual
SZ is downgraded to lossless mode.
Time:0.000640255,bytes:22464,bandwidth:3.5086e+07
cr:209.944,iter:6,level:8,rank:0,datasize:2808,operation:Pre-Smoothing
SZ is downgraded to lossless mode.
Time:0.00518171,bytes:22464,bandwidth:4.33525e+06
cr:1.04077,iter:6,level:8,rank:0,datasize:2808,operation:Residual
SZ is downgraded to lossless mode.
Time:0.000562584,bytes:15480,bandwidth:2.75159e+07
cr:144.673,iter:6,level:9,rank:0,datasize:1935,operation:Pre-Smoothing
SZ is downgraded to lossless mode.
SZ is downgraded to lossless mode.
Time:0.00406685,bytes:15480,bandwidth:3.80639e+06
cr:1.03907,iter:6,level:9,rank:0,datasize:1935,operation:Residual
Time:0.000406093,bytes:10424,bandwidth:2.5669e+07
cr:97.4206,iter:6,level:10,rank:0,datasize:1303,operation:Pre-Smoothing
SZ is downgraded to lossless mode.
Time:0.00276082,bytes:10424,bandwidth:3.77569e+06
cr:1.03536,iter:6,level:10,rank:0,datasize:1303,operation:Residual
SZ is downgraded to lossless mode.
Time:0.000362802,bytes:6616,bandwidth:1.82358e+07
cr:61.8318,iter:6,level:11,rank:0,datasize:827,operation:Pre-Smoothing
SZ is downgraded to lossless mode.
Time:0.00206738,bytes:6616,bandwidth:3.20018e+06
cr:1.02845,iter:6,level:11,rank:0,datasize:827,operation:Residual
SZ is downgraded to lossless mode.
Time:0.00031798,bytes:4040,bandwidth:1.27052e+07
cr:39.2233,iter:6,level:12,rank:0,datasize:505,operation:Pre-Smoothing
SZ is downgraded to lossless mode.
Time:0.00153815,bytes:4040,bandwidth:2.62653e+06
cr:1.01815,iter:6,level:12,rank:0,datasize:505,operation:Residual
SZ is downgraded to lossless mode.
Time:0.000294956,bytes:2320,bandwidth:7.86558e+06
cr:22.5243,iter:6,level:13,rank:0,datasize:290,operation:Pre-Smoothing
Time:0.00151642,bytes:2320,bandwidth:1.52992e+06
cr:1.00303,iter:6,level:13,rank:0,datasize:290,operation:Residual
Time:0.00010657,bytes:1160,bandwidth:1.08849e+07
cr:10.5455,iter:6,level:14,rank:0,datasize:145,operation:Pre-Smoothing
Time:0.000468692,bytes:1160,bandwidth:2.47497e+06
cr:0.952381,iter:6,level:14,rank:0,datasize:145,operation:Residual
Time:8.3613e-05,bytes:464,bandwidth:5.54938e+06
cr:4.21818,iter:6,level:15,rank:0,datasize:58,operation:Pre-Smoothing
Time:0.000466708,bytes:464,bandwidth:994198
cr:0.888889,iter:6,level:15,rank:0,datasize:58,operation:Residual
Time:0.000300099,bytes:56,bandwidth:186605
cr:0.495575,iter:6,level:16,rank:0,datasize:7,operation:Interpolation
Time:0.000839818,bytes:464,bandwidth:552501
cr:0.888889,iter:6,level:16,rank:0,datasize:58,operation:Post-smoothing
Time:0.000450053,bytes:200,bandwidth:444392
cr:0.77821,iter:6,level:16,rank:0,datasize:25,operation:Interpolation
Time:0.000943718,bytes:1160,bandwidth:1.22918e+06
cr:0.970711,iter:6,level:16,rank:0,datasize:145,operation:Post-smoothing
Time:0.000479689,bytes:264,bandwidth:550357
cr:0.819876,iter:6,level:16,rank:0,datasize:33,operation:Interpolation
Time:0.002624,bytes:2320,bandwidth:884147
cr:1.01621,iter:6,level:16,rank:0,datasize:290,operation:Post-smoothing
Time:0.00102868,bytes:440,bandwidth:427731
cr:0.883534,iter:6,level:16,rank:0,datasize:55,operation:Interpolation
SZ is downgraded to lossless mode.
SZ is downgraded to lossless mode.
Time:0.0046786,bytes:4040,bandwidth:863506
cr:1.0359,iter:6,level:16,rank:0,datasize:505,operation:Post-smoothing
Time:0.00121457,bytes:728,bandwidth:599389
cr:0.926209,iter:6,level:16,rank:0,datasize:91,operation:Interpolation
SZ is downgraded to lossless mode.
Time:0.00479511,bytes:6616,bandwidth:1.37974e+06
cr:1.04601,iter:6,level:16,rank:0,datasize:827,operation:Post-smoothing
SZ is downgraded to lossless mode.
Time:0.00128429,bytes:1136,bandwidth:884537
cr:0.951424,iter:6,level:16,rank:0,datasize:142,operation:Interpolation
SZ is downgraded to lossless mode.
Time:0.00638426,bytes:10424,bandwidth:1.63277e+06
cr:1.05261,iter:6,level:16,rank:0,datasize:1303,operation:Post-smoothing
SZ is downgraded to lossless mode.
Time:0.00484857,bytes:1744,bandwidth:359693
cr:1,iter:6,level:16,rank:0,datasize:218,operation:Interpolation
SZ is downgraded to lossless mode.
Time:0.00675389,bytes:15480,bandwidth:2.29201e+06
cr:1.05063,iter:6,level:16,rank:0,datasize:1935,operation:Post-smoothing
SZ is downgraded to lossless mode.
Time:0.00670416,bytes:2672,bandwidth:398558
cr:1.0125,iter:6,level:16,rank:0,datasize:334,operation:Interpolation
SZ is downgraded to lossless mode.
SZ is downgraded to lossless mode.
Time:0.0086517,bytes:22464,bandwidth:2.59648e+06
cr:1.04938,iter:6,level:16,rank:0,datasize:2808,operation:Post-smoothing
SZ is downgraded to lossless mode.
Time:0.00763138,bytes:3768,bandwidth:493750
cr:1.02895,iter:6,level:16,rank:0,datasize:471,operation:Interpolation
SZ is downgraded to lossless mode.
SZ is downgraded to lossless mode.
Time:0.0105339,bytes:30080,bandwidth:2.85554e+06
cr:1.04776,iter:6,level:16,rank:0,datasize:3760,operation:Post-smoothing
SZ is downgraded to lossless mode.
SZ is downgraded to lossless mode.
Time:0.00680411,bytes:4936,bandwidth:725444
cr:1.03005,iter:6,level:16,rank:0,datasize:617,operation:Interpolation
SZ is downgraded to lossless mode.
SZ is downgraded to lossless mode.
SZ is downgraded to lossless mode.
Time:0.0118436,bytes:38856,bandwidth:3.28077e+06
cr:1.04787,iter:6,level:16,rank:0,datasize:4857,operation:Post-smoothing
SZ is downgraded to lossless mode.
Time:0.00740761,bytes:6584,bandwidth:888816
cr:1.03473,iter:6,level:16,rank:0,datasize:823,operation:Interpolation
SZ is downgraded to lossless mode.
SZ is downgraded to lossless mode.
Time:0.0126849,bytes:SZ is downgraded to lossless mode.
49304,bandwidth:3.88681e+06
cr:1.04675,iter:6,level:16,rank:0,datasize:6163,operation:Post-smoothing
SZ is downgraded to lossless mode.
SZ is downgraded to lossless mode.
Time:0.00937071,bytes:9280,bandwidth:990320
cr:1.03815,iter:6,level:16,rank:0,datasize:1160,operation:Interpolation
SZ is downgraded to lossless mode.
SZ is downgraded to lossless mode.
Time:0.0139327,bytes:61032,bandwidth:4.38049e+06
cr:1.04638,iter:6,level:16,rank:0,datasize:7629,operation:Post-smoothing
SZ is downgraded to lossless mode.
Time:0.00933415,bytes:12120,bandwidth:1.29846e+06
cr:1.04043,iter:6,level:16,rank:0,datasize:1515,operation:Interpolation
SZ is downgraded to lossless mode.
SZ is downgraded to lossless mode.
Time:0.0143578,bytes:70008,bandwidth:4.87596e+06
cr:1.04661,iter:6,level:16,rank:0,datasize:8751,operation:Post-smoothing
SZ is downgraded to lossless mode.
SZ is downgraded to lossless mode.
Time:0.0108771,bytes:16832,bandwidth:1.54747e+06
cr:1.04255,iter:6,level:16,rank:0,datasize:2104,operation:Interpolation
SZ is downgraded to lossless mode.
SZ is downgraded to lossless mode.
SZ is downgraded to lossless mode.
Time:0.0140017,bytes:64032,bandwidth:4.57316e+06
cr:1.04607,iter:6,level:16,rank:0,datasize:8004,operation:Post-smoothing
SZ is downgraded to lossless mode.
SZ is downgraded to lossless mode.
Time:0.0109529,bytes:21296,bandwidth:1.94433e+06
cr:1.04402,iter:6,level:16,rank:0,datasize:2662,operation:Interpolation
SZ is downgraded to lossless mode.
SZ is downgraded to lossless mode.
Time:0.0126112,bytes:50808,bandwidth:4.0288e+06
cr:1.04603,iter:6,level:16,rank:0,datasize:6351,operation:Post-smoothing
SZ is downgraded to lossless mode.
SZ is downgraded to lossless mode.
Time:0.00973779,bytes:19664,bandwidth:2.01935e+06
cr:1.0434,iter:6,level:16,rank:0,datasize:2458,operation:Interpolation
Time:0.00263844,bytes:40000,bandwidth:1.51605e+07
cr:1.06109,iter:6,level:16,rank:0,datasize:5000,operation:Post-smoothing
Time:0.00652813,bytes:40000,bandwidth:6.12733e+06
cr:1.06123,iter:6,level:16,rank:0,datasize:5000,operation:Residual-Norm
Time:0.00375252,bytes:40000,bandwidth:1.06595e+07
cr:1.06123,iter:7,level:0,rank:0,datasize:5000,operation:Pre-Smoothing
Time:0.00330492,bytes:40000,bandwidth:1.21032e+07
cr:1.06104,iter:7,level:0,rank:0,datasize:5000,operation:Residual
Time:0.00247969,bytes:50808,bandwidth:2.04896e+07
cr:390.831,iter:7,level:1,rank:0,datasize:6351,operation:Pre-Smoothing
SZ is downgraded to lossless mode.
Time:0.00528966,bytes:50808,bandwidth:9.60515e+06
cr:1.03222,iter:7,level:1,rank:0,datasize:6351,operation:Residual
Time:0.00286876,bytes:64032,bandwidth:2.23205e+07
cr:492.554,iter:7,level:2,rank:0,datasize:8004,operation:Pre-Smoothing
SZ is downgraded to lossless mode.
SZ is downgraded to lossless mode.
Time:0.00700088,bytes:64032,bandwidth:9.14627e+06
cr:1.03602,iter:7,level:2,rank:0,datasize:8004,operation:Residual
Time:0.00297225,bytes:70008,bandwidth:2.35538e+07
cr:534.412,iter:7,level:3,rank:0,datasize:8751,operation:Pre-Smoothing
SZ is downgraded to lossless mode.
SZ is downgraded to lossless mode.
Time:0.00746286,bytes:70008,bandwidth:9.38085e+06
cr:1.04035,iter:7,level:3,rank:0,datasize:8751,operation:Residual
Time:0.00257067,bytes:61032,bandwidth:2.37417e+07
cr:469.477,iter:7,level:4,rank:0,datasize:7629,operation:Pre-Smoothing
SZ is downgraded to lossless mode.
Time:0.00879041,bytes:61032,bandwidth:6.94302e+06
cr:1.04193,iter:7,level:4,rank:0,datasize:7629,operation:Residual
SZ is downgraded to lossless mode.
Time:0.00214357,bytes:49304,bandwidth:2.30009e+07
cr:379.262,iter:7,level:5,rank:0,datasize:6163,operation:Pre-Smoothing
SZ is downgraded to lossless mode.
SZ is downgraded to lossless mode.
Time:0.00971106,bytes:49304,bandwidth:5.0771e+06
cr:1.04237,iter:7,level:5,rank:0,datasize:6163,operation:Residual
Time:0.00196017,bytes:38856,bandwidth:1.98228e+07
cr:303.562,iter:7,level:6,rank:0,datasize:4857,operation:Pre-Smoothing
SZ is downgraded to lossless mode.
SZ is downgraded to lossless mode.
Time:0.00842065,bytes:38856,bandwidth:4.61437e+06
cr:1.04227,iter:7,level:6,rank:0,datasize:4857,operation:Residual
Time:0.000814628,bytes:30080,bandwidth:3.69248e+07
cr:281.121,iter:7,level:7,rank:0,datasize:3760,operation:Pre-Smoothing
SZ is downgraded to lossless mode.
SZ is downgraded to lossless mode.
Time:0.0060907,bytes:30080,bandwidth:4.93868e+06
cr:1.04195,iter:7,level:7,rank:0,datasize:3760,operation:Residual
Time:0.000640388,bytes:22464,bandwidth:3.50787e+07
cr:209.944,iter:7,level:8,rank:0,datasize:2808,operation:Pre-Smoothing
SZ is downgraded to lossless mode.
SZ is downgraded to lossless mode.
Time:0.00474218,bytes:22464,bandwidth:4.73706e+06
cr:1.0399,iter:7,level:8,rank:0,datasize:2808,operation:Residual
Time:0.000555646,bytes:15480,bandwidth:2.78595e+07
cr:144.673,iter:7,level:9,rank:0,datasize:1935,operation:Pre-Smoothing
SZ is downgraded to lossless mode.
SZ is downgraded to lossless mode.
Time:0.00360518,bytes:15480,bandwidth:4.29382e+06
cr:1.03732,iter:7,level:9,rank:0,datasize:1935,operation:Residual
Time:0.000413841,bytes:10424,bandwidth:2.51884e+07
cr:97.4206,iter:7,level:10,rank:0,datasize:1303,operation:Pre-Smoothing
SZ is downgraded to lossless mode.
SZ is downgraded to lossless mode.
Time:0.00276274,bytes:10424,bandwidth:3.77307e+06
cr:1.03402,iter:7,level:10,rank:0,datasize:1303,operation:Residual
Time:0.000362991,bytes:6616,bandwidth:1.82263e+07
cr:61.8318,iter:7,level:11,rank:0,datasize:827,operation:Pre-Smoothing
SZ is downgraded to lossless mode.
SZ is downgraded to lossless mode.
Time:0.00179017,bytes:6616,bandwidth:3.69573e+06
cr:1.02733,iter:7,level:11,rank:0,datasize:827,operation:Residual
Time:0.000305497,bytes:4040,bandwidth:1.32244e+07
cr:39.2233,iter:7,level:12,rank:0,datasize:505,operation:Pre-Smoothing
SZ is downgraded to lossless mode.
Time:0.00129574,bytes:4040,bandwidth:3.1179e+06
cr:1.0161,iter:7,level:12,rank:0,datasize:505,operation:Residual
SZ is downgraded to lossless mode.
Time:0.000297625,bytes:2320,bandwidth:7.79504e+06
cr:22.5243,iter:7,level:13,rank:0,datasize:290,operation:Pre-Smoothing
Time:0.00123212,bytes:2320,bandwidth:1.88293e+06
cr:0.994854,iter:7,level:13,rank:0,datasize:290,operation:Residual
Time:0.000115733,bytes:1160,bandwidth:1.00231e+07
cr:10.5455,iter:7,level:14,rank:0,datasize:145,operation:Pre-Smoothing
Time:0.000416889,bytes:1160,bandwidth:2.78252e+06
cr:0.952381,iter:7,level:14,rank:0,datasize:145,operation:Residual
Time:9.9019e-05,bytes:464,bandwidth:4.68597e+06
cr:4.21818,iter:7,level:15,rank:0,datasize:58,operation:Pre-Smoothing
Time:0.000345527,bytes:464,bandwidth:1.34288e+06
cr:0.888889,iter:7,level:15,rank:0,datasize:58,operation:Residual
Time:0.00020452,bytes:56,bandwidth:273812
cr:0.495575,iter:7,level:16,rank:0,datasize:7,operation:Interpolation
Time:0.000490388,bytes:464,bandwidth:946190
cr:0.888889,iter:7,level:16,rank:0,datasize:58,operation:Post-smoothing
Time:0.000275915,bytes:200,bandwidth:724861
cr:0.77821,iter:7,level:16,rank:0,datasize:25,operation:Interpolation
Time:0.0006281,bytes:1160,bandwidth:1.84684e+06
cr:0.970711,iter:7,level:16,rank:0,datasize:145,operation:Post-smoothing
Time:0.000349026,bytes:264,bandwidth:756391
cr:0.819876,iter:7,level:16,rank:0,datasize:33,operation:Interpolation
Time:0.00225569,bytes:2320,bandwidth:1.02851e+06
cr:1.01177,iter:7,level:16,rank:0,datasize:290,operation:Post-smoothing
Time:0.000857223,bytes:440,bandwidth:513285
cr:0.883534,iter:7,level:16,rank:0,datasize:55,operation:Interpolation
SZ is downgraded to lossless mode.
SZ is downgraded to lossless mode.
Time:0.00316188,bytes:4040,bandwidth:1.27772e+06
cr:1.03246,iter:7,level:16,rank:0,datasize:505,operation:Post-smoothing
Time:0.00324426,bytes:728,bandwidth:224397
cr:0.926209,iter:7,level:16,rank:0,datasize:91,operation:Interpolation
SZ is downgraded to lossless mode.
Time:0.00375523,bytes:6616,bandwidth:1.76181e+06
cr:1.04009,iter:7,level:16,rank:0,datasize:827,operation:Post-smoothing
SZ is downgraded to lossless mode.
Time:0.00117594,bytes:1136,bandwidth:966032
cr:0.951424,iter:7,level:16,rank:0,datasize:142,operation:Interpolation
SZ is downgraded to lossless mode.
Time:0.00607808,bytes:10424,bandwidth:1.71502e+06
cr:1.04522,iter:7,level:16,rank:0,datasize:1303,operation:Post-smoothing
SZ is downgraded to lossless mode.
Time:0.00360696,bytes:1744,bandwidth:483510
cr:0.991472,iter:7,level:16,rank:0,datasize:218,operation:Interpolation
SZ is downgraded to lossless mode.
Time:0.00612406,bytes:15480,bandwidth:2.52774e+06
cr:1.04538,iter:7,level:16,rank:0,datasize:1935,operation:Post-smoothing
SZ is downgraded to lossless mode.
Time:0.00574406,bytes:2672,bandwidth:465176
cr:1.00754,iter:7,level:16,rank:0,datasize:334,operation:Interpolation
SZ is downgraded to lossless mode.
SZ is downgraded to lossless mode.
Time:0.00842272,bytes:22464,bandwidth:2.66707e+06
cr:1.04455,iter:7,level:16,rank:0,datasize:2808,operation:Post-smoothing
SZ is downgraded to lossless mode.
SZ is downgraded to lossless mode.
Time:0.00682579,bytes:3768,bandwidth:552024
cr:1.02142,iter:7,level:16,rank:0,datasize:471,operation:Interpolation
SZ is downgraded to lossless mode.
Time:0.00996309,bytes:30080,bandwidth:3.01914e+06
cr:1.04473,iter:SZ is downgraded to lossless mode.
7,level:16,rank:0,datasize:3760,operation:Post-smoothing
SZ is downgraded to lossless mode.
Time:SZ is downgraded to lossless mode.
0.00631844,bytes:4936,bandwidth:781205
cr:1.02684,iter:7,level:16,rank:0,datasize:617,operation:Interpolation
SZ is downgraded to lossless mode.
SZ is downgraded to lossless mode.
Time:0.0118857,bytes:38856,bandwidth:3.26913e+06
cr:1.04483,iter:7,level:16,rank:0,datasize:4857,operation:Post-smoothing
SZ is downgraded to lossless mode.
Time:0.00724691,bytes:6584,bandwidth:908526
cr:1.03327,iter:7,level:16,rank:0,datasize:823,operation:Interpolation
SZ is downgraded to lossless mode.
SZ is downgraded to lossless mode.
SZ is downgraded to lossless mode.
Time:0.0123831,bytes:49304,bandwidth:3.98155e+06
cr:1.04537,iter:7,level:16,rank:0,datasize:6163,operation:Post-smoothing
SZ is downgraded to lossless mode.
Time:0.00845503,bytes:9280,bandwidth:1.09757e+06
cr:1.03734,iter:7,level:16,rank:0,datasize:1160,operation:Interpolation
SZ is downgraded to lossless mode.
SZ is downgraded to lossless mode.
SZ is downgraded to lossless mode.
Time:0.0137189,bytes:61032,bandwidth:4.44876e+06
cr:1.04512,iter:7,level:16,rank:0,datasize:7629,operation:Post-smoothing
SZ is downgraded to lossless mode.
SZ is downgraded to lossless mode.
Time:0.00867122,bytes:12120,bandwidth:1.39773e+06
cr:1.04025,iter:7,level:16,rank:0,datasize:1515,operation:Interpolation
SZ is downgraded to lossless mode.
SZ is downgraded to lossless mode.
Time:0.0144729,bytes:70008,bandwidth:4.83719e+06
cr:1.04521,iter:7,level:16,rank:0,datasize:8751,operation:Post-smoothing
SZ is downgraded to lossless mode.
Time:0.0100174,bytes:16832,bandwidth:1.68028e+06
cr:1.04197,iter:7,level:16,rank:0,datasize:2104,operation:Interpolation
SZ is downgraded to lossless mode.
SZ is downgraded to lossless mode.
SZ is downgraded to lossless mode.
Time:0.014191,bytes:64032,bandwidth:4.51216e+06
cr:1.04496,iter:7,level:16,rank:0,datasize:8004,operation:Post-smoothing
SZ is downgraded to lossless mode.
Time:0.0102389,bytes:21296,bandwidth:2.0799e+06
cr:1.04295,iter:7,level:16,rank:0,datasize:2662,operation:Interpolation
SZ is downgraded to lossless mode.
SZ is downgraded to lossless mode.
SZ is downgraded to lossless mode.
Time:0.0133381,bytes:50808,bandwidth:3.80925e+06
cr:1.04468,iter:7,level:16,rank:0,datasize:6351,operation:Post-smoothing
SZ is downgraded to lossless mode.
SZ is downgraded to lossless mode.
Time:0.00829697,bytes:19664,bandwidth:2.37002e+06
cr:1.0418,iter:7,level:16,rank:0,datasize:2458,operation:Interpolation
Time:0.00267343,bytes:40000,bandwidth:1.4962e+07
cr:1.06137,iter:7,level:16,rank:0,datasize:5000,operation:Post-smoothing
Time:0.00327679,bytes:40000,bandwidth:1.22071e+07
cr:1.06129,iter:7,level:16,rank:0,datasize:5000,operation:Residual-Norm
Time:0.00320931,bytes:40000,bandwidth:1.24637e+07
cr:1.06129,iter:8,level:0,rank:0,datasize:5000,operation:Pre-Smoothing
Time:0.00319553,bytes:40000,bandwidth:1.25175e+07
cr:1.06092,iter:8,level:0,rank:0,datasize:5000,operation:Residual
Time:0.00259261,bytes:50808,bandwidth:1.95973e+07
cr:390.831,iter:8,level:1,rank:0,datasize:6351,operation:Pre-Smoothing
Time:0.00586151,bytes:50808,bandwidth:8.66808e+06
cr:2.05625,iter:8,level:1,rank:0,datasize:6351,operation:Residual
Time:0.00288132,bytes:64032,bandwidth:2.22231e+07
cr:492.554,iter:8,level:2,rank:0,datasize:8004,operation:Pre-Smoothing
Time:0.00776872,bytes:64032,bandwidth:8.24228e+06
cr:1.88696,iter:8,level:2,rank:0,datasize:8004,operation:Residual
Time:0.00291303,bytes:70008,bandwidth:2.40327e+07
cr:534.412,iter:8,level:3,rank:0,datasize:8751,operation:Pre-Smoothing
SZ is downgraded to lossless mode.
Time:0.00671195,bytes:70008,bandwidth:1.04304e+07
cr:1.03739,iter:8,level:3,rank:0,datasize:8751,operation:Residual
SZ is downgraded to lossless mode.
Time:0.00255521,bytes:61032,bandwidth:2.38853e+07
cr:469.477,iter:8,level:4,rank:0,datasize:7629,operation:Pre-Smoothing
SZ is downgraded to lossless mode.
SZ is downgraded to lossless mode.
Time:0.00778772,bytes:61032,bandwidth:7.83696e+06
cr:1.04033,iter:8,level:4,rank:0,datasize:7629,operation:Residual
Time:0.00203467,bytes:49304,bandwidth:2.42319e+07
cr:379.262,iter:8,level:5,rank:0,datasize:6163,operation:Pre-Smoothing
SZ is downgraded to lossless mode.
SZ is downgraded to lossless mode.
Time:0.00858102,bytes:49304,bandwidth:5.7457e+06
cr:1.04114,iter:8,level:5,rank:0,datasize:6163,operation:Residual
Time:0.00192199,bytes:38856,bandwidth:2.02166e+07
cr:303.562,iter:8,level:6,rank:0,datasize:4857,operation:Pre-Smoothing
SZ is downgraded to lossless mode.
SZ is downgraded to lossless mode.
Time:0.00764692,bytes:38856,bandwidth:5.08126e+06
cr:1.04121,iter:8,level:6,rank:0,datasize:4857,operation:Residual
Time:0.000820696,bytes:30080,bandwidth:3.66518e+07
cr:281.121,iter:8,level:7,rank:0,datasize:3760,operation:Pre-Smoothing
SZ is downgraded to lossless mode.
SZ is downgraded to lossless mode.
Time:0.00533779,bytes:30080,bandwidth:5.63529e+06
cr:1.04058,iter:8,level:7,rank:0,datasize:3760,operation:Residual
Time:0.000645043,bytes:22464,bandwidth:3.48256e+07
cr:209.944,iter:8,level:8,rank:0,datasize:2808,operation:Pre-Smoothing
SZ is downgraded to lossless mode.
Time:0.00427949,bytes:22464,bandwidth:5.24922e+06
cr:1.03942,iter:8,level:8,rank:0,datasize:2808,operation:Residual
SZ is downgraded to lossless mode.
Time:0.000581763,bytes:15480,bandwidth:2.66088e+07
cr:144.673,iter:8,level:9,rank:0,datasize:1935,operation:Pre-Smoothing
SZ is downgraded to lossless mode.
SZ is downgraded to lossless mode.
Time:0.00338779,bytes:15480,bandwidth:4.56935e+06
cr:1.03746,iter:8,level:9,rank:0,datasize:1935,operation:Residual
Time:0.000432464,bytes:10424,bandwidth:2.41037e+07
cr:97.4206,iter:8,level:10,rank:0,datasize:1303,operation:Pre-Smoothing
SZ is downgraded to lossless mode.
Time:0.00250715,bytes:10424,bandwidth:4.15771e+06
cr:1.033,iter:8,level:10,rank:0,datasize:1303,operation:Residual
SZ is downgraded to lossless mode.
Time:0.000367803,bytes:6616,bandwidth:1.79879e+07
cr:61.8318,iter:8,level:11,rank:0,datasize:827,operation:Pre-Smoothing
SZ is downgraded to lossless mode.
Time:0.00177191,bytes:6616,bandwidth:3.73382e+06
cr:1.0259,iter:8,level:11,rank:0,datasize:827,operation:Residual
SZ is downgraded to lossless mode.
Time:0.000321928,bytes:4040,bandwidth:1.25494e+07
cr:39.2233,iter:8,level:12,rank:0,datasize:505,operation:Pre-Smoothing
SZ is downgraded to lossless mode.
Time:0.00132658,bytes:4040,bandwidth:3.04542e+06
cr:1.01406,iter:8,level:12,rank:0,datasize:505,operation:Residual
SZ is downgraded to lossless mode.
Time:0.000293474,bytes:2320,bandwidth:7.9053e+06
cr:22.5243,iter:8,level:13,rank:0,datasize:290,operation:Pre-Smoothing
Time:0.0010939,bytes:2320,bandwidth:2.12085e+06
cr:0.992726,iter:8,level:13,rank:0,datasize:290,operation:Residual
Time:0.00010982,bytes:1160,bandwidth:1.05627e+07
cr:10.5455,iter:8,level:14,rank:0,datasize:145,operation:Pre-Smoothing
Time:0.000347022,bytes:1160,bandwidth:3.34273e+06
cr:0.952381,iter:8,level:14,rank:0,datasize:145,operation:Residual
Time:8.1939e-05,bytes:464,bandwidth:5.66275e+06
cr:4.21818,iter:8,level:15,rank:0,datasize:58,operation:Pre-Smoothing
Time:0.000259281,bytes:464,bandwidth:1.78956e+06
cr:0.888889,iter:8,level:15,rank:0,datasize:58,operation:Residual
Time:0.000146902,bytes:56,bandwidth:381207
cr:0.495575,iter:8,level:16,rank:0,datasize:7,operation:Interpolation
Time:0.000331366,bytes:464,bandwidth:1.40026e+06
cr:0.888889,iter:8,level:16,rank:0,datasize:58,operation:Post-smoothing
Time:0.00019442,bytes:200,bandwidth:1.0287e+06
cr:0.77821,iter:8,level:16,rank:0,datasize:25,operation:Interpolation
Time:0.0004809,bytes:1160,bandwidth:2.41214e+06
cr:0.952381,iter:8,level:16,rank:0,datasize:145,operation:Post-smoothing
Time:0.000265173,bytes:264,bandwidth:995576
cr:0.819876,iter:8,level:16,rank:0,datasize:33,operation:Interpolation
Time:0.00163107,bytes:2320,bandwidth:1.42238e+06
cr:1.00651,iter:8,level:16,rank:0,datasize:290,operation:Post-smoothing
Time:0.000677804,bytes:440,bandwidth:649155
cr:0.883534,iter:8,level:16,rank:0,datasize:55,operation:Interpolation
SZ is downgraded to lossless mode.
SZ is downgraded to lossless mode.
Time:0.00256514,bytes:4040,bandwidth:1.57496e+06
cr:1.02434,iter:8,level:16,rank:0,datasize:505,operation:Post-smoothing
Time:0.00128546,bytes:728,bandwidth:566333
cr:0.936937,iter:8,level:16,rank:0,datasize:91,operation:Interpolation
SZ is downgraded to lossless mode.
SZ is downgraded to lossless mode.
Time:0.00313177,bytes:6616,bandwidth:2.11254e+06
cr:1.03327,iter:8,level:16,rank:0,datasize:827,operation:Post-smoothing
Time:0.000842074,bytes:1136,bandwidth:1.34905e+06
cr:0.951424,iter:8,level:16,rank:0,datasize:142,operation:Interpolation
SZ is downgraded to lossless mode.
Time:0.00477631,bytes:10424,bandwidth:2.18244e+06
cr:1.03856,iter:8,level:16,rank:0,datasize:1303,operation:Post-smoothing
SZ is downgraded to lossless mode.
Time:0.00246012,bytes:1744,bandwidth:708909
cr:0.986425,iter:8,level:16,rank:0,datasize:218,operation:Interpolation
SZ is downgraded to lossless mode.
Time:0.0053103,bytes:15480,bandwidth:2.91509e+06
cr:1.0413,iter:8,level:16,rank:0,datasize:1935,operation:Post-smoothing
SZ is downgraded to lossless mode.
Time:0.00427922,bytes:2672,bandwidth:624413
cr:1.00602,iter:8,level:16,rank:0,datasize:334,operation:Interpolation
SZ is downgraded to lossless mode.
SZ is downgraded to lossless mode.
Time:0.00777924,bytes:22464,bandwidth:2.88769e+06
cr:1.04251,iter:8,level:16,rank:0,datasize:2808,operation:Post-smoothing
SZ is downgraded to lossless mode.
Time:0.00552977,bytes:3768,bandwidth:681403
cr:1.0192,iter:8,level:16,rank:0,datasize:471,operation:Interpolation
SZ is downgraded to lossless mode.
SZ is downgraded to lossless mode.
SZ is downgraded to lossless mode.
Time:0.0101026,bytes:30080,bandwidth:2.97744e+06
cr:1.04365,iter:8,level:16,rank:0,datasize:3760,operation:Post-smoothing
SZ is downgraded to lossless mode.
SZ is downgraded to lossless mode.
Time:0.00603695,bytes:4936,bandwidth:817632
cr:1.02577,iter:8,level:16,rank:0,datasize:617,operation:Interpolation
SZ is downgraded to lossless mode.
SZ is downgraded to lossless mode.
Time:0.0116184,bytes:38856,bandwidth:3.34436e+06
cr:1.04491,iter:8,level:16,rank:0,datasize:4857,operation:Post-smoothing
SZ is downgraded to lossless mode.
SZ is downgraded to lossless mode.
Time:0.00667006,bytes:6584,bandwidth:987097
cr:1.03197,iter:8,level:16,rank:0,datasize:823,operation:Interpolation
SZ is downgraded to lossless mode.
SZ is downgraded to lossless mode.
Time:0.0124344,bytes:49304,bandwidth:3.96514e+06
cr:1.04449,iter:8,level:16,rank:0,datasize:6163,operation:Post-smoothing
SZ is downgraded to lossless mode.
SZ is downgraded to lossless mode.
Time:0.0075149,bytes:9280,bandwidth:1.23488e+06
cr:1.0378,iter:8,level:16,rank:0,datasize:1160,operation:Interpolation
SZ is downgraded to lossless mode.
SZ is downgraded to lossless mode.
Time:0.0138385,bytes:61032,bandwidth:4.41029e+06
cr:1.04491,iter:8,level:16,rank:0,datasize:7629,operation:Post-smoothing
SZ is downgraded to lossless mode.
Time:0.00750323,bytes:12120,bandwidth:1.6153e+06
cr:1.03847,iter:8,level:16,rank:0,datasize:1515,operation:Interpolation
SZ is downgraded to lossless mode.
SZ is downgraded to lossless mode.
SZ is downgraded to lossless mode.
Time:0.0143889,bytes:70008,bandwidth:4.86543e+06
cr:1.0455,iter:8,level:16,rank:0,datasize:8751,operation:Post-smoothing
SZ is downgraded to lossless mode.
Time:0.00972916,bytes:16832,bandwidth:1.73006e+06
cr:1.04088,iter:8,level:16,rank:0,datasize:2104,operation:Interpolation
SZ is downgraded to lossless mode.
SZ is downgraded to lossless mode.
SZ is downgraded to lossless mode.
Time:0.0139638,bytes:64032,bandwidth:4.58558e+06
cr:1.04477,iter:8,level:16,rank:0,datasize:8004,operation:Post-smoothing
SZ is downgraded to lossless mode.
SZ is downgraded to lossless mode.
Time:0.00909687,bytes:21296,bandwidth:2.34102e+06
cr:1.04224,iter:8,level:16,rank:0,datasize:2662,operation:Interpolation
SZ is downgraded to lossless mode.
SZ is downgraded to lossless mode.
Time:0.013396,bytes:50808,bandwidth:3.79278e+06
cr:1.04481,iter:8,level:16,rank:0,datasize:6351,operation:Post-smoothing
SZ is downgraded to lossless mode.
SZ is downgraded to lossless mode.
Time:0.0070368,bytes:19664,bandwidth:2.79445e+06
cr:1.04257,iter:8,level:16,rank:0,datasize:2458,operation:Interpolation
Time:0.00290528,bytes:40000,bandwidth:1.3768e+07
cr:1.06126,iter:8,level:16,rank:0,datasize:5000,operation:Post-smoothing
Time:0.00323528,bytes:40000,bandwidth:1.23637e+07
cr:1.06154,iter:8,level:16,rank:0,datasize:5000,operation:Residual-Norm
Time:0.00317518,bytes:40000,bandwidth:1.25977e+07
cr:1.06154,iter:9,level:0,rank:0,datasize:5000,operation:Pre-Smoothing
Time:0.003262,bytes:40000,bandwidth:1.22624e+07
cr:1.06129,iter:9,level:0,rank:0,datasize:5000,operation:Residual
Time:0.00245401,bytes:50808,bandwidth:2.07041e+07
cr:390.831,iter:9,level:1,rank:0,datasize:6351,operation:Pre-Smoothing
Time:0.00511107,bytes:50808,bandwidth:9.94079e+06
cr:2.60274,iter:9,level:1,rank:0,datasize:6351,operation:Residual
Time:0.00287438,bytes:64032,bandwidth:2.22768e+07
cr:492.554,iter:9,level:2,rank:0,datasize:8004,operation:Pre-Smoothing
Time:0.0068296,bytes:64032,bandwidth:9.37566e+06
cr:2.30563,iter:9,level:2,rank:0,datasize:8004,operation:Residual
Time:0.00290267,bytes:70008,bandwidth:2.41185e+07
cr:534.412,iter:9,level:3,rank:0,datasize:8751,operation:Pre-Smoothing
Time:0.00763678,bytes:70008,bandwidth:9.16722e+06
cr:1.75419,iter:9,level:3,rank:0,datasize:8751,operation:Residual
Time:0.0025176,bytes:61032,bandwidth:2.42421e+07
cr:469.477,iter:9,level:4,rank:0,datasize:7629,operation:Pre-Smoothing
SZ is downgraded to lossless mode.
SZ is downgraded to lossless mode.
Time:0.00678274,bytes:61032,bandwidth:8.99813e+06
cr:1.03764,iter:9,level:4,rank:0,datasize:7629,operation:Residual
Time:0.00206401,bytes:49304,bandwidth:2.38875e+07
cr:379.262,iter:9,level:5,rank:0,datasize:6163,operation:Pre-Smoothing
SZ is downgraded to lossless mode.
SZ is downgraded to lossless mode.
Time:0.00774709,bytes:49304,bandwidth:6.36419e+06
cr:1.03962,iter:9,level:5,rank:0,datasize:6163,operation:Residual
Time:0.00200032,bytes:38856,bandwidth:1.94249e+07
cr:303.562,iter:9,level:6,rank:0,datasize:4857,operation:Pre-Smoothing
SZ is downgraded to lossless mode.
SZ is downgraded to lossless mode.
Time:0.00860256,bytes:38856,bandwidth:4.5168e+06
cr:1.0401,iter:9,level:6,rank:0,datasize:4857,operation:Residual
Time:0.000803316,bytes:30080,bandwidth:3.74448e+07
cr:281.121,iter:9,level:7,rank:0,datasize:3760,operation:Pre-Smoothing
SZ is downgraded to lossless mode.
Time:0.0052566,bytes:30080,bandwidth:5.72233e+06
cr:1.03918,iter:9,level:7,rank:0,datasize:3760,operation:Residual
SZ is downgraded to lossless mode.
Time:0.000647286,bytes:22464,bandwidth:3.47049e+07
cr:209.944,iter:9,level:8,rank:0,datasize:2808,operation:Pre-Smoothing
SZ is downgraded to lossless mode.
SZ is downgraded to lossless mode.
Time:0.00401976,bytes:22464,bandwidth:5.58839e+06
cr:1.03827,iter:9,level:8,rank:0,datasize:2808,operation:Residual
Time:0.00058329,bytes:15480,bandwidth:2.65391e+07
cr:144.673,iter:9,level:9,rank:0,datasize:1935,operation:Pre-Smoothing
SZ is downgraded to lossless mode.
SZ is downgraded to lossless mode.
Time:0.00316463,bytes:15480,bandwidth:4.89157e+06
cr:1.03566,iter:9,level:9,rank:0,datasize:1935,operation:Residual
Time:0.000428973,bytes:10424,bandwidth:2.42999e+07
cr:97.4206,iter:9,level:10,rank:0,datasize:1303,operation:Pre-Smoothing
SZ is downgraded to lossless mode.
Time:0.00226499,bytes:10424,bandwidth:4.60223e+06
cr:1.03218,iter:9,level:10,rank:0,datasize:1303,operation:Residual
SZ is downgraded to lossless mode.
Time:0.000368526,bytes:6616,bandwidth:1.79526e+07
cr:61.8318,iter:9,level:11,rank:0,datasize:827,operation:Pre-Smoothing
SZ is downgraded to lossless mode.
Time:0.00159722,bytes:6616,bandwidth:4.14219e+06
cr:1.0251,iter:9,level:11,rank:0,datasize:827,operation:Residual
SZ is downgraded to lossless mode.
Time:0.000313455,bytes:4040,bandwidth:1.28886e+07
cr:39.2233,iter:9,level:12,rank:0,datasize:505,operation:Pre-Smoothing
SZ is downgraded to lossless mode.
Time:0.00121084,bytes:4040,bandwidth:3.33653e+06
cr:1.01279,iter:9,level:12,rank:0,datasize:505,operation:Residual
SZ is downgraded to lossless mode.
Time:0.000295431,bytes:2320,bandwidth:7.85293e+06
cr:22.5243,iter:9,level:13,rank:0,datasize:290,operation:Pre-Smoothing
Time:0.000982524,bytes:2320,bandwidth:2.36127e+06
cr:0.993151,iter:9,level:13,rank:0,datasize:290,operation:Residual
Time:0.00011082,bytes:1160,bandwidth:1.04674e+07
cr:10.5455,iter:9,level:14,rank:0,datasize:145,operation:Pre-Smoothing
Time:0.000316202,bytes:1160,bandwidth:3.66854e+06
cr:0.952381,iter:9,level:14,rank:0,datasize:145,operation:Residual
Time:9.0491e-05,bytes:464,bandwidth:5.12758e+06
cr:4.21818,iter:9,level:15,rank:0,datasize:58,operation:Pre-Smoothing
Time:0.000212166,bytes:464,bandwidth:2.18697e+06
cr:0.888889,iter:9,level:15,rank:0,datasize:58,operation:Residual
Time:0.000119744,bytes:56,bandwidth:467664
cr:0.495575,iter:9,level:16,rank:0,datasize:7,operation:Interpolation
Time:0.000236648,bytes:464,bandwidth:1.96072e+06
cr:0.888889,iter:9,level:16,rank:0,datasize:58,operation:Post-smoothing
Time:0.000152973,bytes:200,bandwidth:1.30742e+06
cr:0.77821,iter:9,level:16,rank:0,datasize:25,operation:Interpolation
Time:0.000386405,bytes:1160,bandwidth:3.00203e+06
cr:0.952381,iter:9,level:16,rank:0,datasize:145,operation:Post-smoothing
Time:0.000234482,bytes:264,bandwidth:1.12589e+06
cr:0.819876,iter:9,level:16,rank:0,datasize:33,operation:Interpolation
Time:0.00121414,bytes:2320,bandwidth:1.91081e+06
cr:1,iter:9,level:16,rank:0,datasize:290,operation:Post-smoothing
Time:0.000542412,bytes:440,bandwidth:811191
cr:0.883534,iter:9,level:16,rank:0,datasize:55,operation:Interpolation
SZ is downgraded to lossless mode.
SZ is downgraded to lossless mode.
Time:0.0020821,bytes:4040,bandwidth:1.94035e+06
cr:1.01917,iter:9,level:16,rank:0,datasize:505,operation:Post-smoothing
Time:0.00103905,bytes:728,bandwidth:700641
cr:0.943005,iter:9,level:16,rank:0,datasize:91,operation:Interpolation
SZ is downgraded to lossless mode.
SZ is downgraded to lossless mode.
Time:0.00380154,bytes:6616,bandwidth:1.74035e+06
cr:1.03198,iter:9,level:16,rank:0,datasize:827,operation:Post-smoothing
Time:0.000724235,bytes:1136,bandwidth:1.56855e+06
cr:0.951424,iter:9,level:16,rank:0,datasize:142,operation:Interpolation
SZ is downgraded to lossless mode.
Time:0.00403803,bytes:10424,bandwidth:2.58146e+06
cr:1.0367,iter:9,level:16,rank:0,datasize:1303,operation:Post-smoothing
SZ is downgraded to lossless mode.
Time:0.0021894,bytes:1744,bandwidth:796565
cr:0.967814,iter:9,level:16,rank:0,datasize:218,operation:Interpolation
SZ is downgraded to lossless mode.
Time:0.00488903,bytes:15480,bandwidth:3.16627e+06
cr:1.03976,iter:9,level:16,rank:0,datasize:1935,operation:Post-smoothing
SZ is downgraded to lossless mode.
Time:0.00343294,bytes:2672,bandwidth:778342
cr:1.00754,iter:9,level:16,rank:0,datasize:334,operation:Interpolation
SZ is downgraded to lossless mode.
Time:0.00711144,bytes:22464,bandwidth:3.15886e+06
cr:1.04212,iter:9,level:16,rank:0,datasize:2808,operation:Post-smoothing
SZ is downgraded to lossless mode.
SZ is downgraded to lossless mode.
Time:0.0046137,bytes:3768,bandwidth:816699
cr:1.01948,iter:9,level:16,rank:0,datasize:471,operation:Interpolation
SZ is downgraded to lossless mode.
SZ is downgraded to lossless mode.
Time:0.00869363,bytes:30080,bandwidth:3.46001e+06
cr:1.0435,iter:9,level:16,rank:0,datasize:3760,operation:Post-smoothing
SZ is downgraded to lossless mode.
SZ is downgraded to lossless mode.
SZ is downgraded to lossless mode.
Time:0.00557078,bytes:4936,bandwidth:886052
cr:1.02513,iter:9,level:16,rank:0,datasize:617,operation:Interpolation
SZ is downgraded to lossless mode.
SZ is downgraded to lossless mode.
Time:0.0164512,bytes:38856,bandwidth:2.3619e+06
cr:1.04356,iter:9,level:16,rank:0,datasize:4857,operation:Post-smoothing
SZ is downgraded to lossless mode.
SZ is downgraded to lossless mode.
Time:0.00597083,bytes:6584,bandwidth:1.10269e+06
cr:1.03262,iter:9,level:16,rank:0,datasize:823,operation:Interpolation
SZ is downgraded to lossless mode.
SZ is downgraded to lossless mode.
Time:0.0115881,bytes:49304,bandwidth:4.2547e+06
cr:1.04413,iter:9,level:16,rank:0,datasize:6163,operation:Post-smoothing
SZ is downgraded to lossless mode.
SZ is downgraded to lossless mode.
Time:0.00713558,bytes:9280,bandwidth:1.30052e+06
cr:1.0356,iter:9,level:16,rank:0,datasize:1160,operation:Interpolation
SZ is downgraded to lossless mode.
SZ is downgraded to lossless mode.
Time:0.0135547,bytes:61032,bandwidth:4.50265e+06
cr:1.04487,iter:9,level:16,rank:0,datasize:7629,operation:Post-smoothing
SZ is downgraded to lossless mode.
Time:0.00717546,bytes:12120,bandwidth:1.68909e+06
cr:1.03981,iter:9,level:16,rank:0,datasize:1515,operation:Interpolation
SZ is downgraded to lossless mode.
SZ is downgraded to lossless mode.
SZ is downgraded to lossless mode.
Time:0.0140601,bytes:70008,bandwidth:4.97921e+06
cr:1.04468,iter:9,level:16,rank:0,datasize:8751,operation:Post-smoothing
SZ is downgraded to lossless mode.
SZ is downgraded to lossless mode.
Time:0.00873409,bytes:16832,bandwidth:1.92716e+06
cr:1.04165,iter:9,level:16,rank:0,datasize:2104,operation:Interpolation
SZ is downgraded to lossless mode.
SZ is downgraded to lossless mode.
Time:0.0136938,bytes:64032,bandwidth:4.67597e+06
cr:1.04441,iter:9,level:16,rank:0,datasize:8004,operation:Post-smoothing
SZ is downgraded to lossless mode.
SZ is downgraded to lossless mode.
Time:0.00818018,bytes:21296,bandwidth:2.60337e+06
cr:1.04203,iter:9,level:16,rank:0,datasize:2662,operation:Interpolation
SZ is downgraded to lossless mode.
SZ is downgraded to lossless mode.
Time:0.0127403,bytes:50808,bandwidth:3.98798e+06
cr:1.04477,iter:9,level:16,rank:0,datasize:6351,operation:Post-smoothing
SZ is downgraded to lossless mode.
SZ is downgraded to lossless mode.
Time:0.00642603,bytes:19664,bandwidth:3.06005e+06
cr:1.0413,iter:9,level:16,rank:0,datasize:2458,operation:Interpolation
Time:0.00277763,bytes:40000,bandwidth:1.44008e+07
cr:1.06168,iter:9,level:16,rank:0,datasize:5000,operation:Post-smoothing
Time:0.00321463,bytes:40000,bandwidth:1.24431e+07
cr:1.06115,iter:9,level:16,rank:0,datasize:5000,operation:Residual-Norm
Time:0.00312913,bytes:40000,bandwidth:1.27831e+07
cr:1.06115,iter:10,level:0,rank:0,datasize:5000,operation:Pre-Smoothing
Time:0.00317732,bytes:40000,bandwidth:1.25892e+07
cr:1.06225,iter:10,level:0,rank:0,datasize:5000,operation:Residual
Time:0.00247823,bytes:50808,bandwidth:2.05017e+07
cr:390.831,iter:10,level:1,rank:0,datasize:6351,operation:Pre-Smoothing
Time:0.00471782,bytes:50808,bandwidth:1.07694e+07
cr:3.16482,iter:10,level:1,rank:0,datasize:6351,operation:Residual
Time:0.002882,bytes:64032,bandwidth:2.22179e+07
cr:492.554,iter:10,level:2,rank:0,datasize:8004,operation:Pre-Smoothing
Time:0.00616951,bytes:64032,bandwidth:1.03788e+07
cr:2.75063,iter:10,level:2,rank:0,datasize:8004,operation:Residual
Time:0.00291161,bytes:70008,bandwidth:2.40444e+07
cr:534.412,iter:10,level:3,rank:0,datasize:8751,operation:Pre-Smoothing
Time:0.00696167,bytes:70008,bandwidth:1.00562e+07
cr:2.06794,iter:10,level:3,rank:0,datasize:8751,operation:Residual
Time:0.00248897,bytes:61032,bandwidth:2.4521e+07
cr:469.477,iter:10,level:4,rank:0,datasize:7629,operation:Pre-Smoothing
SZ is downgraded to lossless mode.
SZ is downgraded to lossless mode.
Time:0.00554995,bytes:61032,bandwidth:1.09969e+07
cr:1.03481,iter:10,level:4,rank:0,datasize:7629,operation:Residual
Time:0.00205764,bytes:49304,bandwidth:2.39615e+07
cr:379.262,iter:10,level:5,rank:0,datasize:6163,operation:Pre-Smoothing
SZ is downgraded to lossless mode.
SZ is downgraded to lossless mode.
Time:0.00606279,bytes:49304,bandwidth:8.13222e+06
cr:1.03802,iter:10,level:5,rank:0,datasize:6163,operation:Residual
Time:0.00205248,bytes:38856,bandwidth:1.89312e+07
cr:303.562,iter:10,level:6,rank:0,datasize:4857,operation:Pre-Smoothing
SZ is downgraded to lossless mode.
SZ is downgraded to lossless mode.
Time:0.00595537,bytes:38856,bandwidth:6.52453e+06
cr:1.0389,iter:10,level:6,rank:0,datasize:4857,operation:Residual
Time:0.000813267,bytes:30080,bandwidth:3.69866e+07
cr:281.121,iter:10,level:7,rank:0,datasize:3760,operation:Pre-Smoothing
SZ is downgraded to lossless mode.
SZ is downgraded to lossless mode.
Time:0.0045464,bytes:30080,bandwidth:6.61622e+06
cr:1.0381,iter:10,level:7,rank:0,datasize:3760,operation:Residual
Time:0.000673053,bytes:22464,bandwidth:3.33763e+07
cr:209.944,iter:10,level:8,rank:0,datasize:2808,operation:Pre-Smoothing
SZ is downgraded to lossless mode.
SZ is downgraded to lossless mode.
Time:0.00361937,bytes:22464,bandwidth:6.20661e+06
cr:1.03784,iter:10,level:8,rank:0,datasize:2808,operation:Residual
Time:0.000573586,bytes:15480,bandwidth:2.69881e+07
cr:144.673,iter:10,level:9,rank:0,datasize:1935,operation:Pre-Smoothing
SZ is downgraded to lossless mode.
SZ is downgraded to lossless mode.
Time:0.00288331,bytes:15480,bandwidth:5.36883e+06
cr:1.03393,iter:10,level:9,rank:0,datasize:1935,operation:Residual
Time:0.000405907,bytes:10424,bandwidth:2.56808e+07
cr:97.4206,iter:10,level:10,rank:0,datasize:1303,operation:Pre-Smoothing
SZ is downgraded to lossless mode.
SZ is downgraded to lossless mode.
Time:0.0022147,bytes:10424,bandwidth:4.70673e+06
cr:1.03055,iter:10,level:10,rank:0,datasize:1303,operation:Residual
Time:0.000352492,bytes:6616,bandwidth:1.87692e+07
cr:61.8318,iter:10,level:11,rank:0,datasize:827,operation:Pre-Smoothing
SZ is downgraded to lossless mode.
SZ is downgraded to lossless mode.
Time:0.00149164,bytes:6616,bandwidth:4.43539e+06
cr:1.02304,iter:10,level:11,rank:0,datasize:827,operation:Residual
Time:0.000318048,bytes:4040,bandwidth:1.27025e+07
cr:39.2233,iter:10,level:12,rank:0,datasize:505,operation:Pre-Smoothing
SZ is downgraded to lossless mode.
SZ is downgraded to lossless mode.
Time:0.00119022,bytes:4040,bandwidth:3.39434e+06
cr:1.01253,iter:10,level:12,rank:0,datasize:505,operation:Residual
Time:0.000292021,bytes:2320,bandwidth:7.94463e+06
cr:22.5243,iter:10,level:13,rank:0,datasize:290,operation:Pre-Smoothing
Time:0.000897232,bytes:2320,bandwidth:2.58573e+06
cr:0.9752,iter:10,level:13,rank:0,datasize:290,operation:Residual
Time:0.000115432,bytes:1160,bandwidth:1.00492e+07
cr:10.5455,iter:10,level:14,rank:0,datasize:145,operation:Pre-Smoothing
Time:0.000289445,bytes:1160,bandwidth:4.00767e+06
cr:0.952381,iter:10,level:14,rank:0,datasize:145,operation:Residual
Time:8.5397e-05,bytes:464,bandwidth:5.43345e+06
cr:4.21818,iter:10,level:15,rank:0,datasize:58,operation:Pre-Smoothing
Time:0.000184533,bytes:464,bandwidth:2.51446e+06
cr:0.888889,iter:10,level:15,rank:0,datasize:58,operation:Residual
Time:0.000100693,bytes:56,bandwidth:556146
cr:0.495575,iter:10,level:16,rank:0,datasize:7,operation:Interpolation
Time:0.000189948,bytes:464,bandwidth:2.44277e+06
cr:0.888889,iter:10,level:16,rank:0,datasize:58,operation:Post-smoothing
Time:0.000136223,bytes:200,bandwidth:1.46818e+06
cr:0.77821,iter:10,level:16,rank:0,datasize:25,operation:Interpolation
Time:0.000353278,bytes:1160,bandwidth:3.28353e+06
cr:0.952381,iter:10,level:16,rank:0,datasize:145,operation:Post-smoothing
Time:0.000204991,bytes:264,bandwidth:1.28786e+06
cr:0.819876,iter:10,level:16,rank:0,datasize:33,operation:Interpolation
Time:0.00125502,bytes:2320,bandwidth:1.84857e+06
cr:0.993576,iter:10,level:16,rank:0,datasize:290,operation:Post-smoothing
Time:0.000389225,bytes:440,bandwidth:1.13045e+06
cr:0.883534,iter:10,level:16,rank:0,datasize:55,operation:Interpolation
SZ is downgraded to lossless mode.
Time:SZ is downgraded to lossless mode.
0.00182305,bytes:4040,bandwidth:2.21607e+06
cr:1.01815,iter:10,level:16,rank:0,datasize:505,operation:Post-smoothing
Time:0.000894904,bytes:728,bandwidth:813495
cr:0.933333,iter:10,level:16,rank:0,datasize:91,operation:Interpolation
SZ is downgraded to lossless mode.
SZ is downgraded to lossless mode.
Time:0.00229674,bytes:6616,bandwidth:2.88061e+06
cr:1.03101,iter:10,level:16,rank:0,datasize:827,operation:Post-smoothing
Time:0.000620487,bytes:1136,bandwidth:1.83082e+06
cr:0.951424,iter:10,level:16,rank:0,datasize:142,operation:Interpolation
SZ is downgraded to lossless mode.
SZ is downgraded to lossless mode.
Time:0.00372359,bytes:10424,bandwidth:2.79945e+06
cr:1.03649,iter:10,level:16,rank:0,datasize:1303,operation:Post-smoothing
Time:0.00200539,bytes:1744,bandwidth:869656
cr:0.967814,iter:10,level:16,rank:0,datasize:218,operation:Interpolation
SZ is downgraded to lossless mode.
Time:0.00454128,bytes:15480,bandwidth:3.40873e+06
cr:1.03969,iter:10,level:16,rank:0,datasize:1935,operation:Post-smoothing
SZ is downgraded to lossless mode.
Time:0.00279269,bytes:2672,bandwidth:956784
cr:1.00413,iter:10,level:16,rank:0,datasize:334,operation:Interpolation
SZ is downgraded to lossless mode.
SZ is downgraded to lossless mode.
Time:0.00993026,bytes:22464,bandwidth:2.26218e+06
cr:1.04183,iter:10,level:16,rank:0,datasize:2808,operation:Post-smoothing
SZ is downgraded to lossless mode.
Time:0.00400137,bytes:3768,bandwidth:941677
cr:1.01783,iter:10,level:16,rank:0,datasize:471,operation:Interpolation
SZ is downgraded to lossless mode.
SZ is downgraded to lossless mode.
Time:0.00814616,bytes:30080,bandwidth:3.69254e+06
cr:1.04307,iter:10,level:16,rank:0,datasize:3760,operation:Post-smoothing
SZ is downgraded to lossless mode.
SZ is downgraded to lossless mode.
SZ is downgraded to lossless mode.
Time:0.0056435,bytes:4936,bandwidth:874634
cr:1.02577,iter:10,level:16,rank:0,datasize:617,operation:Interpolation
SZ is downgraded to lossless mode.
SZ is downgraded to lossless mode.
Time:0.0110403,bytes:38856,bandwidth:3.51947e+06
cr:1.04446,iter:10,level:16,rank:0,datasize:4857,operation:Post-smoothing
SZ is downgraded to lossless mode.
Time:0.00540433,bytes:6584,bandwidth:1.21828e+06
cr:1.03068,iter:10,level:16,rank:0,datasize:823,operation:Interpolation
SZ is downgraded to lossless mode.
SZ is downgraded to lossless mode.
SZ is downgraded to lossless mode.
Time:0.0110688,bytes:49304,bandwidth:4.45432e+06
cr:1.0442,iter:10,level:16,rank:0,datasize:6163,operation:Post-smoothing
SZ is downgraded to lossless mode.
Time:0.00674047,bytes:9280,bandwidth:1.37676e+06
cr:1.0371,iter:10,level:16,rank:0,datasize:1160,operation:Interpolation
SZ is downgraded to lossless mode.
SZ is downgraded to lossless mode.
Time:0.0128128,bytes:61032,bandwidth:4.76338e+06
cr:1.04475,iter:10,level:16,rank:0,datasize:7629,operation:Post-smoothing
SZ is downgraded to lossless mode.
SZ is downgraded to lossless mode.
Time:0.00658473,bytes:12120,bandwidth:1.84062e+06
cr:1.03909,iter:10,level:16,rank:0,datasize:1515,operation:Interpolation
SZ is downgraded to lossless mode.
SZ is downgraded to lossless mode.
Time:0.0130279,bytes:70008,bandwidth:5.37371e+06
cr:1.04491,iter:10,level:16,rank:0,datasize:8751,operation:Post-smoothing
SZ is downgraded to lossless mode.
SZ is downgraded to lossless mode.
Time:0.00740634,bytes:16832,bandwidth:2.27265e+06
cr:1.04184,iter:10,level:16,rank:0,datasize:2104,operation:Interpolation
SZ is downgraded to lossless mode.
SZ is downgraded to lossless mode.
Time:0.0130003,bytes:64032,bandwidth:4.92544e+06
cr:1.04508,iter:10,level:16,rank:0,datasize:8004,operation:Post-smoothing
SZ is downgraded to lossless mode.
SZ is downgraded to lossless mode.
SZ is downgraded to lossless mode.
Time:0.00725318,bytes:21296,bandwidth:2.93609e+06
cr:1.04264,iter:10,level:16,rank:0,datasize:2662,operation:Interpolation
SZ is downgraded to lossless mode.
SZ is downgraded to lossless mode.
Time:0.0117243,bytes:50808,bandwidth:4.33356e+06
cr:1.04464,iter:10,level:16,rank:0,datasize:6351,operation:Post-smoothing
SZ is downgraded to lossless mode.
SZ is downgraded to lossless mode.
Time:0.00877014,bytes:19664,bandwidth:2.24215e+06
cr:1.04274,iter:10,level:16,rank:0,datasize:2458,operation:Interpolation
Time:0.00282864,bytes:40000,bandwidth:1.41411e+07
cr:1.06115,iter:10,level:16,rank:0,datasize:5000,operation:Post-smoothing
Time:0.0063775,bytes:40000,bandwidth:6.27205e+06
cr:1.06143,iter:10,level:16,rank:0,datasize:5000,operation:Residual-Norm
Time:0.00324388,bytes:40000,bandwidth:1.23309e+07
cr:1.06143,iter:11,level:0,rank:0,datasize:5000,operation:Pre-Smoothing
Time:0.00321402,bytes:40000,bandwidth:1.24455e+07
cr:1.06087,iter:11,level:0,rank:0,datasize:5000,operation:Residual
Time:0.00248853,bytes:50808,bandwidth:2.04168e+07
cr:390.831,iter:11,level:1,rank:0,datasize:6351,operation:Pre-Smoothing
Time:0.00445744,bytes:50808,bandwidth:1.13985e+07
cr:3.73451,iter:11,level:1,rank:0,datasize:6351,operation:Residual
Time:0.00288237,bytes:64032,bandwidth:2.2215e+07
cr:492.554,iter:11,level:2,rank:0,datasize:8004,operation:Pre-Smoothing
Time:0.0052197,bytes:64032,bandwidth:1.22674e+07
cr:3.85433,iter:11,level:2,rank:0,datasize:8004,operation:Residual
Time:0.00291476,bytes:70008,bandwidth:2.40184e+07
cr:534.412,iter:11,level:3,rank:0,datasize:8751,operation:Pre-Smoothing
Time:0.00630645,bytes:70008,bandwidth:1.1101e+07
cr:2.44475,iter:11,level:3,rank:0,datasize:8751,operation:Residual
Time:0.00254853,bytes:61032,bandwidth:2.39479e+07
cr:469.477,iter:11,level:4,rank:0,datasize:7629,operation:Pre-Smoothing
Time:0.0064332,bytes:61032,bandwidth:9.48703e+06
cr:2.0323,iter:11,level:4,rank:0,datasize:7629,operation:Residual
Time:0.00202325,bytes:49304,bandwidth:2.43687e+07
cr:379.262,iter:11,level:5,rank:0,datasize:6163,operation:Pre-Smoothing
SZ is downgraded to lossless mode.
SZ is downgraded to lossless mode.
Time:0.00562638,bytes:49304,bandwidth:8.763e+06
cr:1.03573,iter:11,level:5,rank:0,datasize:6163,operation:Residual
Time:0.00195889,bytes:38856,bandwidth:1.98357e+07
cr:303.562,iter:11,level:6,rank:0,datasize:4857,operation:Pre-Smoothing
SZ is downgraded to lossless mode.
SZ is downgraded to lossless mode.
Time:0.00532416,bytes:38856,bandwidth:7.29806e+06
cr:1.03649,iter:11,level:6,rank:0,datasize:4857,operation:Residual
Time:0.000792064,bytes:30080,bandwidth:3.79767e+07
cr:281.121,iter:11,level:7,rank:0,datasize:3760,operation:Pre-Smoothing
SZ is downgraded to lossless mode.
SZ is downgraded to lossless mode.
Time:0.00408534,bytes:30080,bandwidth:7.36292e+06
cr:1.03674,iter:11,level:7,rank:0,datasize:3760,operation:Residual
Time:0.000651732,bytes:22464,bandwidth:3.44682e+07
cr:209.944,iter:11,level:8,rank:0,datasize:2808,operation:Pre-Smoothing
SZ is downgraded to lossless mode.
SZ is downgraded to lossless mode.
Time:0.00340793,bytes:22464,bandwidth:6.59168e+06
cr:1.03693,iter:11,level:8,rank:0,datasize:2808,operation:Residual
Time:0.00054025,bytes:15480,bandwidth:2.86534e+07
cr:144.673,iter:11,level:9,rank:0,datasize:1935,operation:Pre-Smoothing
SZ is downgraded to lossless mode.
SZ is downgraded to lossless mode.
Time:0.00267408,bytes:15480,bandwidth:5.7889e+06
cr:1.03283,iter:11,level:9,rank:0,datasize:1935,operation:Residual
Time:0.000414353,bytes:10424,bandwidth:2.51573e+07
cr:97.4206,iter:11,level:10,rank:0,datasize:1303,operation:Pre-Smoothing
SZ is downgraded to lossless mode.
Time:0.00201847,bytes:10424,bandwidth:5.1643e+06
cr:1.03055,iter:11,level:10,rank:0,datasize:1303,operation:Residual
SZ is downgraded to lossless mode.
Time:0.000368612,bytes:6616,bandwidth:1.79484e+07
cr:61.8318,iter:11,level:11,rank:0,datasize:827,operation:Pre-Smoothing
SZ is downgraded to lossless mode.
Time:0.0013512,bytes:6616,bandwidth:4.89638e+06
cr:1.02288,iter:11,level:11,rank:0,datasize:827,operation:Residual
SZ is downgraded to lossless mode.
Time:0.000320872,bytes:4040,bandwidth:1.25907e+07
cr:39.2233,iter:11,level:12,rank:0,datasize:505,operation:Pre-Smoothing
SZ is downgraded to lossless mode.
Time:0.0011493SZ is downgraded to lossless mode.
,bytes:4040,bandwidth:3.51517e+06
cr:1.00899,iter:11,level:12,rank:0,datasize:505,operation:Residual
Time:0.000300287,bytes:2320,bandwidth:7.72594e+06
cr:22.5243,iter:11,level:13,rank:0,datasize:290,operation:Pre-Smoothing
Time:0.0008732,bytes:2320,bandwidth:2.65689e+06
cr:0.9752,iter:11,level:13,rank:0,datasize:290,operation:Residual
Time:0.00013383,bytes:1160,bandwidth:8.66771e+06
cr:10.5455,iter:11,level:14,rank:0,datasize:145,operation:Pre-Smoothing
Time:0.000281794,bytes:1160,bandwidth:4.11648e+06
cr:0.952381,iter:11,level:14,rank:0,datasize:145,operation:Residual
Time:8.6722e-05,bytes:464,bandwidth:5.35043e+06
cr:4.21818,iter:11,level:15,rank:0,datasize:58,operation:Pre-Smoothing
Time:0.000167805,bytes:464,bandwidth:2.76511e+06
cr:0.888889,iter:11,level:15,rank:0,datasize:58,operation:Residual
Time:9.0158e-05,bytes:56,bandwidth:621132
cr:0.495575,iter:11,level:16,rank:0,datasize:7,operation:Interpolation
Time:0.000165259,bytes:464,bandwidth:2.80771e+06
cr:0.888889,iter:11,level:16,rank:0,datasize:58,operation:Post-smoothing
Time:0.000128843,bytes:200,bandwidth:1.55228e+06
cr:0.77821,iter:11,level:16,rank:0,datasize:25,operation:Interpolation
Time:0.000339463,bytes:1160,bandwidth:3.41716e+06
cr:0.952381,iter:11,level:16,rank:0,datasize:145,operation:Post-smoothing
Time:0.000189329,bytes:264,bandwidth:1.3944e+06
cr:0.819876,iter:11,level:16,rank:0,datasize:33,operation:Interpolation
Time:0.00100466,bytes:2320,bandwidth:2.30924e+06
cr:0.9752,iter:11,level:16,rank:0,datasize:290,operation:Post-smoothing
Time:0.000354235,bytes:440,bandwidth:1.24211e+06
cr:0.883534,iter:11,level:16,rank:0,datasize:55,operation:Interpolation
SZ is downgraded to lossless mode.
SZ is downgraded to lossless mode.
Time:0.00171466,bytes:4040,bandwidth:2.35615e+06
cr:1.01738,iter:11,level:16,rank:0,datasize:505,operation:Post-smoothing
Time:0.000764108,bytes:728,bandwidth:952745
cr:0.935733,iter:11,level:16,rank:0,datasize:91,operation:Interpolation
SZ is downgraded to lossless mode.
SZ is downgraded to lossless mode.
Time:0.00211676,bytes:6616,bandwidth:3.12553e+06
cr:1.02925,iter:11,level:16,rank:0,datasize:827,operation:Post-smoothing
Time:0.000563334,bytes:1136,bandwidth:2.01657e+06
cr:0.951424,iter:11,level:16,rank:0,datasize:142,operation:Interpolation
SZ is downgraded to lossless mode.
SZ is downgraded to lossless mode.
Time:0.00422678,bytes:10424,bandwidth:2.46618e+06
cr:1.03711,iter:11,level:16,rank:0,datasize:1303,operation:Post-smoothing
Time:0.00208838,bytes:1744,bandwidth:835096
cr:0.986425,iter:11,level:16,rank:0,datasize:218,operation:Interpolation
SZ is downgraded to lossless mode.
Time:0.00437774,bytes:15480,bandwidth:3.53607e+06
cr:1.0399,iter:11,level:16,rank:0,datasize:1935,operation:Post-smoothing
SZ is downgraded to lossless mode.
Time:0.00246115,bytes:2672,bandwidth:1.08567e+06
cr:1.00602,iter:11,level:16,rank:0,datasize:334,operation:Interpolation
SZ is downgraded to lossless mode.
Time:0.00592426,bytes:22464,bandwidth:3.79187e+06
cr:1.04222,iter:11,level:16,rank:0,datasize:2808,operation:Post-smoothing
SZ is downgraded to lossless mode.
SZ is downgraded to lossless mode.
Time:0.00350304,bytes:3768,bandwidth:1.07564e+06
cr:1.017,iter:11,level:16,rank:0,datasize:471,operation:Interpolation
SZ is downgraded to lossless mode.
SZ is downgraded to lossless mode.
Time:0.00734688,bytes:30080,bandwidth:4.09426e+06
cr:1.04336,iter:11,level:16,rank:0,datasize:3760,operation:Post-smoothing
SZ is downgraded to lossless mode.
SZ is downgraded to lossless mode.
SZ is downgraded to lossless mode.
Time:0.00530452,bytes:4936,bandwidth:930528
cr:1.02364,iter:11,level:16,rank:0,datasize:617,operation:Interpolation
SZ is downgraded to lossless mode.
SZ is downgraded to lossless mode.
Time:0.0112962,bytes:38856,bandwidth:3.43976e+06
cr:1.04337,iter:11,level:16,rank:0,datasize:4857,operation:Post-smoothing
SZ is downgraded to lossless mode.
SZ is downgraded to lossless mode.
Time:0.00504866,bytes:6584,bandwidth:1.30411e+06
cr:1.03262,iter:11,level:16,rank:0,datasize:823,operation:Interpolation
SZ is downgraded to lossless mode.
Time:0.0102397,bytes:49304,bandwidth:4.81499e+06
cr:1.04389,iter:11,level:16,rank:0,datasize:6163,operation:Post-smoothing
SZ is downgraded to lossless mode.
SZ is downgraded to lossless mode.
SZ is downgraded to lossless mode.
Time:0.00667809,bytes:9280,bandwidth:1.38962e+06
cr:1.03687,iter:11,level:16,rank:0,datasize:1160,operation:Interpolation
SZ is downgraded to lossless mode.
SZ is downgraded to lossless mode.
Time:0.013378,bytes:61032,bandwidth:4.56212e+06
cr:1.0445,iter:11,level:16,rank:0,datasize:7629,operation:Post-smoothing
SZ is downgraded to lossless mode.
Time:0.00635784,bytes:12120,bandwidth:1.90631e+06
cr:1.04008,iter:11,level:16,rank:0,datasize:1515,operation:Interpolation
SZ is downgraded to lossless mode.
SZ is downgraded to lossless mode.
SZ is downgraded to lossless mode.
Time:0.0138752,bytes:70008,bandwidth:5.04555e+06
cr:1.04457,iter:11,level:16,rank:0,datasize:8751,operation:Post-smoothing
SZ is downgraded to lossless mode.
Time:0.00674601,bytes:16832,bandwidth:2.4951e+06
cr:1.04152,iter:11,level:16,rank:0,datasize:2104,operation:Interpolation
SZ is downgraded to lossless mode.
SZ is downgraded to lossless mode.
SZ is downgraded to lossless mode.
Time:0.0134208,bytes:64032,bandwidth:4.77109e+06
cr:1.04436,iter:11,level:16,rank:0,datasize:8004,operation:Post-smoothing
SZ is downgraded to lossless mode.
Time:0.00685818,bytes:21296,bandwidth:3.1052e+06
cr:1.04188,iter:11,level:16,rank:0,datasize:2662,operation:Interpolation
SZ is downgraded to lossless mode.
SZ is downgraded to lossless mode.
SZ is downgraded to lossless mode.
Time:0.0128137,bytes:50808,bandwidth:3.96512e+06
cr:1.04414,iter:11,level:16,rank:0,datasize:6351,operation:Post-smoothing
SZ is downgraded to lossless mode.
Time:0.00544892,bytes:19664,bandwidth:3.60879e+06
cr:1.04164,iter:11,level:16,rank:0,datasize:2458,operation:Interpolation
SZ is downgraded to lossless mode.
Time:0.00313139,bytes:40000,bandwidth:1.27739e+07
cr:1.06174,iter:11,level:16,rank:0,datasize:5000,operation:Post-smoothing
Time:0.00321514,bytes:40000,bandwidth:1.24411e+07
cr:1.06146,iter:11,level:16,rank:0,datasize:5000,operation:Residual-Norm
Time:0.00308182,bytes:40000,bandwidth:1.29793e+07
cr:1.06146,iter:12,level:0,rank:0,datasize:5000,operation:Pre-Smoothing
Time:0.00312133,bytes:40000,bandwidth:1.2815e+07
cr:1.06188,iter:12,level:0,rank:0,datasize:5000,operation:Residual
Time:0.00244863,bytes:50808,bandwidth:2.07496e+07
cr:390.831,iter:12,level:1,rank:0,datasize:6351,operation:Pre-Smoothing
Time:0.00407335,bytes:50808,bandwidth:1.24733e+07
cr:5.1519,iter:12,level:1,rank:0,datasize:6351,operation:Residual
Time:0.00511761,bytes:64032,bandwidth:1.25121e+07
cr:492.554,iter:12,level:2,rank:0,datasize:8004,operation:Pre-Smoothing
Time:0.00563094,bytes:64032,bandwidth:1.13715e+07
cr:4.35089,iter:12,level:2,rank:0,datasize:8004,operation:Residual
Time:0.00293139,bytes:70008,bandwidth:2.38822e+07
cr:534.412,iter:12,level:3,rank:0,datasize:8751,operation:Pre-Smoothing
Time:0.0057482,bytes:70008,bandwidth:1.21791e+07
cr:3.18653,iter:12,level:3,rank:0,datasize:8751,operation:Residual
Time:0.00257135,bytes:61032,bandwidth:2.37354e+07
cr:469.477,iter:12,level:4,rank:0,datasize:7629,operation:Pre-Smoothing
Time:0.00673721,bytes:61032,bandwidth:9.05894e+06
cr:2.00829,iter:12,level:4,rank:0,datasize:7629,operation:Residual
Time:0.00203406,bytes:49304,bandwidth:2.42392e+07
cr:379.262,iter:12,level:5,rank:0,datasize:6163,operation:Pre-Smoothing
SZ is downgraded to lossless mode.
SZ is downgraded to lossless mode.
Time:0.00496634,bytes:49304,bandwidth:9.92762e+06
cr:1.03309,iter:12,level:5,rank:0,datasize:6163,operation:Residual
Time:0.00201039,bytes:38856,bandwidth:1.93276e+07
cr:303.562,iter:12,level:6,rank:0,datasize:4857,operation:Pre-Smoothing
SZ is downgraded to lossless mode.
SZ is downgraded to lossless mode.
Time:0.00778035,bytes:38856,bandwidth:4.99412e+06
cr:1.03481,iter:12,level:6,rank:0,datasize:4857,operation:Residual
Time:0.000808745,bytes:30080,bandwidth:3.71934e+07
cr:281.121,iter:12,level:7,rank:0,datasize:3760,operation:Pre-Smoothing
SZ is downgraded to lossless mode.
SZ is downgraded to lossless mode.
Time:0.00395922,bytes:30080,bandwidth:7.59746e+06
cr:1.03617,iter:12,level:7,rank:0,datasize:3760,operation:Residual
Time:0.000605797,bytes:22464,bandwidth:3.70817e+07
cr:209.944,iter:12,level:8,rank:0,datasize:2808,operation:Pre-Smoothing
SZ is downgraded to lossless mode.
SZ is downgraded to lossless mode.
Time:0.0032416,bytes:22464,bandwidth:6.92992e+06
cr:1.03473,iter:12,level:8,rank:0,datasize:2808,operation:Residual
Time:0.00062416,bytes:15480,bandwidth:2.48013e+07
cr:144.673,iter:12,level:9,rank:0,datasize:1935,operation:Pre-Smoothing
SZ is downgraded to lossless mode.
SZ is downgraded to lossless mode.
Time:0.00257969,bytes:15480,bandwidth:6.00071e+06
cr:1.03255,iter:12,level:9,rank:0,datasize:1935,operation:Residual
Time:0.000428283,bytes:10424,bandwidth:2.4339e+07
cr:97.4206,iter:12,level:10,rank:0,datasize:1303,operation:Pre-Smoothing
SZ is downgraded to lossless mode.
SZ is downgraded to lossless mode.
Time:0.00192427,bytes:10424,bandwidth:5.41713e+06
cr:1.02841,iter:12,level:10,rank:0,datasize:1303,operation:Residual
Time:0.00038809,bytes:6616,bandwidth:1.70476e+07
cr:61.8318,iter:12,level:11,rank:0,datasize:827,operation:Pre-Smoothing
SZ is downgraded to lossless mode.
SZ is downgraded to lossless mode.
Time:0.00136054,bytes:6616,bandwidth:4.86278e+06
cr:1.02178,iter:12,level:11,rank:0,datasize:827,operation:Residual
Time:0.000312928,bytes:4040,bandwidth:1.29103e+07
cr:39.2233,iter:12,level:12,rank:0,datasize:505,operation:Pre-Smoothing
SZ is downgraded to lossless mode.
SZ is downgraded to lossless mode.
Time:0.00112715,bytes:4040,bandwidth:3.58425e+06
cr:1.00874,iter:12,level:12,rank:0,datasize:505,operation:Residual
Time:0.000300074,bytes:2320,bandwidth:7.73143e+06
cr:22.5243,iter:12,level:13,rank:0,datasize:290,operation:Pre-Smoothing
Time:0.000935303,bytes:2320,bandwidth:2.48048e+06
cr:0.982634,iter:12,level:13,rank:0,datasize:290,operation:Residual
Time:0.000111047,bytes:1160,bandwidth:1.0446e+07
cr:10.5455,iter:12,level:14,rank:0,datasize:145,operation:Pre-Smoothing
Time:0.000255079,bytes:1160,bandwidth:4.54761e+06
cr:0.952381,iter:12,level:14,rank:0,datasize:145,operation:Residual
Time:8.9233e-05,bytes:464,bandwidth:5.19987e+06
cr:4.21818,iter:12,level:15,rank:0,datasize:58,operation:Pre-Smoothing
Time:0.000154672,bytes:464,bandwidth:2.9999e+06
cr:0.888889,iter:12,level:15,rank:0,datasize:58,operation:Residual
Time:8.5369e-05,bytes:56,bandwidth:655976
cr:0.495575,iter:12,level:16,rank:0,datasize:7,operation:Interpolation
Time:0.000145905,bytes:464,bandwidth:3.18015e+06
cr:0.888889,iter:12,level:16,rank:0,datasize:58,operation:Post-smoothing
Time:0.000116588,bytes:200,bandwidth:1.71544e+06
cr:0.77821,iter:12,level:16,rank:0,datasize:25,operation:Interpolation
Time:0.000304768,bytes:1160,bandwidth:3.80617e+06
cr:0.952381,iter:12,level:16,rank:0,datasize:145,operation:Post-smoothing
Time:0.000163258,bytes:264,bandwidth:1.61707e+06
cr:0.819876,iter:12,level:16,rank:0,datasize:33,operation:Interpolation
Time:0.000994121,bytes:2320,bandwidth:2.33372e+06
cr:0.993576,iter:12,level:16,rank:0,datasize:290,operation:Post-smoothing
Time:0.000301298,bytes:440,bandwidth:1.46035e+06
cr:0.883534,iter:12,level:16,rank:0,datasize:55,operation:Interpolation
SZ is downgraded to lossless mode.
Time:0.00154562,bytes:4040,bandwidth:2.61384e+06
cr:1.0161,iter:12,level:16,rank:0,datasize:505,operation:Post-smoothing
SZ is downgraded to lossless mode.
Time:0.000862446,bytes:728,bandwidth:844111
cr:0.940568,iter:12,level:16,rank:0,datasize:91,operation:Interpolation
SZ is downgraded to lossless mode.
SZ is downgraded to lossless mode.
Time:0.00188273,bytes:6616,bandwidth:3.51405e+06
cr:1.02845,iter:12,level:16,rank:0,datasize:827,operation:Post-smoothing
Time:0.000504606,bytes:1136,bandwidth:2.25126e+06
cr:0.951424,iter:12,level:16,rank:0,datasize:142,operation:Interpolation
SZ is downgraded to lossless mode.
SZ is downgraded to lossless mode.
Time:0.00335225,bytes:10424,bandwidth:3.10955e+06
cr:1.03577,iter:12,level:16,rank:0,datasize:1303,operation:Post-smoothing
Time:0.00174506,bytes:1744,bandwidth:999390
cr:0.985868,iter:12,level:16,rank:0,datasize:218,operation:Interpolation
SZ is downgraded to lossless mode.
Time:0.0040882,bytes:15480,bandwidth:3.78651e+06
cr:1.03872,iter:12,level:16,rank:0,datasize:1935,operation:Post-smoothing
SZ is downgraded to lossless mode.
Time:0.00225794,bytes:2672,bandwidth:1.18338e+06
cr:1.00602,iter:12,level:16,rank:0,datasize:334,operation:Interpolation
SZ is downgraded to lossless mode.
Time:0.00566027,bytes:22464,bandwidth:3.96871e+06
cr:1.04101,iter:12,level:16,rank:0,datasize:2808,operation:Post-smoothing
SZ is downgraded to lossless mode.
SZ is downgraded to lossless mode.
Time:0.00319466,bytes:3768,bandwidth:1.17947e+06
cr:1.01673,iter:12,level:16,rank:0,datasize:471,operation:Interpolation
SZ is downgraded to lossless mode.
SZ is downgraded to lossless mode.
SZ is downgraded to lossless mode.
Time:0.00692324,bytes:30080,bandwidth:4.34478e+06
cr:1.04271,iter:12,level:16,rank:0,datasize:3760,operation:Post-smoothing
SZ is downgraded to lossless mode.
Time:0.00347712,bytes:4936,bandwidth:1.41956e+06
cr:1.02534,iter:12,level:16,rank:0,datasize:617,operation:Interpolation
SZ is downgraded to lossless mode.
SZ is downgraded to lossless mode.
SZ is downgraded to lossless mode.
Time:0.00946493,bytes:38856,bandwidth:4.10526e+06
cr:1.04328,iter:12,level:16,rank:0,datasize:4857,operation:Post-smoothing
SZ is downgraded to lossless mode.
Time:0.00443743,bytes:6584,bandwidth:1.48374e+06
cr:1.03052,iter:12,level:16,rank:0,datasize:823,operation:Interpolation
SZ is downgraded to lossless mode.
SZ is downgraded to lossless mode.
SZ is downgraded to lossless mode.
Time:0.0130716,bytes:49304,bandwidth:3.77183e+06
cr:1.04433,iter:12,level:16,rank:0,datasize:6163,operation:Post-smoothing
SZ is downgraded to lossless mode.
SZ is downgraded to lossless mode.
Time:0.00569886,bytes:9280,bandwidth:1.6284e+06
cr:1.03641,iter:12,level:16,rank:0,datasize:1160,operation:Interpolation
SZ is downgraded to lossless mode.
Time:0.0117202,bytes:61032,bandwidth:5.20743e+06
cr:1.04437,iter:12,level:16,rank:0,datasize:7629,operation:Post-smoothing
SZ is downgraded to lossless mode.
SZ is downgraded to lossless mode.
Time:0.00477345,bytes:12120,bandwidth:2.53904e+06
cr:1.03936,iter:12,level:16,rank:0,datasize:1515,operation:Interpolation
SZ is downgraded to lossless mode.
SZ is downgraded to lossless mode.
SZ is downgraded to lossless mode.
Time:0.0126632,bytes:70008,bandwidth:5.52844e+06
cr:1.04468,iter:12,level:16,rank:0,datasize:8751,operation:Post-smoothing
SZ is downgraded to lossless mode.
SZ is downgraded to lossless mode.
Time:0.00605917,bytes:16832,bandwidth:2.77794e+06
cr:1.04146,iter:12,level:16,rank:0,datasize:2104,operation:Interpolation
SZ is downgraded to lossless mode.
SZ is downgraded to lossless mode.
Time:0.0125606,bytes:64032,bandwidth:5.09787e+06
cr:1.04423,iter:12,level:16,rank:0,datasize:8004,operation:Post-smoothing
SZ is downgraded to lossless mode.
Time:0.00657763,bytes:21296,bandwidth:3.23764e+06
cr:1.04208,iter:12,level:16,rank:0,datasize:2662,operation:Interpolation
SZ is downgraded to lossless mode.
SZ is downgraded to lossless mode.
SZ is downgraded to lossless mode.
Time:0.0114568,bytes:50808,bandwidth:4.43476e+06
cr:1.04429,iter:12,level:16,rank:0,datasize:6351,operation:Post-smoothing
SZ is downgraded to lossless mode.
Time:0.0049841,bytes:19664,bandwidth:3.94535e+06
cr:1.04153,iter:12,level:16,rank:0,datasize:2458,operation:Interpolation
SZ is downgraded to lossless mode.
Time:0.00320858,bytes:40000,bandwidth:1.24666e+07
cr:1.0616,iter:12,level:16,rank:0,datasize:5000,operation:Post-smoothing
Time:0.00317587,bytes:40000,bandwidth:1.2595e+07
cr:1.06185,iter:12,level:16,rank:0,datasize:5000,operation:Residual-Norm
Time:0.00318115,bytes:40000,bandwidth:1.25741e+07
cr:1.06185,iter:13,level:0,rank:0,datasize:5000,operation:Pre-Smoothing
Time:0.00312216,bytes:40000,bandwidth:1.28116e+07
cr:1.06213,iter:13,level:0,rank:0,datasize:5000,operation:Residual
Time:0.00240184,bytes:50808,bandwidth:2.11538e+07
cr:390.831,iter:13,level:1,rank:0,datasize:6351,operation:Pre-Smoothing
Time:0.00394684,bytes:50808,bandwidth:1.28731e+07
cr:5.09251,iter:13,level:1,rank:0,datasize:6351,operation:Residual
Time:0.00289058,bytes:64032,bandwidth:2.21519e+07
cr:492.554,iter:13,level:2,rank:0,datasize:8004,operation:Pre-Smoothing
Time:0.0049238,bytes:64032,bandwidth:1.30046e+07
cr:4.37616,iter:13,level:2,rank:0,datasize:8004,operation:Residual
Time:0.00291685,bytes:70008,bandwidth:2.40013e+07
cr:534.412,iter:13,level:3,rank:0,datasize:8751,operation:Pre-Smoothing
Time:0.00504557,bytes:70008,bandwidth:1.38752e+07
cr:3.68696,iter:13,level:3,rank:0,datasize:8751,operation:Residual
Time:0.00255793,bytes:61032,bandwidth:2.38599e+07
cr:469.477,iter:13,level:4,rank:0,datasize:7629,operation:Pre-Smoothing
Time:0.00571602,bytes:61032,bandwidth:1.06774e+07
cr:2.36375,iter:13,level:4,rank:0,datasize:7629,operation:Residual
Time:0.00202818,bytes:49304,bandwidth:2.43094e+07
cr:379.262,iter:13,level:5,rank:0,datasize:6163,operation:Pre-Smoothing
SZ is downgraded to lossless mode.
Time:0.00554714,bytes:49304,bandwidth:8.88818e+06
cr:1.88313,iter:13,level:5,rank:0,datasize:6163,operation:Residual
Time:0.00200492,bytes:38856,bandwidth:1.93803e+07
cr:303.562,iter:13,level:6,rank:0,datasize:4857,operation:Pre-Smoothing
SZ is downgraded to lossless mode.
SZ is downgraded to lossless mode.
Time:0.00479562,bytes:38856,bandwidth:8.10239e+06
cr:1.03349,iter:13,level:6,rank:0,datasize:4857,operation:Residual
Time:0.000796874,bytes:30080,bandwidth:3.77475e+07
cr:281.121,iter:13,level:7,rank:0,datasize:3760,operation:Pre-Smoothing
SZ is downgraded to lossless mode.
SZ is downgraded to lossless mode.
Time:0.00362527,bytes:30080,bandwidth:8.29731e+06
cr:1.03471,iter:13,level:7,rank:0,datasize:3760,operation:Residual
Time:0.000648381,bytes:22464,bandwidth:3.46463e+07
cr:209.944,iter:13,level:8,rank:0,datasize:2808,operation:Pre-Smoothing
SZ is downgraded to lossless mode.
Time:0.0029833,bytes:22464,bandwidth:7.5299e+06
cr:1.03402,iter:13,level:8,rank:0,datasize:2808,operation:Residual
SZ is downgraded to lossless mode.
Time:0.00056652,bytes:15480,bandwidth:2.73247e+07
cr:144.673,iter:13,level:9,rank:0,datasize:1935,operation:Pre-Smoothing
SZ is downgraded to lossless mode.
SZ is downgraded to lossless mode.
Time:0.00245352,bytes:15480,bandwidth:6.30931e+06
cr:1.03152,iter:13,level:9,rank:0,datasize:1935,operation:Residual
Time:0.00043748,bytes:10424,bandwidth:2.38274e+07
cr:97.4206,iter:13,level:10,rank:0,datasize:1303,operation:Pre-Smoothing
SZ is downgraded to lossless mode.
Time:0.00177608,bytes:10424,bandwidth:5.86911e+06
cr:1.0271,iter:13,level:10,rank:0,datasize:1303,operation:Residual
SZ is downgraded to lossless mode.
Time:0.000388056,bytes:6616,bandwidth:1.70491e+07
cr:61.8318,iter:13,level:11,rank:0,datasize:827,operation:Pre-Smoothing
SZ is downgraded to lossless mode.
Time:0.00127121,bytes:6616,bandwidth:5.2045e+06
cr:1.02162,iter:13,level:11,rank:0,datasize:827,operation:Residual
SZ is downgraded to lossless mode.
Time:0.000303191,bytes:4040,bandwidth:1.33249e+07
cr:39.2233,iter:13,level:12,rank:0,datasize:505,operation:Pre-Smoothing
SZ is downgraded to lossless mode.
Time:0.00111471,bytes:4040,bandwidth:3.62427e+06
cr:SZ is downgraded to lossless mode.
1.00899,iter:13,level:12,rank:0,datasize:505,operation:Residual
Time:0.000289097,bytes:2320,bandwidth:8.02499e+06
cr:22.5243,iter:13,level:13,rank:0,datasize:290,operation:Pre-Smoothing
Time:0.000808657,bytes:2320,bandwidth:2.86895e+06
cr:0.9752,iter:13,level:13,rank:0,datasize:290,operation:Residual
Time:0.000107549,bytes:1160,bandwidth:1.07858e+07
cr:10.5455,iter:13,level:14,rank:0,datasize:145,operation:Pre-Smoothing
Time:0.000249046,bytes:1160,bandwidth:4.65777e+06
cr:0.952381,iter:13,level:14,rank:0,datasize:145,operation:Residual
Time:8.3701e-05,bytes:464,bandwidth:5.54354e+06
cr:4.21818,iter:13,level:15,rank:0,datasize:58,operation:Pre-Smoothing
Time:0.000139719,bytes:464,bandwidth:3.32095e+06
cr:0.888889,iter:13,level:15,rank:0,datasize:58,operation:Residual
Time:7.4276e-05,bytes:56,bandwidth:753945
cr:0.495575,iter:13,level:16,rank:0,datasize:7,operation:Interpolation
Time:0.000137095,bytes:464,bandwidth:3.38451e+06
cr:0.888889,iter:13,level:16,rank:0,datasize:58,operation:Post-smoothing
Time:0.000118147,bytes:200,bandwidth:1.69281e+06
cr:0.77821,iter:13,level:16,rank:0,datasize:25,operation:Interpolation
Time:0.000283969,bytes:1160,bandwidth:4.08495e+06
cr:0.952381,iter:13,level:16,rank:0,datasize:145,operation:Post-smoothing
Time:0.000155173,bytes:264,bandwidth:1.70133e+06
cr:0.819876,iter:13,level:16,rank:0,datasize:33,operation:Interpolation
Time:0.000932849,bytes:2320,bandwidth:2.487e+06
cr:0.9752,iter:13,level:16,rank:0,datasize:290,operation:Post-smoothing
Time:0.000265363,bytes:440,bandwidth:1.65811e+06
cr:0.883534,iter:13,level:16,rank:0,datasize:55,operation:Interpolation
SZ is downgraded to lossless mode.
Time:0.00142826,bytes:4040,bandwidth:SZ is downgraded to lossless mode.
2.82863e+06
cr:1.01661,iter:13,level:16,rank:0,datasize:505,operation:Post-smoothing
Time:0.000590116,bytes:728,bandwidth:1.23366e+06
cr:0.940568,iter:13,level:16,rank:0,datasize:91,operation:Interpolation
SZ is downgraded to lossless mode.
SZ is downgraded to lossless mode.
Time:0.00164681,bytes:6616,bandwidth:4.01745e+06
cr:1.0259,iter:13,level:16,rank:0,datasize:827,operation:Post-smoothing
Time:0.000473119,bytes:1136,bandwidth:2.40109e+06
cr:0.951424,iter:13,level:16,rank:0,datasize:142,operation:Interpolation
SZ is downgraded to lossless mode.
SZ is downgraded to lossless mode.
Time:0.00304306,bytes:10424,bandwidth:3.42549e+06
cr:1.03515,iter:13,level:16,rank:0,datasize:1303,operation:Post-smoothing
Time:0.00145105,bytes:1744,bandwidth:1.20189e+06
cr:0.967814,iter:13,level:16,rank:0,datasize:218,operation:Interpolation
SZ is downgraded to lossless mode.
Time:0.00390337,bytes:15480,bandwidth:3.9658e+06
cr:1.03858,iter:13,level:16,rank:0,datasize:1935,operation:Post-smoothing
SZ is downgraded to lossless mode.
Time:0.00205317,bytes:2672,bandwidth:1.3014e+06
cr:1.00376,iter:13,level:16,rank:0,datasize:334,operation:Interpolation
SZ is downgraded to lossless mode.
Time:0.0054545,bytes:22464,bandwidth:4.11844e+06
cr:1.04178,iter:13,level:16,rank:0,datasize:2808,operation:Post-smoothing
SZ is downgraded to lossless mode.
SZ is downgraded to lossless mode.
SZ is downgraded to lossless mode.
Time:0.00286138,bytes:3768,bandwidth:1.31685e+06
cr:1.01481,iter:13,level:16,rank:0,datasize:471,operation:Interpolation
SZ is downgraded to lossless mode.
SZ is downgraded to lossless mode.
Time:0.00643607,bytes:30080,bandwidth:4.67366e+06
cr:1.04289,iter:13,level:16,rank:0,datasize:3760,operation:Post-smoothing
SZ is downgraded to lossless mode.
SZ is downgraded to lossless mode.
Time:0.00362194,bytes:4936,bandwidth:1.3628e+06
cr:1.02492,iter:13,level:16,rank:0,datasize:617,operation:Interpolation
SZ is downgraded to lossless mode.
SZ is downgraded to lossless mode.
Time:0.00868743,bytes:38856,bandwidth:4.47267e+06
cr:1.04337,iter:13,level:16,rank:0,datasize:4857,operation:Post-smoothing
SZ is downgraded to lossless mode.
SZ is downgraded to lossless mode.
Time:0.00416236,bytes:6584,bandwidth:1.58179e+06
cr:1.03052,iter:13,level:16,rank:0,datasize:823,operation:Interpolation
SZ is downgraded to lossless mode.
SZ is downgraded to lossless mode.
Time:0.00938325,bytes:49304,bandwidth:5.25447e+06
cr:1.04393,iter:13,level:16,rank:0,datasize:6163,operation:Post-smoothing
SZ is downgraded to lossless mode.
SZ is downgraded to lossless mode.
Time:0.00494103,bytes:9280,bandwidth:1.87815e+06
cr:1.03514,iter:13,level:16,rank:0,datasize:1160,operation:Interpolation
SZ is downgraded to lossless mode.
Time:0.0106358,bytes:61032,bandwidth:5.73835e+06
cr:1.04467,iter:13,level:16,rank:0,datasize:7629,operation:Post-smoothing
SZ is downgraded to lossless mode.
SZ is downgraded to lossless mode.
SZ is downgraded to lossless mode.
Time:0.00496826,bytes:12120,bandwidth:2.43949e+06
cr:1.03776,iter:13,level:16,rank:0,datasize:1515,operation:Interpolation
SZ is downgraded to lossless mode.
SZ is downgraded to lossless mode.
Time:0.0116149,bytes:70008,bandwidth:6.02741e+06
cr:1.04416,iter:13,level:16,rank:0,datasize:8751,operation:Post-smoothing
SZ is downgraded to lossless mode.
Time:0.00512836,bytes:16832,bandwidth:3.28214e+06
cr:1.04068,iter:13,level:16,rank:0,datasize:2104,operation:Interpolation
SZ is downgraded to lossless mode.
SZ is downgraded to lossless mode.
SZ is downgraded to lossless mode.
Time:0.0116975,bytes:64032,bandwidth:5.47399e+06
cr:1.04458,iter:13,level:16,rank:0,datasize:8004,operation:Post-smoothing
SZ is downgraded to lossless mode.
SZ is downgraded to lossless mode.
Time:0.00603829,bytes:21296,bandwidth:3.52683e+06
cr:1.04101,iter:13,level:16,rank:0,datasize:2662,operation:Interpolation
SZ is downgraded to lossless mode.
SZ is downgraded to lossless mode.
Time:0.00950781,bytes:50808,bandwidth:5.34382e+06
cr:1.04436,iter:13,level:16,rank:0,datasize:6351,operation:Post-smoothing
SZ is downgraded to lossless mode.
Time:0.00451668,bytes:19664,bandwidth:4.35364e+06
cr:1.04175,iter:13,level:16,rank:0,datasize:2458,operation:Interpolation
SZ is downgraded to lossless mode.
Time:0.00291154,bytes:40000,bandwidth:1.37384e+07
cr:1.0614,iter:13,level:16,rank:0,datasize:5000,operation:Post-smoothing
Time:0.00320639,bytes:40000,bandwidth:1.24751e+07
cr:1.06106,iter:13,level:16,rank:0,datasize:5000,operation:Residual-Norm
Time:0.00315904,bytes:40000,bandwidth:1.26621e+07
cr:1.06106,iter:14,level:0,rank:0,datasize:5000,operation:Pre-Smoothing
Time:0.00323079,bytes:40000,bandwidth:1.23809e+07
cr:1.06095,iter:14,level:0,rank:0,datasize:5000,operation:Residual
Time:0.00248067,bytes:50808,bandwidth:2.04815e+07
cr:390.831,iter:14,level:1,rank:0,datasize:6351,operation:Pre-Smoothing
Time:0.00371117,bytes:50808,bandwidth:1.36906e+07
cr:6.55333,iter:14,level:1,rank:0,datasize:6351,operation:Residual
Time:0.00288974,bytes:64032,bandwidth:2.21584e+07
cr:492.554,iter:14,level:2,rank:0,datasize:8004,operation:Pre-Smoothing
Time:0.00471792,bytes:64032,bandwidth:1.35721e+07
cr:4.90329,iter:14,level:2,rank:0,datasize:8004,operation:Residual
Time:0.0029247,bytes:70008,bandwidth:2.39368e+07
cr:534.412,iter:14,level:3,rank:0,datasize:8751,operation:Pre-Smoothing
Time:0.00510012,bytes:70008,bandwidth:1.37267e+07
cr:3.68289,iter:14,level:3,rank:0,datasize:8751,operation:Residual
Time:0.00254167,bytes:61032,bandwidth:2.40126e+07
cr:469.477,iter:14,level:4,rank:0,datasize:7629,operation:Pre-Smoothing
Time:0.0054928,bytes:61032,bandwidth:1.11113e+07
cr:2.64758,iter:14,level:4,rank:0,datasize:7629,operation:Residual
Time:0.00202019,bytes:49304,bandwidth:2.44056e+07
cr:379.262,iter:14,level:5,rank:0,datasize:6163,operation:Pre-Smoothing
Time:0.00578075,bytes:49304,bandwidth:8.52899e+06
cr:1.86306,iter:14,level:5,rank:0,datasize:6163,operation:Residual
Time:0.00200019,bytes:38856,bandwidth:1.94261e+07
cr:303.562,iter:14,level:6,rank:0,datasize:4857,operation:Pre-Smoothing
SZ is downgraded to lossless mode.
SZ is downgraded to lossless mode.
Time:0.00454273,bytes:38856,bandwidth:8.55344e+06
cr:1.03307,iter:14,level:6,rank:0,datasize:4857,operation:Residual
Time:0.000811218,bytes:30080,bandwidth:3.708e+07
cr:281.121,iter:14,level:7,rank:0,datasize:3760,operation:Pre-Smoothing
SZ is downgraded to lossless mode.
Time:0.0032748,bytes:30080,bandwidth:9.18528e+06
cr:1.03371,iter:14,level:7,rank:0,datasize:3760,operation:Residual
SZ is downgraded to lossless mode.
Time:0.000641496,bytes:22464,bandwidth:3.50181e+07
cr:209.944,iter:14,level:8,rank:0,datasize:2808,operation:Pre-Smoothing
SZ is downgraded to lossless mode.
SZ is downgraded to lossless mode.
Time:0.00269067,bytes:22464,bandwidth:8.34885e+06
cr:1.03245,iter:14,level:8,rank:0,datasize:2808,operation:Residual
Time:0.000568876,bytes:15480,bandwidth:2.72116e+07
cr:144.673,iter:14,level:9,rank:0,datasize:1935,operation:Pre-Smoothing
SZ is downgraded to lossless mode.
SZ is downgraded to lossless mode.
Time:0.00227008,bytes:15480,bandwidth:6.81914e+06
cr:1.02946,iter:14,level:9,rank:0,datasize:1935,operation:Residual
Time:0.000407277,bytes:10424,bandwidth:2.55944e+07
cr:97.4206,iter:14,level:10,rank:0,datasize:1303,operation:Pre-Smoothing
SZ is downgraded to lossless mode.
Time:0.00174795,bytes:10424,bandwidth:5.96355e+06
cr:1.02689,iter:14,level:10,rank:0,datasize:1303,operation:Residual
SZ is downgraded to lossless mode.
Time:0.000364353,bytes:6616,bandwidth:1.81582e+07
cr:61.8318,iter:14,level:11,rank:0,datasize:827,operation:Pre-Smoothing
SZ is downgraded to lossless mode.
Time:0.00124742,bytes:6616,bandwidth:5.30373e+06
cr:1.0202,iter:14,level:11,rank:0,datasize:827,operation:Residual
SZ is downgraded to lossless mode.
Time:0.000305019,bytes:4040,bandwidth:1.32451e+07
cr:39.2233,iter:14,level:12,rank:0,datasize:505,operation:Pre-Smoothing
SZ is downgraded to lossless mode.
Time:0.00104473,bytes:4040,bandwidth:3.86705e+06
cr:1.00849,iter:14,level:12,rank:0,datasize:505,operation:Residual
SZ is downgraded to lossless mode.
Time:0.000297711,bytes:2320,bandwidth:7.79279e+06
cr:22.5243,iter:14,level:13,rank:0,datasize:290,operation:Pre-Smoothing
Time:0.000912772,bytes:2320,bandwidth:2.54171e+06
cr:1.00607,iter:14,level:13,rank:0,datasize:290,operation:Residual
Time:0.000109517,bytes:1160,bandwidth:1.0592e+07
cr:10.5455,iter:14,level:14,rank:0,datasize:145,operation:Pre-Smoothing
Time:0.000327474,bytes:1160,bandwidth:3.54227e+06
cr:0.961857,iter:14,level:14,rank:0,datasize:145,operation:Residual
Time:9.2587e-05,bytes:464,bandwidth:5.0115e+06
cr:4.21818,iter:14,level:15,rank:0,datasize:58,operation:Pre-Smoothing
Time:0.000128443,bytes:464,bandwidth:3.6125e+06
cr:0.888889,iter:14,level:15,rank:0,datasize:58,operation:Residual
Time:7.3246e-05,bytes:56,bandwidth:764547
cr:0.495575,iter:14,level:16,rank:0,datasize:7,operation:Interpolation
Time:0.000126128,bytes:464,bandwidth:3.6788e+06
cr:0.888889,iter:14,level:16,rank:0,datasize:58,operation:Post-smoothing
Time:0.000107621,bytes:200,bandwidth:1.85837e+06
cr:0.77821,iter:14,level:16,rank:0,datasize:25,operation:Interpolation
Time:0.000265252,bytes:1160,bandwidth:4.3732e+06
cr:0.952381,iter:14,level:16,rank:0,datasize:145,operation:Post-smoothing
Time:0.000141589,bytes:264,bandwidth:1.86455e+06
cr:0.819876,iter:14,level:16,rank:0,datasize:33,operation:Interpolation
Time:0.000874764,bytes:2320,bandwidth:2.65214e+06
cr:0.9752,iter:14,level:16,rank:0,datasize:290,operation:Post-smoothing
Time:0.000241175,bytes:440,bandwidth:1.8244e+06
cr:0.883534,iter:14,level:16,rank:0,datasize:55,operation:Interpolation
SZ is downgraded to lossless mode.
Time:0.00128368,bytes:4040,bandwidth:3.14721e+06
cr:1.01559,iter:14,level:16,rank:0,datasize:505,operation:Post-smoothing
SZ is downgraded to lossless mode.
Time:0.000543132,bytes:728,bandwidth:1.34037e+06
cr:0.945455,iter:14,level:16,rank:0,datasize:91,operation:Interpolation
SZ is downgraded to lossless mode.
SZ is downgraded to lossless mode.
Time:0.00179956,bytes:6616,bandwidth:3.67644e+06
cr:1.02877,iter:14,level:16,rank:0,datasize:827,operation:Post-smoothing
Time:0.000402742,bytes:1136,bandwidth:2.82066e+06
cr:0.951424,iter:14,level:16,rank:0,datasize:142,operation:Interpolation
SZ is downgraded to lossless mode.
SZ is downgraded to lossless mode.
Time:0.00291204,bytes:10424,bandwidth:3.57962e+06
cr:1.0332,iter:14,level:16,rank:0,datasize:1303,operation:Post-smoothing
Time:0.00148351,bytes:1744,bandwidth:1.17559e+06
cr:0.967814,iter:14,level:16,rank:0,datasize:218,operation:Interpolation
SZ is downgraded to lossless mode.
Time:0.00354919,bytes:15480,bandwidth:4.36156e+06
cr:1.03872,iter:14,level:16,rank:0,datasize:1935,operation:Post-smoothing
SZ is downgraded to lossless mode.
Time:0.00189564,bytes:2672,bandwidth:1.40955e+06
cr:1.00527,iter:14,level:16,rank:0,datasize:334,operation:Interpolation
SZ is downgraded to lossless mode.
Time:0.00477445,bytes:22464,bandwidth:4.70504e+06
cr:1.03995,iter:14,level:16,rank:0,datasize:2808,operation:Post-smoothing
SZ is downgraded to lossless mode.
SZ is downgraded to lossless mode.
Time:SZ is downgraded to lossless mode.
0.00256716,bytes:3768,bandwidth:1.46777e+06
cr:1.01454,iter:14,level:16,rank:0,datasize:471,operation:Interpolation
SZ is downgraded to lossless mode.
SZ is downgraded to lossless mode.
Time:0.00601961,bytes:30080,bandwidth:4.997e+06
cr:1.04249,iter:14,level:16,rank:0,datasize:3760,operation:Post-smoothing
SZ is downgraded to lossless mode.
SZ is downgraded to lossless mode.
Time:0.0031619,bytes:4936,bandwidth:1.56109e+06
cr:1.02385,iter:14,level:16,rank:0,datasize:617,operation:Interpolation
SZ is downgraded to lossless mode.
SZ is downgraded to lossless mode.
Time:0.00773071,bytes:38856,bandwidth:5.02619e+06
cr:1.04255,iter:14,level:16,rank:0,datasize:4857,operation:Post-smoothing
SZ is downgraded to lossless mode.
SZ is downgraded to lossless mode.
Time:0.00361485,bytes:6584,bandwidth:1.82138e+06
cr:1.03004,iter:14,level:16,rank:0,datasize:823,operation:Interpolation
SZ is downgraded to lossless mode.
SZ is downgraded to lossless mode.
Time:0.00812529,bytes:49304,bandwidth:6.06797e+06
cr:1.04329,iter:14,level:16,rank:0,datasize:6163,operation:Post-smoothing
SZ is downgraded to lossless mode.
SZ is downgraded to lossless mode.
Time:0.00433232,bytes:9280,bandwidth:2.14204e+06
cr:1.03618,iter:14,level:16,rank:0,datasize:1160,operation:Interpolation
SZ is downgraded to lossless mode.
Time:0.0100111SZ is downgraded to lossless mode.
,bytes:61032,bandwidth:6.09641e+06
cr:1.04326,iter:14,level:16,rank:0,datasize:7629,operation:Post-smoothing
SZ is downgraded to lossless mode.
Time:0.00402554,bytes:12120,bandwidth:3.01078e+06
cr:1.03723,iter:14,level:16,rank:0,datasize:1515,operation:Interpolation
SZ is downgraded to lossless mode.
SZ is downgraded to lossless mode.
SZ is downgraded to lossless mode.
Time:0.010886,bytes:70008,bandwidth:6.43103e+06
cr:1.04402,iter:14,level:16,rank:0,datasize:8751,operation:Post-smoothing
SZ is downgraded to lossless mode.
Time:0.00433747,bytes:16832,bandwidth:3.8806e+06
cr:1.04055,iter:14,level:16,rank:0,datasize:2104,operation:Interpolation
SZ is downgraded to lossless mode.
SZ is downgraded to lossless mode.
SZ is downgraded to lossless mode.
Time:0.0103553,bytes:64032,bandwidth:6.18352e+06
cr:1.04389,iter:14,level:16,rank:0,datasize:8004,operation:Post-smoothing
SZ is downgraded to lossless mode.
Time:0.00520561,bytes:21296,bandwidth:4.09097e+06
cr:1.04045,iter:14,level:16,rank:0,datasize:2662,operation:Interpolation
SZ is downgraded to lossless mode.
SZ is downgraded to lossless mode.
SZ is downgraded to lossless mode.
Time:0.00902342,bytes:50808,bandwidth:5.63068e+06
cr:1.04389,iter:14,level:16,rank:0,datasize:6351,operation:Post-smoothing
SZ is downgraded to lossless mode.
Time:0.00442761,bytes:19664,bandwidth:4.44122e+06
cr:1.04119,iter:14,level:16,rank:0,datasize:2458,operation:Interpolation
SZ is downgraded to lossless mode.
Time:0.00298973,bytes:40000,bandwidth:1.33791e+07
cr:1.06211,iter:14,level:16,rank:0,datasize:5000,operation:Post-smoothing
Time:0.00334713,bytes:40000,bandwidth:1.19505e+07
cr:1.06129,iter:14,level:16,rank:0,datasize:5000,operation:Residual-Norm
Time:0.00368594,bytes:40000,bandwidth:1.08521e+07
cr:1.06129,iter:15,level:0,rank:0,datasize:5000,operation:Pre-Smoothing
Time:0.00328005,bytes:40000,bandwidth:1.21949e+07
cr:1.06157,iter:15,level:0,rank:0,datasize:5000,operation:Residual
Time:0.00447589,bytes:50808,bandwidth:1.13515e+07
cr:390.831,iter:15,level:1,rank:0,datasize:6351,operation:Pre-Smoothing
Time:0.00398589,bytes:50808,bandwidth:1.2747e+07
cr:6.38612,iter:15,level:1,rank:0,datasize:6351,operation:Residual
Time:0.00291353,bytes:64032,bandwidth:2.19774e+07
cr:492.554,iter:15,level:2,rank:0,datasize:8004,operation:Pre-Smoothing
Time:0.00499719,bytes:64032,bandwidth:1.28136e+07
cr:5.35653,iter:15,level:2,rank:0,datasize:8004,operation:Residual
Time:0.0030492,bytes:70008,bandwidth:2.29594e+07
cr:534.412,iter:15,level:3,rank:0,datasize:8751,operation:Pre-Smoothing
Time:0.00488637,bytes:70008,bandwidth:1.43272e+07
cr:4.12297,iter:15,level:3,rank:0,datasize:8751,operation:Residual
Time:0.00252388,bytes:61032,bandwidth:2.41818e+07
cr:469.477,iter:15,level:4,rank:0,datasize:7629,operation:Pre-Smoothing
Time:0.00528791,bytes:61032,bandwidth:1.15418e+07
cr:2.97079,iter:15,level:4,rank:0,datasize:7629,operation:Residual
Time:0.00202894,bytes:49304,bandwidth:2.43004e+07
cr:379.262,iter:15,level:5,rank:0,datasize:6163,operation:Pre-Smoothing
Time:0.00527066,bytes:49304,bandwidth:9.35442e+06
cr:2.07447,iter:15,level:5,rank:0,datasize:6163,operation:Residual
Time:0.00194634,bytes:38856,bandwidth:1.99636e+07
cr:303.562,iter:15,level:6,rank:0,datasize:4857,operation:Pre-Smoothing
SZ is downgraded to lossless mode.
SZ is downgraded to lossless mode.
Time:0.00408724,bytes:38856,bandwidth:9.50667e+06
cr:1.03124,iter:15,level:6,rank:0,datasize:4857,operation:Residual
Time:0.000818412,bytes:30080,bandwidth:3.67541e+07
cr:281.121,iter:15,level:7,rank:0,datasize:3760,operation:Pre-Smoothing
SZ is downgraded to lossless mode.
SZ is downgraded to lossless mode.
Time:0.00310989,bytes:30080,bandwidth:9.67236e+06
cr:1.03162,iter:15,level:7,rank:0,datasize:3760,operation:Residual
Time:0.000624852,bytes:22464,bandwidth:3.59509e+07
cr:209.944,iter:15,level:8,rank:0,datasize:2808,operation:Pre-Smoothing
SZ is downgraded to lossless mode.
SZ is downgraded to lossless mode.
Time:0.00254567,bytes:22464,bandwidth:8.82439e+06
cr:1.03159,iter:15,level:8,rank:0,datasize:2808,operation:Residual
Time:0.000553981,bytes:15480,bandwidth:2.79432e+07
cr:144.673,iter:15,level:9,rank:0,datasize:1935,operation:Pre-Smoothing
SZ is downgraded to lossless mode.
SZ is downgraded to lossless mode.
Time:0.0021702,bytes:15480,bandwidth:7.13298e+06
cr:1.02891,iter:15,level:9,rank:0,datasize:1935,operation:Residual
Time:0.00041356,bytes:10424,bandwidth:2.52055e+07
cr:97.4206,iter:15,level:10,rank:0,datasize:1303,operation:Pre-Smoothing
SZ is downgraded to lossless mode.
SZ is downgraded to lossless mode.
Time:0.00172692,bytes:10424,bandwidth:6.03618e+06
cr:1.02619,iter:15,level:10,rank:0,datasize:1303,operation:Residual
Time:0.000371265,bytes:6616,bandwidth:1.78202e+07
cr:61.8318,iter:15,level:11,rank:0,datasize:827,operation:Pre-Smoothing
SZ is downgraded to lossless mode.
SZ is downgraded to lossless mode.
Time:0.00124893,bytes:6616,bandwidth:5.29733e+06
cr:1.01941,iter:15,level:11,rank:0,datasize:827,operation:Residual
Time:0.000302866,bytes:4040,bandwidth:1.33392e+07
cr:39.2233,iter:15,level:12,rank:0,datasize:505,operation:Pre-Smoothing
SZ is downgraded to lossless mode.
SZ is downgraded to lossless mode.
Time:0.00105025,bytes:4040,bandwidth:3.84671e+06
cr:1.00723,iter:15,level:12,rank:0,datasize:505,operation:Residual
Time:0.00028814,bytes:2320,bandwidth:8.05164e+06
cr:22.5243,iter:15,level:13,rank:0,datasize:290,operation:Pre-Smoothing
Time:0.000879462,bytes:2320,bandwidth:2.63798e+06
cr:0.982218,iter:15,level:13,rank:0,datasize:290,operation:Residual
Time:0.000110082,bytes:1160,bandwidth:1.05376e+07
cr:10.5455,iter:15,level:14,rank:0,datasize:145,operation:Pre-Smoothing
Time:0.000238508,bytes:1160,bandwidth:4.86357e+06
cr:0.952381,iter:15,level:14,rank:0,datasize:145,operation:Residual
Time:8.2433e-05,bytes:464,bandwidth:5.62881e+06
cr:4.21818,iter:15,level:15,rank:0,datasize:58,operation:Pre-Smoothing
Time:0.000124271,bytes:464,bandwidth:3.73378e+06
cr:0.888889,iter:15,level:15,rank:0,datasize:58,operation:Residual
Time:6.8968e-05,bytes:56,bandwidth:811971
cr:0.495575,iter:15,level:16,rank:0,datasize:7,operation:Interpolation
Time:0.000120978,bytes:464,bandwidth:3.83541e+06
cr:0.888889,iter:15,level:16,rank:0,datasize:58,operation:Post-smoothing
Time:9.6201e-05,bytes:200,bandwidth:2.07898e+06
cr:0.77821,iter:15,level:16,rank:0,datasize:25,operation:Interpolation
Time:0.000259166,bytes:1160,bandwidth:4.4759e+06
cr:0.952381,iter:15,level:16,rank:0,datasize:145,operation:Post-smoothing
Time:0.00013596,bytes:264,bandwidth:1.94175e+06
cr:0.819876,iter:15,level:16,rank:0,datasize:33,operation:Interpolation
Time:0.00093984,bytes:2320,bandwidth:2.46851e+06
cr:0.9752,iter:15,level:16,rank:0,datasize:290,operation:Post-smoothing
Time:0.000230248,bytes:440,bandwidth:1.91098e+06
cr:0.883534,iter:15,level:16,rank:0,datasize:55,operation:Interpolation
SZ is downgraded to lossless mode.
SZ is downgraded to lossless mode.
Time:0.00130153,bytes:4040,bandwidth:3.10404e+06
cr:1.01304,iter:15,level:16,rank:0,datasize:505,operation:Post-smoothing
Time:0.000607164,bytes:728,bandwidth:1.19902e+06
cr:0.956636,iter:15,level:16,rank:0,datasize:91,operation:Interpolation
SZ is downgraded to lossless mode.
SZ is downgraded to lossless mode.
Time:0.00182053,bytes:6616,bandwidth:3.63411e+06
cr:1.0259,iter:15,level:16,rank:0,datasize:827,operation:Post-smoothing
Time:0.000366977,bytes:1136,bandwidth:3.09556e+06
cr:0.951424,iter:15,level:16,rank:0,datasize:142,operation:Interpolation
SZ is downgraded to lossless mode.
Time:0.00233412,bytes:10424,bandwidth:4.46591e+06
cr:1.03423,iter:15,level:16,rank:0,datasize:1303,operation:Post-smoothing
SZ is downgraded to lossless mode.
Time:0.00136233,bytes:1744,bandwidth:1.28016e+06
cr:0.967814,iter:15,level:16,rank:0,datasize:218,operation:Interpolation
SZ is downgraded to lossless mode.
Time:0.00342353,bytes:15480,bandwidth:4.52165e+06
cr:1.03802,iter:15,level:16,rank:0,datasize:1935,operation:Post-smoothing
SZ is downgraded to lossless mode.
Time:0.00182924,bytes:2672,bandwidth:1.46072e+06
cr:1.00489,iter:15,level:16,rank:0,datasize:334,operation:Interpolation
SZ is downgraded to lossless mode.
Time:0.00460532,bytes:22464,bandwidth:4.87784e+06
cr:1.03961,iter:15,level:16,rank:0,datasize:2808,operation:Post-smoothing
SZ is downgraded to lossless mode.
SZ is downgraded to lossless mode.
Time:0.00229599,bytes:3768,bandwidth:1.64112e+06
cr:1.01536,iter:15,level:16,rank:0,datasize:471,operation:Interpolation
SZ is downgraded to lossless mode.
SZ is downgraded to lossless mode.
SZ is downgraded to lossless mode.
Time:0.00731247,bytes:30080,bandwidth:4.11352e+06
cr:1.04202,iter:15,level:16,rank:0,datasize:3760,operation:Post-smoothing
SZ is downgraded to lossless mode.
SZ is downgraded to lossless mode.
Time:0.00290608,bytes:4936,bandwidth:1.69851e+06
cr:1.02385,iter:15,level:16,rank:0,datasize:617,operation:Interpolation
SZ is downgraded to lossless mode.
SZ is downgraded to lossless mode.
Time:0.00753094,bytes:38856,bandwidth:5.15951e+06
cr:1.04283,iter:15,level:16,rank:0,datasize:4857,operation:Post-smoothing
SZ is downgraded to lossless mode.
SZ is downgraded to lossless mode.
Time:0.00340623,bytes:6584,bandwidth:1.93293e+06
cr:1.02988,iter:15,level:16,rank:0,datasize:823,operation:Interpolation
SZ is downgraded to lossless mode.
SZ is downgraded to lossless mode.
Time:0.00777879,bytes:49304,bandwidth:6.33826e+06
cr:1.04217,iter:15,level:16,rank:0,datasize:6163,operation:Post-smoothing
SZ is downgraded to lossless mode.
SZ is downgraded to lossless mode.
Time:0.0038987,bytes:9280,bandwidth:2.38028e+06
cr:1.03421,iter:15,level:16,rank:0,datasize:1160,operation:Interpolation
SZ is downgraded to lossless mode.
Time:0.00891159,bytes:61032,bandwidth:6.84861e+06
cr:1.04326,iter:15,level:16,rank:0,datasize:7629,operation:Post-smoothing
SZ is downgraded to lossless mode.
SZ is downgraded to lossless mode.
Time:0.00365145,bytes:12120,bandwidth:3.31923e+06
cr:1.03705,iter:15,level:16,rank:0,datasize:1515,operation:Interpolation
SZ is downgraded to lossless mode.
SZ is downgraded to lossless mode.
SZ is downgraded to lossless mode.
Time:0.012944,bytes:70008,bandwidth:5.40855e+06
cr:1.04348,iter:15,level:16,rank:0,datasize:8751,operation:Post-smoothing
SZ is downgraded to lossless mode.
Time:0.00420118,bytes:16832,bandwidth:4.00649e+06
cr:1.0412,iter:15,level:16,rank:0,datasize:2104,operation:Interpolation
SZ is downgraded to lossless mode.
SZ is downgraded to lossless mode.
SZ is downgraded to lossless mode.
Time:0.0097533,bytes:64032,bandwidth:6.56516e+06
cr:1.04355,iter:15,level:16,rank:0,datasize:8004,operation:Post-smoothing
SZ is downgraded to lossless mode.
Time:0.00456933,bytes:21296,bandwidth:4.66063e+06
cr:1.04106,iter:15,level:16,rank:0,datasize:2662,operation:Interpolation
SZ is downgraded to lossless mode.
SZ is downgraded to lossless mode.
SZ is downgraded to lossless mode.
Time:0.00830159,bytes:50808,bandwidth:6.12027e+06
cr:1.04273,iter:15,level:16,rank:0,datasize:6351,operation:Post-smoothing
SZ is downgraded to lossless mode.
SZ is downgraded to lossless mode.
Time:0.00458369,bytes:19664,bandwidth:4.28999e+06
cr:1.04048,iter:15,level:16,rank:0,datasize:2458,operation:Interpolation
Time:0.00278208,bytes:40000,bandwidth:1.43778e+07
cr:1.0614,iter:15,level:16,rank:0,datasize:5000,operation:Post-smoothing
Time:0.00319919,bytes:40000,bandwidth:1.25032e+07
cr:1.06168,iter:15,level:16,rank:0,datasize:5000,operation:Residual-Norm
Time:0.00311873,bytes:40000,bandwidth:1.28257e+07
cr:1.06168,iter:16,level:0,rank:0,datasize:5000,operation:Pre-Smoothing
Time:0.00314326,bytes:40000,bandwidth:1.27257e+07
cr:1.06185,iter:16,level:0,rank:0,datasize:5000,operation:Residual
Time:0.00241849,bytes:50808,bandwidth:2.10081e+07
cr:390.831,iter:16,level:1,rank:0,datasize:6351,operation:Pre-Smoothing
Time:0.00354834,bytes:50808,bandwidth:1.43188e+07
cr:8.06476,iter:16,level:1,rank:0,datasize:6351,operation:Residual
Time:0.00286859,bytes:64032,bandwidth:2.23218e+07
cr:492.554,iter:16,level:2,rank:0,datasize:8004,operation:Pre-Smoothing
Time:0.00441784,bytes:64032,bandwidth:1.44939e+07
cr:5.98542,iter:16,level:2,rank:0,datasize:8004,operation:Residual
Time:0.00295041,bytes:70008,bandwidth:2.37282e+07
cr:534.412,iter:16,level:3,rank:0,datasize:8751,operation:Pre-Smoothing
Time:0.0046297,bytes:70008,bandwidth:1.51215e+07
cr:4.55011,iter:16,level:3,rank:0,datasize:8751,operation:Residual
Time:0.00255063,bytes:61032,bandwidth:2.39282e+07
cr:469.477,iter:16,level:4,rank:0,datasize:7629,operation:Pre-Smoothing
Time:0.00482479,bytes:61032,bandwidth:1.26497e+07
cr:3.28748,iter:16,level:4,rank:0,datasize:7629,operation:Residual
Time:0.00205676,bytes:49304,bandwidth:2.39717e+07
cr:379.262,iter:16,level:5,rank:0,datasize:6163,operation:Pre-Smoothing
Time:0.00511353,bytes:49304,bandwidth:9.64188e+06
cr:2.2864,iter:16,level:5,rank:0,datasize:6163,operation:Residual
Time:0.00224661,bytes:38856,bandwidth:1.72954e+07
cr:303.562,iter:16,level:6,rank:0,datasize:4857,operation:Pre-Smoothing
Time:0.00492053,bytes:38856,bandwidth:7.89671e+06
cr:1.76674,iter:16,level:6,rank:0,datasize:4857,operation:Residual
Time:0.000805917,bytes:30080,bandwidth:3.73239e+07
cr:281.121,iter:16,level:7,rank:0,datasize:3760,operation:Pre-Smoothing
SZ is downgraded to lossless mode.
SZ is downgraded to lossless mode.
Time:0.0026768,bytes:30080,bandwidth:1.12373e+07
cr:1.03038,iter:16,level:7,rank:0,datasize:3760,operation:Residual
Time:0.000647317,bytes:22464,bandwidth:3.47032e+07
cr:209.944,iter:16,level:8,rank:0,datasize:2808,operation:Pre-Smoothing
SZ is downgraded to lossless mode.
Time:0.00263664,bytes:22464,bandwidth:8.51994e+06
cr:1.03032,iter:16,level:8,rank:0,datasize:2808,operation:Residual
SZ is downgraded to lossless mode.
Time:0.000544419,bytes:15480,bandwidth:2.8434e+07
cr:144.673,iter:16,level:9,rank:0,datasize:1935,operation:Pre-Smoothing
SZ is downgraded to lossless mode.
SZ is downgraded to lossless mode.
Time:0.00238236,bytes:15480,bandwidth:6.49776e+06
cr:1.02802,iter:16,level:9,rank:0,datasize:1935,operation:Residual
Time:0.000415441,bytes:10424,bandwidth:2.50914e+07
cr:97.4206,iter:16,level:10,rank:0,datasize:1303,operation:Pre-Smoothing
SZ is downgraded to lossless mode.
SZ is downgraded to lossless mode.
Time:0.00170287,bytes:10424,bandwidth:6.12142e+06
cr:1.02457,iter:16,level:10,rank:0,datasize:1303,operation:Residual
Time:0.000365454,bytes:6616,bandwidth:1.81035e+07
cr:61.8318,iter:16,level:11,rank:0,datasize:827,operation:Pre-Smoothing
SZ is downgraded to lossless mode.
SZ is downgraded to lossless mode.
Time:0.00127036,bytes:6616,bandwidth:5.20798e+06
cr:1.018,iter:16,level:11,rank:0,datasize:827,operation:Residual
Time:0.000326114,bytes:4040,bandwidth:1.23883e+07
cr:39.2233,iter:16,level:12,rank:0,datasize:505,operation:Pre-Smoothing
SZ is downgraded to lossless mode.
SZ is downgraded to lossless mode.
Time:0.00103861,bytes:4040,bandwidth:3.88983e+06
cr:1.00748,iter:16,level:12,rank:0,datasize:505,operation:Residual
Time:0.000303977,bytes:2320,bandwidth:7.63216e+06
cr:22.5243,iter:16,level:13,rank:0,datasize:290,operation:Pre-Smoothing
Time:0.000881384,bytes:2320,bandwidth:2.63222e+06
cr:0.991029,iter:16,level:13,rank:0,datasize:290,operation:Residual
Time:0.000106867,bytes:1160,bandwidth:1.08546e+07
cr:10.5455,iter:16,level:14,rank:0,datasize:145,operation:Pre-Smoothing
Time:0.000318391,bytes:1160,bandwidth:3.64332e+06
cr:0.96106,iter:16,level:14,rank:0,datasize:145,operation:Residual
Time:8.1411e-05,bytes:464,bandwidth:5.69948e+06
cr:4.21818,iter:16,level:15,rank:0,datasize:58,operation:Pre-Smoothing
Time:0.000158046,bytes:464,bandwidth:2.93585e+06
cr:0.922465,iter:16,level:15,rank:0,datasize:58,operation:Residual
Time:7.848e-05,bytes:56,bandwidth:713558
cr:0.495575,iter:16,level:16,rank:0,datasize:7,operation:Interpolation
Time:0.000159021,bytes:464,bandwidth:2.91785e+06
cr:0.892308,iter:16,level:16,rank:0,datasize:58,operation:Post-smoothing
Time:9.8612e-05,bytes:200,bandwidth:2.02815e+06
cr:0.77821,iter:16,level:16,rank:0,datasize:25,operation:Interpolation
Time:0.000246114,bytes:1160,bandwidth:4.71326e+06
cr:0.952381,iter:16,level:16,rank:0,datasize:145,operation:Post-smoothing
Time:0.000136948,bytes:264,bandwidth:1.92774e+06
cr:0.819876,iter:16,level:16,rank:0,datasize:33,operation:Interpolation
Time:0.000883781,bytes:2320,bandwidth:2.62508e+06
cr:0.9752,iter:16,level:16,rank:0,datasize:290,operation:Post-smoothing
Time:0.000200538,bytes:440,bandwidth:2.1941e+06
cr:0.883534,iter:16,level:16,rank:0,datasize:55,operation:Interpolation
SZ is downgraded to lossless mode.
Time:SZ is downgraded to lossless mode.
0.00117522,bytes:4040,bandwidth:3.43765e+06
cr:1.01051,iter:16,level:16,rank:0,datasize:505,operation:Post-smoothing
Time:0.000464646,bytes:728,bandwidth:1.56678e+06
cr:0.960422,iter:16,level:16,rank:0,datasize:91,operation:Interpolation
SZ is downgraded to lossless mode.
SZ is downgraded to lossless mode.
Time:0.00143394,bytes:6616,bandwidth:4.61387e+06
cr:1.02257,iter:16,level:16,rank:0,datasize:827,operation:Post-smoothing
Time:0.000346528,bytes:1136,bandwidth:3.27823e+06
cr:0.951424,iter:16,level:16,rank:0,datasize:142,operation:Interpolation
SZ is downgraded to lossless mode.
SZ is downgraded to lossless mode.
Time:0.00247898,bytes:10424,bandwidth:4.20495e+06
cr:1.0332,iter:16,level:16,rank:0,datasize:1303,operation:Post-smoothing
Time:0.00126823,bytes:1744,bandwidth:1.37514e+06
cr:0.967814,iter:16,level:16,rank:0,datasize:218,operation:Interpolation
SZ is downgraded to lossless mode.
Time:0.00325412,bytes:15480,bandwidth:4.75704e+06
cr:1.03635,iter:16,level:16,rank:0,datasize:1935,operation:Post-smoothing
SZ is downgraded to lossless mode.
Time:0.00164765,bytes:2672,bandwidth:1.62171e+06
cr:1.00451,iter:16,level:16,rank:0,datasize:334,operation:Interpolation
SZ is downgraded to lossless mode.
Time:0.00403069,bytes:22464,bandwidth:5.57324e+06
cr:1.03957,iter:16,level:16,rank:0,datasize:2808,operation:Post-smoothing
SZ is downgraded to lossless mode.
SZ is downgraded to lossless mode.
Time:0.00221524,bytes:3768,bandwidth:1.70095e+06
cr:1.017,iter:16,level:16,rank:0,datasize:471,operation:Interpolation
SZ is downgraded to lossless mode.
SZ is downgraded to lossless mode.
SZ is downgraded to lossless mode.
Time:0.00525454,bytes:30080,bandwidth:5.72458e+06
cr:1.04119,iter:16,level:16,rank:0,datasize:3760,operation:Post-smoothing
SZ is downgraded to lossless mode.
SZ is downgraded to lossless mode.
Time:0.00252163,bytes:4936,bandwidth:1.95747e+06
cr:1.02364,iter:16,level:16,rank:0,datasize:617,operation:Interpolation
SZ is downgraded to lossless mode.
Time:0.00654121,bytes:38856,bandwidth:5.94018e+06
cr:1.04183,iter:16,level:16,rank:0,datasize:4857,operation:Post-smoothing
SZ is downgraded to lossless mode.
SZ is downgraded to lossless mode.
Time:0.00297029,bytes:6584,bandwidth:2.21662e+06
cr:1.02907,iter:16,level:16,rank:0,datasize:823,operation:Interpolation
SZ is downgraded to lossless mode.
SZ is downgraded to lossless mode.
SZ is downgraded to lossless mode.
Time:0.00712547,bytes:49304,bandwidth:6.9194e+06
cr:1.04252,iter:16,level:16,rank:0,datasize:6163,operation:Post-smoothing
SZ is downgraded to lossless mode.
SZ is downgraded to lossless mode.
Time:0.00352416,bytes:9280,bandwidth:2.63325e+06
cr:1.03421,iter:16,level:16,rank:0,datasize:1160,operation:Interpolation
SZ is downgraded to lossless mode.
Time:0.00827758,bytes:61032,bandwidth:7.37317e+06
cr:1.04278,iter:16,level:16,rank:0,datasize:7629,operation:Post-smoothing
SZ is downgraded to lossless mode.
SZ is downgraded to lossless mode.
Time:0.00280462,bytes:12120,bandwidth:4.32145e+06
cr:1.0374,iter:16,level:16,rank:0,datasize:1515,operation:Interpolation
SZ is downgraded to lossless mode.
SZ is downgraded to lossless mode.
SZ is downgraded to lossless mode.
Time:0.00957503,bytes:70008,bandwidth:7.31152e+06
cr:1.04343,iter:16,level:16,rank:0,datasize:8751,operation:Post-smoothing
SZ is downgraded to lossless mode.
SZ is downgraded to lossless mode.
Time:0.00366276,bytes:16832,bandwidth:4.59544e+06
cr:1.03959,iter:16,level:16,rank:0,datasize:2104,operation:Interpolation
SZ is downgraded to lossless mode.
SZ is downgraded to lossless mode.
Time:0.00891335,bytes:64032,bandwidth:7.18383e+06
cr:1.04319,iter:16,level:16,rank:0,datasize:8004,operation:Post-smoothing
SZ is downgraded to lossless mode.
Time:0.00417021,bytes:21296,bandwidth:5.10669e+06
cr:1.0405,iter:16,level:16,rank:0,datasize:2662,operation:Interpolation
SZ is downgraded to lossless mode.
SZ is downgraded to lossless mode.
SZ is downgraded to lossless mode.
Time:0.00770522,bytes:50808,bandwidth:6.59397e+06
cr:1.04303,iter:16,level:16,rank:0,datasize:6351,operation:Post-smoothing
SZ is downgraded to lossless mode.
SZ is downgraded to lossless mode.
Time:0.00371039,bytes:19664,bandwidth:5.29971e+06
cr:1.04026,iter:16,level:16,rank:0,datasize:2458,operation:Interpolation
Time:0.00300421,bytes:40000,bandwidth:1.33147e+07
cr:1.06185,iter:16,level:16,rank:0,datasize:5000,operation:Post-smoothing
Time:0.00320896,bytes:40000,bandwidth:1.24651e+07
cr:1.06185,iter:16,level:16,rank:0,datasize:5000,operation:Residual-Norm
Time:0.00316836,bytes:40000,bandwidth:1.26248e+07
cr:1.06185,iter:17,level:0,rank:0,datasize:5000,operation:Pre-Smoothing
Time:0.00313979,bytes:40000,bandwidth:1.27397e+07
cr:1.06225,iter:17,level:0,rank:0,datasize:5000,operation:Residual
Time:0.00246551,bytes:50808,bandwidth:2.06075e+07
cr:390.831,iter:17,level:1,rank:0,datasize:6351,operation:Pre-Smoothing
Time:0.00344675,bytes:50808,bandwidth:1.47409e+07
cr:8.81013,iter:17,level:1,rank:0,datasize:6351,operation:Residual
Time:0.00287672,bytes:64032,bandwidth:2.22587e+07
cr:492.554,iter:17,level:2,rank:0,datasize:8004,operation:Pre-Smoothing
Time:0.00431576,bytes:64032,bandwidth:1.48368e+07
cr:6.60056,iter:17,level:2,rank:0,datasize:8004,operation:Residual
Time:0.00291356,bytes:70008,bandwidth:2.40283e+07
cr:534.412,iter:17,level:3,rank:0,datasize:8751,operation:Pre-Smoothing
Time:0.00440154,bytes:70008,bandwidth:1.59053e+07
cr:5.02534,iter:17,level:3,rank:0,datasize:8751,operation:Residual
Time:0.0025129,bytes:61032,bandwidth:2.42875e+07
cr:469.477,iter:17,level:4,rank:0,datasize:7629,operation:Pre-Smoothing
Time:0.00457731,bytes:61032,bandwidth:1.33336e+07
cr:3.61564,iter:17,level:4,rank:0,datasize:7629,operation:Residual
Time:0.00202738,bytes:49304,bandwidth:2.4319e+07
cr:379.262,iter:17,level:5,rank:0,datasize:6163,operation:Pre-Smoothing
Time:0.00440134,bytes:49304,bandwidth:1.1202e+07
cr:2.61768,iter:17,level:5,rank:0,datasize:6163,operation:Residual
Time:0.00198374,bytes:38856,bandwidth:1.95873e+07
cr:303.562,iter:17,level:6,rank:0,datasize:4857,operation:Pre-Smoothing
Time:0.00454926,bytes:38856,bandwidth:8.54117e+06
cr:1.92147,iter:17,level:6,rank:0,datasize:4857,operation:Residual
Time:0.000811718,bytes:30080,bandwidth:3.70572e+07
cr:281.121,iter:17,level:7,rank:0,datasize:3760,operation:Pre-Smoothing
SZ is downgraded to lossless mode.
Time:0.00267239,bytes:30080,bandwidth:1.12558e+07
cr:1.0306,iter:17,level:7,rank:0,datasize:3760,operation:Residual
SZ is downgraded to lossless mode.
Time:0.00061389,bytes:22464,bandwidth:3.65929e+07
cr:209.944,iter:17,level:8,rank:0,datasize:2808,operation:Pre-Smoothing
SZ is downgraded to lossless mode.
SZ is downgraded to lossless mode.
Time:0.00234865,bytes:22464,bandwidth:9.56463e+06
cr:1.02904,iter:17,level:8,rank:0,datasize:2808,operation:Residual
Time:0.000549128,bytes:15480,bandwidth:2.81901e+07
cr:144.673,iter:17,level:9,rank:0,datasize:1935,operation:Pre-Smoothing
SZ is downgraded to lossless mode.
SZ is downgraded to lossless mode.
Time:0.0020456,bytes:15480,bandwidth:7.56745e+06
cr:1.02775,iter:17,level:9,rank:0,datasize:1935,operation:Residual
Time:0.000409041,bytes:10424,bandwidth:2.5484e+07
cr:97.4206,iter:17,level:10,rank:0,datasize:1303,operation:Pre-Smoothing
SZ is downgraded to lossless mode.
Time:0.00151378,bytes:10424,bandwidth:6.88609e+06
cr:1.02397,iter:17,level:10,rank:0,datasize:1303,operation:Residual
SZ is downgraded to lossless mode.
Time:0.000365181,bytes:6616,bandwidth:1.8117e+07
cr:61.8318,iter:17,level:11,rank:0,datasize:827,operation:Pre-Smoothing
SZ is downgraded to lossless mode.
Time:0.00113823,bytes:6616,bandwidth:5.81255e+06
cr:1.01832,iter:17,level:11,rank:0,datasize:827,operation:Residual
SZ is downgraded to lossless mode.
Time:0.00030529,bytes:4040,bandwidth:1.32333e+07
cr:39.2233,iter:17,level:12,rank:0,datasize:505,operation:Pre-Smoothing
SZ is downgraded to lossless mode.
Time:0.000982598,bytes:4040,bandwidth:4.11155e+06
cr:1.00798,iter:17,level:12,rank:0,datasize:505,operation:Residual
Time:0.000288728,bytes:2320,bandwidth:8.03524e+06
cr:22.5243,iter:17,level:13,rank:0,datasize:290,operation:Pre-Smoothing
Time:0.000827149,bytes:2320,bandwidth:2.80482e+06
cr:1.00389,iter:17,level:13,rank:0,datasize:290,operation:Residual
Time:0.000108149,bytes:1160,bandwidth:1.07259e+07
cr:10.5455,iter:17,level:14,rank:0,datasize:145,operation:Pre-Smoothing
Time:0.000289218,bytes:1160,bandwidth:4.01082e+06
cr:0.969089,iter:17,level:14,rank:0,datasize:145,operation:Residual
Time:7.9977e-05,bytes:464,bandwidth:5.80167e+06
cr:4.21818,iter:17,level:15,rank:0,datasize:58,operation:Pre-Smoothing
Time:0.000155134,bytes:464,bandwidth:2.99096e+06
cr:0.894027,iter:17,level:15,rank:0,datasize:58,operation:Residual
Time:6.9608e-05,bytes:56,bandwidth:804505
cr:0.495575,iter:17,level:16,rank:0,datasize:7,operation:Interpolation
Time:0.000149631,bytes:464,bandwidth:3.10096e+06
cr:0.908023,iter:17,level:16,rank:0,datasize:58,operation:Post-smoothing
Time:9.0121e-05,bytes:200,bandwidth:2.21924e+06
cr:0.77821,iter:17,level:16,rank:0,datasize:25,operation:Interpolation
Time:0.000238553,bytes:1160,bandwidth:4.86265e+06
cr:0.952381,iter:17,level:16,rank:0,datasize:145,operation:Post-smoothing
Time:0.000123524,bytes:264,bandwidth:2.13724e+06
cr:0.819876,iter:17,level:16,rank:0,datasize:33,operation:Interpolation
Time:0.000818583,bytes:2320,bandwidth:2.83417e+06
cr:0.9752,iter:17,level:16,rank:0,datasize:290,operation:Post-smoothing
Time:0.000181755,bytes:440,bandwidth:2.42084e+06
cr:0.883534,iter:17,level:16,rank:0,datasize:55,operation:Interpolation
SZ is downgraded to lossless mode.
Time:0.00113199,bytes:4040,bandwidth:3.56894e+06
cr:1.01076,iter:17,level:16,rank:0,datasize:505,operation:Post-smoothing
SZ is downgraded to lossless mode.
Time:0.00042181,bytes:728,bandwidth:1.7259e+06
cr:0.962963,iter:17,level:16,rank:0,datasize:91,operation:Interpolation
SZ is downgraded to lossless mode.
SZ is downgraded to lossless mode.
Time:0.00165036,bytes:6616,bandwidth:4.00883e+06
cr:1.02383,iter:17,level:16,rank:0,datasize:827,operation:Post-smoothing
Time:0.000332144,bytes:1136,bandwidth:3.4202e+06
cr:0.951424,iter:17,level:16,rank:0,datasize:142,operation:Interpolation
SZ is downgraded to lossless mode.
SZ is downgraded to lossless mode.
Time:0.00225139,bytes:10424,bandwidth:4.63003e+06
cr:1.03198,iter:17,level:16,rank:0,datasize:1303,operation:Post-smoothing
Time:0.00119977,bytes:1744,bandwidth:1.45361e+06
cr:0.967814,iter:17,level:16,rank:0,datasize:218,operation:Interpolation
SZ is downgraded to lossless mode.
Time:0.00324283,bytes:15480,bandwidth:4.77361e+06
cr:1.03566,iter:17,level:16,rank:0,datasize:1935,operation:Post-smoothing
SZ is downgraded to lossless mode.
Time:0.00154881,bytes:2672,bandwidth:1.72519e+06
cr:1.00376,iter:17,level:16,rank:0,datasize:334,operation:Interpolation
SZ is downgraded to lossless mode.
Time:0.00361961,bytes:22464,bandwidth:6.20619e+06
cr:1.03846,iter:17,level:16,rank:0,datasize:2808,operation:Post-smoothing
SZ is downgraded to lossless mode.
SZ is downgraded to lossless mode.
SZ is downgraded to lossless mode.
Time:0.00192174,bytes:3768,bandwidth:1.96072e+06
cr:1.01427,iter:17,level:16,rank:0,datasize:471,operation:Interpolation
SZ is downgraded to lossless mode.
SZ is downgraded to lossless mode.
Time:0.00489705,bytes:30080,bandwidth:6.14247e+06
cr:1.04047,iter:17,level:16,rank:0,datasize:3760,operation:Post-smoothing
SZ is downgraded to lossless mode.
Time:0.00228621,bytes:4936,bandwidth:2.15904e+06
cr:1.02322,iter:17,level:16,rank:0,datasize:617,operation:Interpolation
SZ is downgraded to lossless mode.
SZ is downgraded to lossless mode.
SZ is downgraded to lossless mode.
Time:0.00629747,bytes:38856,bandwidth:6.1701e+06
cr:1.0416,iter:17,level:16,rank:0,datasize:4857,operation:Post-smoothing
SZ is downgraded to lossless mode.
Time:0.00247936,bytes:6584,bandwidth:2.65552e+06
cr:1.02779,iter:17,level:16,rank:0,datasize:823,operation:Interpolation
SZ is downgraded to lossless mode.
SZ is downgraded to lossless mode.
Time:0.00690375,bytes:49304,bandwidth:7.14163e+06
cr:1.0418,iter:17,level:16,rank:0,datasize:6163,operation:Post-smoothing
SZ is downgraded to lossless mode.
SZ is downgraded to lossless mode.
SZ is downgraded to lossless mode.
Time:0.00318747,bytes:9280,bandwidth:2.9114e+06
cr:1.03421,iter:17,level:16,rank:0,datasize:1160,operation:Interpolation
SZ is downgraded to lossless mode.
Time:0.00781856,bytes:61032,bandwidth:7.80604e+06
cr:1.04236,iter:17,level:16,rank:0,datasize:7629,operation:Post-smoothing
SZ is downgraded to lossless mode.
SZ is downgraded to lossless mode.
SZ is downgraded to lossless mode.
Time:0.00289853,bytes:12120,bandwidth:4.18143e+06
cr:1.03643,iter:17,level:16,rank:0,datasize:1515,operation:Interpolation
SZ is downgraded to lossless mode.
SZ is downgraded to lossless mode.
Time:0.00895767,bytes:70008,bandwidth:7.81543e+06
cr:1.04314,iter:17,level:16,rank:0,datasize:8751,operation:Post-smoothing
SZ is downgraded to lossless mode.
Time:0.00330378,bytes:16832,bandwidth:5.09478e+06
cr:1.03908,iter:17,level:16,rank:0,datasize:2104,operation:Interpolation
SZ is downgraded to lossless mode.
SZ is downgraded to lossless mode.
SZ is downgraded to lossless mode.
Time:0.00824852,bytes:64032,bandwidth:7.76285e+06
cr:1.04278,iter:17,level:16,rank:0,datasize:8004,operation:Post-smoothing
SZ is downgraded to lossless mode.
SZ is downgraded to lossless mode.
Time:0.0059739,bytes:21296,bandwidth:3.56484e+06
cr:1.0405,iter:17,level:16,rank:0,datasize:2662,operation:Interpolation
SZ is downgraded to lossless mode.
SZ is downgraded to lossless mode.
Time:0.0075417,bytes:50808,bandwidth:6.73694e+06
cr:1.04266,iter:17,level:16,rank:0,datasize:6351,operation:Post-smoothing
SZ is downgraded to lossless mode.
SZ is downgraded to lossless mode.
Time:0.00415279,bytes:19664,bandwidth:4.73513e+06
cr:1.04037,iter:17,level:16,rank:0,datasize:2458,operation:Interpolation
Time:0.00393905,bytes:40000,bandwidth:1.01547e+07
cr:1.06188,iter:17,level:16,rank:0,datasize:5000,operation:Post-smoothing
Time:0.00317316,bytes:40000,bandwidth:1.26057e+07
cr:1.06154,iter:17,level:16,rank:0,datasize:5000,operation:Residual-Norm
Time:0.00319897,bytes:40000,bandwidth:1.2504e+07
cr:1.06154,iter:18,level:0,rank:0,datasize:5000,operation:Pre-Smoothing
Time:0.00313593,bytes:40000,bandwidth:1.27554e+07
cr:1.06157,iter:18,level:0,rank:0,datasize:5000,operation:Residual
Time:0.00238784,bytes:50808,bandwidth:2.12778e+07
cr:390.831,iter:18,level:1,rank:0,datasize:6351,operation:Pre-Smoothing
Time:0.00342855,bytes:50808,bandwidth:1.48191e+07
cr:9.57738,iter:18,level:1,rank:0,datasize:6351,operation:Residual
Time:0.00287167,bytes:64032,bandwidth:2.22978e+07
cr:492.554,iter:18,level:2,rank:0,datasize:8004,operation:Pre-Smoothing
Time:0.00429414,bytes:64032,bandwidth:1.49115e+07
cr:7.09732,iter:18,level:2,rank:0,datasize:8004,operation:Residual
Time:0.00291189,bytes:70008,bandwidth:2.40421e+07
cr:534.412,iter:18,level:3,rank:0,datasize:8751,operation:Pre-Smoothing
Time:0.0041548,bytes:70008,bandwidth:1.68499e+07
cr:6.12815,iter:18,level:3,rank:0,datasize:8751,operation:Residual
Time:0.00258336,bytes:61032,bandwidth:2.3625e+07
cr:469.477,iter:18,level:4,rank:0,datasize:7629,operation:Pre-Smoothing
Time:0.00437685,bytes:61032,bandwidth:1.39443e+07
cr:3.92741,iter:18,level:4,rank:0,datasize:7629,operation:Residual
Time:0.00201819,bytes:49304,bandwidth:2.44298e+07
cr:379.262,iter:18,level:5,rank:0,datasize:6163,operation:Pre-Smoothing
Time:0.00421384,bytes:49304,bandwidth:1.17005e+07
cr:2.84157,iter:18,level:5,rank:0,datasize:6163,operation:Residual
Time:0.0018887,bytes:38856,bandwidth:2.05729e+07
cr:303.562,iter:18,level:6,rank:0,datasize:4857,operation:Pre-Smoothing
Time:0.00474418,bytes:38856,bandwidth:8.19024e+06
cr:1.793,iter:18,level:6,rank:0,datasize:4857,operation:Residual
Time:0.000833912,bytes:30080,bandwidth:3.6071e+07
cr:281.121,iter:18,level:7,rank:0,datasize:3760,operation:Pre-Smoothing
SZ is downgraded to lossless mode.
SZ is downgraded to lossless mode.
Time:0.00250617,bytes:30080,bandwidth:1.20024e+07
cr:1.03017,iter:18,level:7,rank:0,datasize:3760,operation:Residual
Time:0.000619711,bytes:22464,bandwidth:3.62492e+07
cr:209.944,iter:18,level:8,rank:0,datasize:2808,operation:Pre-Smoothing
SZ is downgraded to lossless mode.
SZ is downgraded to lossless mode.
Time:0.00223764,bytes:22464,bandwidth:1.00392e+07
cr:1.02933,iter:18,level:8,rank:0,datasize:2808,operation:Residual
Time:0.000588385,bytes:15480,bandwidth:2.63093e+07
cr:144.673,iter:18,level:9,rank:0,datasize:1935,operation:Pre-Smoothing
SZ is downgraded to lossless mode.
SZ is downgraded to lossless mode.
Time:0.00192303,bytes:15480,bandwidth:8.0498e+06
cr:1.02843,iter:18,level:9,rank:0,datasize:1935,operation:Residual
Time:0.000431627,bytes:10424,bandwidth:2.41505e+07
cr:97.4206,iter:18,level:10,rank:0,datasize:1303,operation:Pre-Smoothing
SZ is downgraded to lossless mode.
SZ is downgraded to lossless mode.
Time:0.00150669,bytes:10424,bandwidth:6.91846e+06
cr:1.02437,iter:18,level:10,rank:0,datasize:1303,operation:Residual
Time:0.000377496,bytes:6616,bandwidth:1.7526e+07
cr:61.8318,iter:18,level:11,rank:0,datasize:827,operation:Pre-Smoothing
SZ is downgraded to lossless mode.
SZ is downgraded to lossless mode.
Time:0.00112529,bytes:6616,bandwidth:5.87936e+06
cr:1.01832,iter:18,level:11,rank:0,datasize:827,operation:Residual
Time:0.000303864,bytes:4040,bandwidth:1.32954e+07
cr:39.2233,iter:18,level:12,rank:0,datasize:505,operation:Pre-Smoothing
SZ is downgraded to lossless mode.
SZ is downgraded to lossless mode.
Time:0.000964443,bytes:4040,bandwidth:4.18895e+06
cr:1.00849,iter:18,level:12,rank:0,datasize:505,operation:Residual
Time:0.000290276,bytes:2320,bandwidth:7.99239e+06
cr:22.5243,iter:18,level:13,rank:0,datasize:290,operation:Pre-Smoothing
Time:0.000779431,bytes:2320,bandwidth:2.97653e+06
cr:1.08411,iter:18,level:13,rank:0,datasize:290,operation:Residual
Time:0.000109772,bytes:1160,bandwidth:1.05674e+07
cr:10.5455,iter:18,level:14,rank:0,datasize:145,operation:Pre-Smoothing
Time:0.000289805,bytes:1160,bandwidth:4.00269e+06
cr:0.958678,iter:18,level:14,rank:0,datasize:145,operation:Residual
Time:8.2239e-05,bytes:464,bandwidth:5.64209e+06
cr:4.21818,iter:18,level:15,rank:0,datasize:58,operation:Pre-Smoothing
Time:0.000152869,bytes:464,bandwidth:3.03528e+06
cr:0.924303,iter:18,level:15,rank:0,datasize:58,operation:Residual
Time:7.1109e-05,bytes:56,bandwidth:787523
cr:0.495575,iter:18,level:16,rank:0,datasize:7,operation:Interpolation
Time:0.000154655,bytes:464,bandwidth:3.00023e+06
cr:0.909804,iter:18,level:16,rank:0,datasize:58,operation:Post-smoothing
Time:9.5476e-05,bytes:200,bandwidth:2.09477e+06
cr:0.77821,iter:18,level:16,rank:0,datasize:25,operation:Interpolation
Time:0.000306423,bytes:1160,bandwidth:3.78562e+06
cr:0.982218,iter:18,level:16,rank:0,datasize:145,operation:Post-smoothing
Time:0.000117992,bytes:264,bandwidth:2.23744e+06
cr:0.819876,iter:18,level:16,rank:0,datasize:33,operation:Interpolation
Time:0.000890179,bytes:2320,bandwidth:2.60622e+06
cr:0.978903,iter:18,level:16,rank:0,datasize:290,operation:Post-smoothing
Time:0.000178575,bytes:440,bandwidth:2.46395e+06
cr:0.883534,iter:18,level:16,rank:0,datasize:55,operation:Interpolation
SZ is downgraded to lossless mode.
Time:0.00104487,bytes:4040,bandwidth:3.86651e+06
cr:1.00824,iter:18,level:16,rank:0,datasize:505,operation:Post-smoothing
SZ is downgraded to lossless mode.
Time:0.000446514,bytes:728,bandwidth:1.63041e+06
cr:0.956636,iter:18,level:16,rank:0,datasize:91,operation:Interpolation
SZ is downgraded to lossless mode.
SZ is downgraded to lossless mode.
Time:0.00136112,bytes:6616,bandwidth:4.86072e+06
cr:1.02288,iter:18,level:16,rank:0,datasize:827,operation:Post-smoothing
Time:0.000316526,bytes:1136,bandwidth:3.58896e+06
cr:0.951424,iter:18,level:16,rank:0,datasize:142,operation:Interpolation
SZ is downgraded to lossless mode.
SZ is downgraded to lossless mode.
Time:0.00203343,bytes:10424,bandwidth:5.12631e+06
cr:1.03126,iter:18,level:16,rank:0,datasize:1303,operation:Post-smoothing
Time:0.00124761,bytes:1744,bandwidth:1.39787e+06
cr:0.967814,iter:18,level:16,rank:0,datasize:218,operation:Interpolation
SZ is downgraded to lossless mode.
Time:0.00299972,bytes:15480,bandwidth:5.16049e+06
cr:1.03566,iter:18,level:16,rank:0,datasize:1935,operation:Post-smoothing
SZ is downgraded to lossless mode.
Time:0.00144654,bytes:2672,bandwidth:1.84717e+06
cr:1.0015,iter:18,level:16,rank:0,datasize:334,operation:Interpolation
SZ is downgraded to lossless mode.
Time:0.0035874,bytes:22464,bandwidth:6.26192e+06
cr:1.03813,iter:18,level:16,rank:0,datasize:2808,operation:Post-smoothing
SZ is downgraded to lossless mode.
SZ is downgraded to lossless mode.
SZ is downgraded to lossless mode.
Time:0.00176934,bytes:3768,bandwidth:2.12961e+06
cr:1.01481,iter:18,level:16,rank:0,datasize:471,operation:Interpolation
SZ is downgraded to lossless mode.
SZ is downgraded to lossless mode.
Time:0.00457132,bytes:30080,bandwidth:6.58016e+06
cr:1.03961,iter:18,level:16,rank:0,datasize:3760,operation:Post-smoothing
SZ is downgraded to lossless mode.
Time:0.00210889,bytes:4936,bandwidth:2.34056e+06
cr:1.02173,iter:18,level:16,rank:0,datasize:617,operation:Interpolation
SZ is downgraded to lossless mode.
SZ is downgraded to lossless mode.
SZ is downgraded to lossless mode.
Time:0.00635362,bytes:38856,bandwidth:6.11556e+06
cr:1.04099,iter:18,level:16,rank:0,datasize:4857,operation:Post-smoothing
SZ is downgraded to lossless mode.
SZ is downgraded to lossless mode.
Time:0.00270038,bytes:6584,bandwidth:2.43817e+06
cr:1.02795,iter:18,level:16,rank:0,datasize:823,operation:Interpolation
SZ is downgraded to lossless mode.
SZ is downgraded to lossless mode.
Time:0.0067272,bytes:49304,bandwidth:7.32905e+06
cr:1.04129,iter:18,level:16,rank:0,datasize:6163,operation:Post-smoothing
SZ is downgraded to lossless mode.
SZ is downgraded to lossless mode.
Time:0.00296819,bytes:9280,bandwidth:3.12648e+06
cr:1.03318,iter:18,level:16,rank:0,datasize:1160,operation:Interpolation
SZ is downgraded to lossless mode.
Time:0.00736627,bytes:61032,bandwidth:8.28534e+06
cr:1.04157,iter:18,level:16,rank:0,datasize:7629,operation:Post-smoothing
SZ is downgraded to lossless mode.
SZ is downgraded to lossless mode.
SZ is downgraded to lossless mode.
Time:0.00266981,bytes:12120,bandwidth:4.53966e+06
cr:1.03537,iter:18,level:16,rank:0,datasize:1515,operation:Interpolation
SZ is downgraded to lossless mode.
Time:0.00832581,bytes:70008,bandwidth:8.40855e+06
cr:1.04188,iter:18,level:16,rank:0,datasize:8751,operation:Post-smoothing
SZ is downgraded to lossless mode.
SZ is downgraded to lossless mode.
Time:0.00309213,bytes:16832,bandwidth:5.4435e+06
cr:1.03959,iter:18,level:16,rank:0,datasize:2104,operation:Interpolation
SZ is downgraded to lossless mode.
SZ is downgraded to lossless mode.
SZ is downgraded to lossless mode.
Time:0.00749919,bytes:64032,bandwidth:8.53852e+06
cr:1.04188,iter:18,level:16,rank:0,datasize:8004,operation:Post-smoothing
SZ is downgraded to lossless mode.
SZ is downgraded to lossless mode.
Time:0.00363059,bytes:21296,bandwidth:5.86571e+06
cr:1.04015,iter:18,level:16,rank:0,datasize:2662,operation:Interpolation
SZ is downgraded to lossless mode.
SZ is downgraded to lossless mode.
Time:0.00671229,bytes:50808,bandwidth:7.5694e+06
cr:1.04211,iter:18,level:16,rank:0,datasize:6351,operation:Post-smoothing
SZ is downgraded to lossless mode.
SZ is downgraded to lossless mode.
Time:0.00304926,bytes:19664,bandwidth:6.44878e+06
cr:1.03921,iter:18,level:16,rank:0,datasize:2458,operation:Interpolation
Time:0.00308137,bytes:40000,bandwidth:1.29812e+07
cr:1.06188,iter:18,level:16,rank:0,datasize:5000,operation:Post-smoothing
Time:0.00317056,bytes:40000,bandwidth:1.2616e+07
cr:1.06202,iter:18,level:16,rank:0,datasize:5000,operation:Residual-Norm
Time:0.00312618,bytes:40000,bandwidth:1.27952e+07
cr:1.06202,iter:19,level:0,rank:0,datasize:5000,operation:Pre-Smoothing
Time:0.00309264,bytes:40000,bandwidth:1.2934e+07
cr:1.06182,iter:19,level:0,rank:0,datasize:5000,operation:Residual
Time:0.00246786,bytes:50808,bandwidth:2.05878e+07
cr:390.831,iter:19,level:1,rank:0,datasize:6351,operation:Pre-Smoothing
Time:0.00336735,bytes:50808,bandwidth:1.50884e+07
cr:10.3669,iter:19,level:1,rank:0,datasize:6351,operation:Residual
Time:0.00288538,bytes:64032,bandwidth:2.21919e+07
cr:492.554,iter:19,level:2,rank:0,datasize:8004,operation:Pre-Smoothing
Time:0.00458586,bytes:64032,bandwidth:1.39629e+07
cr:8.90199,iter:19,level:2,rank:0,datasize:8004,operation:Residual
Time:0.00290856,bytes:70008,bandwidth:2.40696e+07
cr:534.412,iter:19,level:3,rank:0,datasize:8751,operation:Pre-Smoothing
Time:0.00409874,bytes:70008,bandwidth:1.70804e+07
cr:6.49485,iter:19,level:3,rank:0,datasize:8751,operation:Residual
Time:0.00253519,bytes:61032,bandwidth:2.4074e+07
cr:469.477,iter:19,level:4,rank:0,datasize:7629,operation:Pre-Smoothing
Time:0.00427448,bytes:61032,bandwidth:1.42782e+07
cr:4.28235,iter:19,level:4,rank:0,datasize:7629,operation:Residual
Time:0.00212332,bytes:49304,bandwidth:2.32202e+07
cr:379.262,iter:19,level:5,rank:0,datasize:6163,operation:Pre-Smoothing
Time:0.00375689,bytes:49304,bandwidth:1.31236e+07
cr:3.13599,iter:19,level:5,rank:0,datasize:6163,operation:Residual
Time:0.00204641,bytes:38856,bandwidth:1.89874e+07
cr:303.562,iter:19,level:6,rank:0,datasize:4857,operation:Pre-Smoothing
Time:0.00397593,bytes:38856,bandwidth:9.7728e+06
cr:2.5712,iter:19,level:6,rank:0,datasize:4857,operation:Residual
Time:0.000803643,bytes:30080,bandwidth:3.74296e+07
cr:281.121,iter:19,level:7,rank:0,datasize:3760,operation:Pre-Smoothing
Time:0.00313048,bytes:30080,bandwidth:9.60874e+06
cr:1.78622,iter:19,level:7,rank:0,datasize:3760,operation:Residual
Time:0.000615949,bytes:22464,bandwidth:3.64706e+07
cr:209.944,iter:19,level:8,rank:0,datasize:2808,operation:Pre-Smoothing
SZ is downgraded to lossless mode.
SZ is downgraded to lossless mode.
Time:0.00227619,bytes:22464,bandwidth:9.86912e+06
cr:1.02961,iter:19,level:8,rank:0,datasize:2808,operation:Residual
Time:0.000571624,bytes:15480,bandwidth:2.70807e+07
cr:144.673,iter:19,level:9,rank:0,datasize:1935,operation:Pre-Smoothing
SZ is downgraded to lossless mode.
SZ is downgraded to lossless mode.
Time:0.00199051,bytes:15480,bandwidth:7.7769e+06
cr:1.02734,iter:19,level:9,rank:0,datasize:1935,operation:Residual
Time:0.000431156,bytes:10424,bandwidth:2.41769e+07
cr:97.4206,iter:19,level:10,rank:0,datasize:1303,operation:Pre-Smoothing
SZ is downgraded to lossless mode.
SZ is downgraded to lossless mode.
Time:0.00144505,bytes:10424,bandwidth:7.21361e+06
cr:1.02538,iter:19,level:10,rank:0,datasize:1303,operation:Residual
Time:0.000366918,bytes:6616,bandwidth:1.80313e+07
cr:61.8318,iter:19,level:11,rank:0,datasize:827,operation:Pre-Smoothing
SZ is downgraded to lossless mode.
SZ is downgraded to lossless mode.
Time:0.00109563,bytes:6616,bandwidth:6.03851e+06
cr:1.01816,iter:19,level:11,rank:0,datasize:827,operation:Residual
Time:0.000320346,bytes:4040,bandwidth:1.26114e+07
cr:39.2233,iter:19,level:12,rank:0,datasize:505,operation:Pre-Smoothing
SZ is downgraded to lossless mode.
SZ is downgraded to lossless mode.
Time:0.000992386,bytes:4040,bandwidth:4.071e+06
cr:1.00773,iter:19,level:12,rank:0,datasize:505,operation:Residual
Time:0.000296135,bytes:2320,bandwidth:7.83426e+06
cr:22.5243,iter:19,level:13,rank:0,datasize:290,operation:Pre-Smoothing
Time:0.00079891,bytes:2320,bandwidth:2.90396e+06
cr:1.0493,iter:19,level:13,rank:0,datasize:290,operation:Residual
Time:0.000110311,bytes:1160,bandwidth:1.05157e+07
cr:10.5455,iter:19,level:14,rank:0,datasize:145,operation:Pre-Smoothing
Time:0.000283166,bytes:1160,bandwidth:4.09654e+06
cr:0.97561,iter:19,level:14,rank:0,datasize:145,operation:Residual
Time:8.0378e-05,bytes:464,bandwidth:5.77272e+06
cr:4.21818,iter:19,level:15,rank:0,datasize:58,operation:Pre-Smoothing
Time:0.000148877,bytes:464,bandwidth:3.11667e+06
cr:0.937374,iter:19,level:15,rank:0,datasize:58,operation:Residual
Time:6.6959e-05,bytes:56,bandwidth:836333
cr:0.495575,iter:19,level:16,rank:0,datasize:7,operation:Interpolation
Time:0.000152811,bytes:464,bandwidth:3.03643e+06
cr:0.911591,iter:19,level:16,rank:0,datasize:58,operation:Post-smoothing
Time:9.1543e-05,bytes:200,bandwidth:2.18477e+06
cr:0.77821,iter:19,level:16,rank:0,datasize:25,operation:Interpolation
Time:0.000295465,bytes:1160,bandwidth:3.92601e+06
cr:0.957886,iter:19,level:16,rank:0,datasize:145,operation:Post-smoothing
Time:0.000129336,bytes:264,bandwidth:2.0412e+06
cr:0.819876,iter:19,level:16,rank:0,datasize:33,operation:Interpolation
Time:0.00090189,bytes:2320,bandwidth:2.57238e+06
cr:0.990606,iter:19,level:16,rank:0,datasize:290,operation:Post-smoothing
Time:0.000164853,bytes:440,bandwidth:2.66904e+06
cr:0.883534,iter:19,level:16,rank:0,datasize:55,operation:Interpolation
SZ is downgraded to lossless mode.
SZ is downgraded to lossless mode.
Time:0.00125534,bytes:4040,bandwidth:3.21825e+06
cr:1.00723,iter:19,level:16,rank:0,datasize:505,operation:Post-smoothing
Time:0.000408969,bytes:728,bandwidth:1.78009e+06
cr:0.973262,iter:19,level:16,rank:0,datasize:91,operation:Interpolation
SZ is downgraded to lossless mode.
SZ is downgraded to lossless mode.
Time:0.00136197,bytes:6616,bandwidth:4.85767e+06
cr:1.02209,iter:19,level:16,rank:0,datasize:827,operation:Post-smoothing
Time:0.000310377,bytes:1136,bandwidth:3.66007e+06
cr:0.951424,iter:19,level:16,rank:0,datasize:142,operation:Interpolation
SZ is downgraded to lossless mode.
SZ is downgraded to lossless mode.
Time:0.00221109,bytes:10424,bandwidth:4.71441e+06
cr:1.03096,iter:19,level:16,rank:0,datasize:1303,operation:Post-smoothing
Time:0.00104948,bytes:1744,bandwidth:1.66178e+06
cr:0.967814,iter:19,level:16,rank:0,datasize:218,operation:Interpolation
SZ is downgraded to lossless mode.
Time:0.00290125,bytes:15480,bandwidth:5.33563e+06
cr:1.03552,iter:19,level:16,rank:0,datasize:1935,operation:Post-smoothing
SZ is downgraded to lossless mode.
Time:0.00139613,bytes:2672,bandwidth:1.91387e+06
cr:1.003,iter:19,level:16,rank:0,datasize:334,operation:Interpolation
SZ is downgraded to lossless mode.
Time:0.00337484,bytes:22464,bandwidth:6.65631e+06
cr:1.03731,iter:19,level:16,rank:0,datasize:2808,operation:Post-smoothing
SZ is downgraded to lossless mode.
SZ is downgraded to lossless mode.
SZ is downgraded to lossless mode.
Time:0.0019061,bytes:3768,bandwidth:1.97681e+06
cr:1.01209,iter:19,level:16,rank:0,datasize:471,operation:Interpolation
SZ is downgraded to lossless mode.
SZ is downgraded to lossless mode.
Time:0.00439037,bytes:30080,bandwidth:6.85136e+06
cr:1.03832,iter:19,level:16,rank:0,datasize:3760,operation:Post-smoothing
SZ is downgraded to lossless mode.
Time:0.00193317,bytes:4936,bandwidth:2.55332e+06
cr:1.02131,iter:19,level:16,rank:0,datasize:617,operation:Interpolation
SZ is downgraded to lossless mode.
SZ is downgraded to lossless mode.
Time:0.00556483,bytes:38856,bandwidth:6.98242e+06
cr:1.03993,iter:19,level:16,rank:0,datasize:4857,operation:Post-smoothing
SZ is downgraded to lossless mode.
SZ is downgraded to lossless mode.
SZ is downgraded to lossless mode.
Time:0.00239787,bytes:6584,bandwidth:2.74577e+06
cr:1.02682,iter:19,level:16,rank:0,datasize:823,operation:Interpolation
SZ is downgraded to lossless mode.
SZ is downgraded to lossless mode.
Time:0.00639527,bytes:49304,bandwidth:7.70945e+06
cr:1.04059,iter:19,level:16,rank:0,datasize:6163,operation:Post-smoothing
SZ is downgraded to lossless mode.
SZ is downgraded to lossless mode.
Time:0.00280538,bytes:9280,bandwidth:3.30793e+06
cr:1.03237,iter:19,level:16,rank:0,datasize:1160,operation:Interpolation
SZ is downgraded to lossless mode.
Time:0.00691096,bytes:61032,bandwidth:8.83119e+06
cr:1.0409,iter:19,level:16,rank:0,datasize:7629,operation:Post-smoothing
SZ is downgraded to lossless mode.
SZ is downgraded to lossless mode.
SZ is downgraded to lossless mode.
Time:0.00247316,bytes:12120,bandwidth:4.90061e+06
cr:1.03537,iter:19,level:16,rank:0,datasize:1515,operation:Interpolation
SZ is downgraded to lossless mode.
SZ is downgraded to lossless mode.
Time:0.00796464,bytes:70008,bandwidth:8.78985e+06
cr:1.0414,iter:19,level:16,rank:0,datasize:8751,operation:Post-smoothing
SZ is downgraded to lossless mode.
Time:0.00287466,bytes:16832,bandwidth:5.85531e+06
cr:1.03837,iter:19,level:16,rank:0,datasize:2104,operation:Interpolation
SZ is downgraded to lossless mode.
SZ is downgraded to lossless mode.
SZ is downgraded to lossless mode.
Time:0.00698571,bytes:64032,bandwidth:9.16614e+06
cr:1.04127,iter:19,level:16,rank:0,datasize:8004,operation:Post-smoothing
SZ is downgraded to lossless mode.
SZ is downgraded to lossless mode.
Time:0.00340896,bytes:21296,bandwidth:6.24706e+06
cr:1.03959,iter:19,level:16,rank:0,datasize:2662,operation:Interpolation
SZ is downgraded to lossless mode.
SZ is downgraded to lossless mode.
Time:0.00796408,bytes:50808,bandwidth:6.37965e+06
cr:1.04187,iter:19,level:16,rank:0,datasize:6351,operation:Post-smoothing
SZ is downgraded to lossless mode.
Time:0.00283961,bytes:19664,bandwidth:6.9249e+06
cr:1.03888,iter:19,level:16,rank:0,datasize:2458,operation:Interpolation
SZ is downgraded to lossless mode.
Time:0.00417593,bytes:40000,bandwidth:9.5787e+06
cr:1.06166,iter:19,level:16,rank:0,datasize:5000,operation:Post-smoothing
Time:0.00337519,bytes:40000,bandwidth:1.18512e+07
cr:1.0616,iter:19,level:16,rank:0,datasize:5000,operation:Residual-Norm
Time:0.00329936,bytes:40000,bandwidth:1.21236e+07
cr:1.0616,iter:20,level:0,rank:0,datasize:5000,operation:Pre-Smoothing
Time:0.00324394,bytes:40000,bandwidth:1.23307e+07
cr:1.06197,iter:20,level:0,rank:0,datasize:5000,operation:Residual
Time:0.00243406,bytes:50808,bandwidth:2.08737e+07
cr:390.831,iter:20,level:1,rank:0,datasize:6351,operation:Pre-Smoothing
Time:0.00326824,bytes:50808,bandwidth:1.5546e+07
cr:11.2681,iter:20,level:1,rank:0,datasize:6351,operation:Residual
Time:0.00290262,bytes:64032,bandwidth:2.20601e+07
cr:492.554,iter:20,level:2,rank:0,datasize:8004,operation:Pre-Smoothing
Time:0.00341449,bytes:64032,bandwidth:1.8753e+07
cr:9.37923,iter:20,level:2,rank:0,datasize:8004,operation:Residual
Time:0.00300101,bytes:70008,bandwidth:2.33282e+07
cr:534.412,iter:20,level:3,rank:0,datasize:8751,operation:Pre-Smoothing
Time:0.00435673,bytes:70008,bandwidth:1.60689e+07
cr:7.00641,iter:20,level:3,rank:0,datasize:8751,operation:Residual
Time:0.00257854,bytes:61032,bandwidth:2.36693e+07
cr:469.477,iter:20,level:4,rank:0,datasize:7629,operation:Pre-Smoothing
Time:0.00419415,bytes:61032,bandwidth:1.45517e+07
cr:5.19465,iter:20,level:4,rank:0,datasize:7629,operation:Residual
Time:0.00271465,bytes:49304,bandwidth:1.81622e+07
cr:379.262,iter:20,level:5,rank:0,datasize:6163,operation:Pre-Smoothing
Time:0.00428478,bytes:49304,bandwidth:1.15068e+07
cr:3.34786,iter:20,level:5,rank:0,datasize:6163,operation:Residual
Time:0.00196163,bytes:38856,bandwidth:1.98081e+07
cr:303.562,iter:20,level:6,rank:0,datasize:4857,operation:Pre-Smoothing
Time:0.00511159,bytes:38856,bandwidth:7.60155e+06
cr:2.45737,iter:20,level:6,rank:0,datasize:4857,operation:Residual
Time:0.000821457,bytes:30080,bandwidth:3.66179e+07
cr:281.121,iter:20,level:7,rank:0,datasize:3760,operation:Pre-Smoothing
Time:0.00307926,bytes:30080,bandwidth:9.76857e+06
cr:1.94115,iter:20,level:7,rank:0,datasize:3760,operation:Residual
Time:0.000616376,bytes:22464,bandwidth:3.64453e+07
cr:209.944,iter:20,level:8,rank:0,datasize:2808,operation:Pre-Smoothing
SZ is downgraded to lossless mode.
SZ is downgraded to lossless mode.
Time:0.00205115,bytes:22464,bandwidth:1.09519e+07
cr:1.02923,iter:20,level:8,rank:0,datasize:2808,operation:Residual
Time:0.00055996,bytes:15480,bandwidth:2.76448e+07
cr:144.673,iter:20,level:9,rank:0,datasize:1935,operation:Pre-Smoothing
SZ is downgraded to lossless mode.
SZ is downgraded to lossless mode.
Time:0.00181413,bytes:15480,bandwidth:8.53302e+06
cr:1.02734,iter:20,level:9,rank:0,datasize:1935,operation:Residual
Time:0.00043271,bytes:10424,bandwidth:2.409e+07
cr:97.4206,iter:20,level:10,rank:0,datasize:1303,operation:Pre-Smoothing
SZ is downgraded to lossless mode.
SZ is downgraded to lossless mode.
Time:0.00135099,bytes:10424,bandwidth:7.71583e+06
cr:1.02508,iter:20,level:10,rank:0,datasize:1303,operation:Residual
Time:0.000366258,bytes:6616,bandwidth:1.80638e+07
cr:61.8318,iter:20,level:11,rank:0,datasize:827,operation:Pre-Smoothing
SZ is downgraded to lossless mode.
SZ is downgraded to lossless mode.
Time:0.00109617,bytes:6616,bandwidth:6.03557e+06
cr:1.01753,iter:20,level:11,rank:0,datasize:827,operation:Residual
Time:0.000319295,bytes:4040,bandwidth:1.26529e+07
cr:39.2233,iter:20,level:12,rank:0,datasize:505,operation:Pre-Smoothing
SZ is downgraded to lossless mode.
Time:0.00108293,bytes:4040,bandwidth:3.73062e+06
cr:1.08253,iter:20,level:12,rank:0,datasize:505,operation:Residual
Time:0.000302044,bytes:2320,bandwidth:7.681e+06
cr:22.5243,iter:20,level:13,rank:0,datasize:290,operation:Pre-Smoothing
Time:0.000827411,bytes:2320,bandwidth:2.80393e+06
cr:1.03618,iter:20,level:13,rank:0,datasize:290,operation:Residual
Time:0.000113015,bytes:1160,bandwidth:1.02641e+07
cr:10.5455,iter:20,level:14,rank:0,datasize:145,operation:Pre-Smoothing
Time:0.000270188,bytes:1160,bandwidth:4.29331e+06
cr:1.16116,iter:20,level:14,rank:0,datasize:145,operation:Residual
Time:9.2774e-05,bytes:464,bandwidth:5.0014e+06
cr:4.21818,iter:20,level:15,rank:0,datasize:58,operation:Pre-Smoothing
Time:0.000161541,bytes:464,bandwidth:2.87234e+06
cr:0.92986,iter:20,level:15,rank:0,datasize:58,operation:Residual
Time:7.2568e-05,bytes:56,bandwidth:771690
cr:0.495575,iter:20,level:16,rank:0,datasize:7,operation:Interpolation
Time:0.000149639,bytes:464,bandwidth:3.1008e+06
cr:0.931727,iter:20,level:16,rank:0,datasize:58,operation:Post-smoothing
Time:9.5038e-05,bytes:200,bandwidth:2.10442e+06
cr:0.77821,iter:20,level:16,rank:0,datasize:25,operation:Interpolation
Time:0.000277605,bytes:1160,bandwidth:4.1786e+06
cr:1.16818,iter:20,level:16,rank:0,datasize:145,operation:Post-smoothing
Time:0.000112726,bytes:264,bandwidth:2.34196e+06
cr:0.819876,iter:20,level:16,rank:0,datasize:33,operation:Interpolation
Time:0.000916267,bytes:2320,bandwidth:2.53201e+06
cr:0.990184,iter:20,level:16,rank:0,datasize:290,operation:Post-smoothing
Time:0.000166875,bytes:440,bandwidth:2.6367e+06
cr:0.883534,iter:20,level:16,rank:0,datasize:55,operation:Interpolation
SZ is downgraded to lossless mode.
SZ is downgraded to lossless mode.
Time:0.0011793,bytes:4040,bandwidth:3.42575e+06
cr:1.00924,iter:20,level:16,rank:0,datasize:505,operation:Post-smoothing
Time:0.000353146,bytes:728,bandwidth:2.06147e+06
cr:0.973262,iter:20,level:16,rank:0,datasize:91,operation:Interpolation
SZ is downgraded to lossless mode.
SZ is downgraded to lossless mode.
Time:0.00159369,bytes:6616,bandwidth:4.15136e+06
cr:1.02146,iter:20,level:16,rank:0,datasize:827,operation:Post-smoothing
Time:0.000297267,bytes:1136,bandwidth:3.82148e+06
cr:0.951424,iter:20,level:16,rank:0,datasize:142,operation:Interpolation
SZ is downgraded to lossless mode.
SZ is downgraded to lossless mode.
Time:0.00197894,bytes:10424,bandwidth:5.26747e+06
cr:1.02953,iter:20,level:16,rank:0,datasize:1303,operation:Post-smoothing
Time:0.000997033,bytes:1744,bandwidth:1.74919e+06
cr:0.967814,iter:20,level:16,rank:0,datasize:218,operation:Interpolation
SZ is downgraded to lossless mode.
Time:0.00274788,bytes:15480,bandwidth:5.63343e+06
cr:1.03393,iter:20,level:16,rank:0,datasize:1935,operation:Post-smoothing
SZ is downgraded to lossless mode.
Time:0.00130216,bytes:2672,bandwidth:2.05197e+06
cr:0.999626,iter:20,level:16,rank:0,datasize:334,operation:Interpolation
SZ is downgraded to lossless mode.
Time:0.00322229,bytes:22464,bandwidth:6.97144e+06
cr:1.03583,iter:20,level:16,rank:0,datasize:2808,operation:Post-smoothing
SZ is downgraded to lossless mode.
SZ is downgraded to lossless mode.
SZ is downgraded to lossless mode.
Time:0.00170636,bytes:3768,bandwidth:2.20821e+06
cr:1.0129,iter:20,level:16,rank:0,datasize:471,operation:Interpolation
SZ is downgraded to lossless mode.
SZ is downgraded to lossless mode.
Time:0.00422213,bytes:30080,bandwidth:7.12437e+06
cr:1.03821,iter:20,level:16,rank:0,datasize:3760,operation:Post-smoothing
SZ is downgraded to lossless mode.
Time:0.00179657,bytes:4936,bandwidth:2.74745e+06
cr:1.02089,iter:20,level:16,rank:0,datasize:617,operation:Interpolation
SZ is downgraded to lossless mode.
SZ is downgraded to lossless mode.
SZ is downgraded to lossless mode.
Time:0.00590712,bytes:38856,bandwidth:6.57783e+06
cr:1.04018,iter:20,level:16,rank:0,datasize:4857,operation:Post-smoothing
SZ is downgraded to lossless mode.
SZ is downgraded to lossless mode.
Time:0.00243953,bytes:6584,bandwidth:2.69888e+06
cr:1.02666,iter:20,level:16,rank:0,datasize:823,operation:Interpolation
SZ is downgraded to lossless mode.
SZ is downgraded to lossless mode.
Time:0.00632688,bytes:49304,bandwidth:7.79278e+06
cr:1.03955,iter:20,level:16,rank:0,datasize:6163,operation:Post-smoothing
SZ is downgraded to lossless mode.
SZ is downgraded to lossless mode.
Time:0.00263591,bytes:9280,bandwidth:3.52061e+06
cr:1.03077,iter:20,level:16,rank:0,datasize:1160,operation:Interpolation
SZ is downgraded to lossless mode.
Time:0.00674958,bytes:61032,bandwidth:9.04235e+06
cr:1.03983,iter:20,level:16,rank:0,datasize:7629,operation:Post-smoothing
SZ is downgraded to lossless mode.
SZ is downgraded to lossless mode.
Time:0.00235465,bytes:12120,bandwidth:5.14725e+06
cr:1.03404,iter:20,level:16,rank:0,datasize:1515,operation:Interpolation
SZ is downgraded to lossless mode.
SZ is downgraded to lossless mode.
Time:0.00772316,bytes:70008,bandwidth:9.06469e+06
cr:1.04089,iter:20,level:16,rank:0,datasize:8751,operation:Post-smoothing
SZ is downgraded to lossless mode.
SZ is downgraded to lossless mode.
SZ is downgraded to lossless mode.
Time:0.00279474,bytes:16832,bandwidth:6.02273e+06
cr:1.03664,iter:20,level:16,rank:0,datasize:2104,operation:Interpolation
SZ is downgraded to lossless mode.
SZ is downgraded to lossless mode.
Time:0.00687196,bytes:64032,bandwidth:9.31786e+06
cr:1.04073,iter:20,level:16,rank:0,datasize:8004,operation:Post-smoothing
SZ is downgraded to lossless mode.
SZ is downgraded to lossless mode.
Time:0.00317924,bytes:21296,bandwidth:6.69847e+06
cr:1.03817,iter:20,level:16,rank:0,datasize:2662,operation:Interpolation
SZ is downgraded to lossless mode.
Time:0.00591526,bytes:50808,bandwidth:8.5893e+06
cr:1.04108,iter:20,level:16,rank:0,datasize:6351,operation:Post-smoothing
SZ is downgraded to lossless mode.
SZ is downgraded to lossless mode.
Time:0.00233981,bytes:19664,bandwidth:8.40409e+06
cr:1.03806,iter:20,level:16,rank:0,datasize:2458,operation:Interpolation
Time:0.00468138,bytes:40000,bandwidth:8.5445e+06
cr:1.06171,iter:20,level:16,rank:0,datasize:5000,operation:Post-smoothing
Time:0.00319589,bytes:40000,bandwidth:1.25161e+07
cr:1.06166,iter:20,level:16,rank:0,datasize:5000,operation:Residual-Norm
Time:0.00311501,bytes:40000,bandwidth:1.28411e+07
cr:1.06166,iter:21,level:0,rank:0,datasize:5000,operation:Pre-Smoothing
Time:0.00314959,bytes:40000,bandwidth:1.27001e+07
cr:1.06157,iter:21,level:0,rank:0,datasize:5000,operation:Residual
Time:0.00242467,bytes:50808,bandwidth:2.09546e+07
cr:390.831,iter:21,level:1,rank:0,datasize:6351,operation:Pre-Smoothing
Time:0.00333011,bytes:50808,bandwidth:1.52572e+07
cr:10.585,iter:21,level:1,rank:0,datasize:6351,operation:Residual
Time:0.00289142,bytes:64032,bandwidth:2.21455e+07
cr:492.554,iter:21,level:2,rank:0,datasize:8004,operation:Pre-Smoothing
Time:0.00405116,bytes:64032,bandwidth:1.58059e+07
cr:8.9119,iter:21,level:2,rank:0,datasize:8004,operation:Residual
Time:0.00292312,bytes:70008,bandwidth:2.39498e+07
cr:534.412,iter:21,level:3,rank:0,datasize:8751,operation:Pre-Smoothing
Time:0.00407778,bytes:70008,bandwidth:1.71682e+07
cr:7.58565,iter:21,level:3,rank:0,datasize:8751,operation:Residual
Time:0.0026114,bytes:61032,bandwidth:2.33713e+07
cr:469.477,iter:21,level:4,rank:0,datasize:7629,operation:Pre-Smoothing
Time:0.00408013,bytes:61032,bandwidth:1.49584e+07
cr:5.07458,iter:21,level:4,rank:0,datasize:7629,operation:Residual
Time:0.00205059,bytes:49304,bandwidth:2.40438e+07
cr:379.262,iter:21,level:5,rank:0,datasize:6163,operation:Pre-Smoothing
Time:0.00383221,bytes:49304,bandwidth:1.28657e+07
cr:3.33068,iter:21,level:5,rank:0,datasize:6163,operation:Residual
Time:0.00190852,bytes:38856,bandwidth:2.03593e+07
cr:303.562,iter:21,level:6,rank:0,datasize:4857,operation:Pre-Smoothing
Time:0.00351591,bytes:38856,bandwidth:1.10515e+07
cr:3.04538,iter:21,level:6,rank:0,datasize:4857,operation:Residual
Time:0.000831936,bytes:30080,bandwidth:3.61566e+07
cr:281.121,iter:21,level:7,rank:0,datasize:3760,operation:Pre-Smoothing
Time:0.00296257,bytes:30080,bandwidth:1.01534e+07
cr:2.04459,iter:21,level:7,rank:0,datasize:3760,operation:Residual
Time:0.000651325,bytes:22464,bandwidth:3.44897e+07
cr:209.944,iter:21,level:8,rank:0,datasize:2808,operation:Pre-Smoothing
SZ is downgraded to lossless mode.
Time:0.00256501,bytes:22464,bandwidth:8.75786e+06
cr:1.65517,iter:21,level:8,rank:0,datasize:2808,operation:Residual
Time:0.000571607,bytes:15480,bandwidth:2.70815e+07
cr:144.673,iter:21,level:9,rank:0,datasize:1935,operation:Pre-Smoothing
SZ is downgraded to lossless mode.
SZ is downgraded to lossless mode.
Time:0.00176187,bytes:15480,bandwidth:8.7861e+06
cr:1.02823,iter:21,level:9,rank:0,datasize:1935,operation:Residual
Time:0.000414275,bytes:10424,bandwidth:2.5162e+07
cr:97.4206,iter:21,level:10,rank:0,datasize:1303,operation:Pre-Smoothing
SZ is downgraded to lossless mode.
SZ is downgraded to lossless mode.
Time:0.00131413,bytes:10424,bandwidth:7.93226e+06
cr:1.02427,iter:21,level:10,rank:0,datasize:1303,operation:Residual
Time:0.000365462,bytes:6616,bandwidth:1.81031e+07
cr:61.8318,iter:21,level:11,rank:0,datasize:827,operation:Pre-Smoothing
SZ is downgraded to lossless mode.
Time:0.00101882,bytes:6616,bandwidth:6.49376e+06SZ is downgraded to lossless mode.

cr:1.01989,iter:21,level:11,rank:0,datasize:827,operation:Residual
Time:0.000307795,bytes:4040,bandwidth:1.31256e+07
cr:39.2233,iter:21,level:12,rank:0,datasize:505,operation:Pre-Smoothing
Time:0.0010476,bytes:4040,bandwidth:3.85643e+06
cr:1.0869,iter:21,level:12,rank:0,datasize:505,operation:Residual
Time:0.000294078,bytes:2320,bandwidth:7.88906e+06
cr:22.5243,iter:21,level:13,rank:0,datasize:290,operation:Pre-Smoothing
Time:0.000752025,bytes:2320,bandwidth:3.085e+06
cr:1.0493,iter:21,level:13,rank:0,datasize:290,operation:Residual
Time:0.000143706,bytes:1160,bandwidth:8.07204e+06
cr:10.5455,iter:21,level:14,rank:0,datasize:145,operation:Pre-Smoothing
Time:0.000272232,bytes:1160,bandwidth:4.26107e+06
cr:0.994854,iter:21,level:14,rank:0,datasize:145,operation:Residual
Time:8.6736e-05,bytes:464,bandwidth:5.34957e+06
cr:4.21818,iter:21,level:15,rank:0,datasize:58,operation:Pre-Smoothing
Time:0.00015847,bytes:464,bandwidth:2.928e+06
cr:0.933602,iter:21,level:15,rank:0,datasize:58,operation:Residual
Time:7.2086e-05,bytes:56,bandwidth:776850
cr:0.495575,iter:21,level:16,rank:0,datasize:7,operation:Interpolation
Time:0.000158758,bytes:464,bandwidth:2.92269e+06
cr:0.928,iter:21,level:16,rank:0,datasize:58,operation:Post-smoothing
Time:9.284e-05,bytes:200,bandwidth:2.15424e+06
cr:0.77821,iter:21,level:16,rank:0,datasize:25,operation:Interpolation
Time:0.00027998,bytes:1160,bandwidth:4.14315e+06
cr:0.97479,iter:21,level:16,rank:0,datasize:145,operation:Post-smoothing
Time:0.000119572,bytes:264,bandwidth:2.20787e+06
cr:0.819876,iter:21,level:16,rank:0,datasize:33,operation:Interpolation
Time:0.000873077,bytes:2320,bandwidth:2.65727e+06
cr:0.992726,iter:21,level:16,rank:0,datasize:290,operation:Post-smoothing
Time:0.000154097,bytes:440,bandwidth:2.85534e+06
cr:0.883534,iter:21,level:16,rank:0,datasize:55,operation:Interpolation
SZ is downgraded to lossless mode.
Time:0.000992277,bytes:4040,bandwidth:4.07144e+06
cr:1.00849,iter:21,level:16,rank:0,datasize:505,operation:Post-smoothing
SZ is downgraded to lossless mode.
Time:0.000364642,bytes:728,bandwidth:1.99648e+06
cr:0.971963,iter:21,level:16,rank:0,datasize:91,operation:Interpolation
SZ is downgraded to lossless mode.
SZ is downgraded to lossless mode.
Time:0.00148056,bytes:6616,bandwidth:4.46858e+06
cr:1.02067,iter:21,level:16,rank:0,datasize:827,operation:Post-smoothing
Time:0.000287975,bytes:1136,bandwidth:3.94479e+06
cr:0.951424,iter:21,level:16,rank:0,datasize:142,operation:Interpolation
SZ is downgraded to lossless mode.
SZ is downgraded to lossless mode.
Time:0.00184823,bytes:10424,bandwidth:5.63999e+06
cr:1.02831,iter:21,level:16,rank:0,datasize:1303,operation:Post-smoothing
Time:0.000944327,bytes:1744,bandwidth:1.84682e+06
cr:0.967814,iter:21,level:16,rank:0,datasize:218,operation:Interpolation
SZ is downgraded to lossless mode.
Time:0.002724,bytes:15480,bandwidth:SZ is downgraded to lossless mode.
5.68281e+06
cr:1.03303,iter:21,level:16,rank:0,datasize:1935,operation:Post-smoothing
Time:0.00123526,bytes:2672,bandwidth:2.16311e+06
cr:1.00112,iter:21,level:16,rank:0,datasize:334,operation:Interpolation
SZ is downgraded to lossless mode.
Time:0.00305672,bytes:22464,bandwidth:7.34906e+06
cr:1.03516,iter:21,level:16,rank:0,datasize:2808,operation:Post-smoothing
SZ is downgraded to lossless mode.
SZ is downgraded to lossless mode.
SZ is downgraded to lossless mode.
Time:0.00164305,bytes:3768,bandwidth:2.29329e+06
cr:1.01236,iter:21,level:16,rank:0,datasize:471,operation:Interpolation
SZ is downgraded to lossless mode.
SZ is downgraded to lossless mode.
Time:0.00389459,bytes:30080,bandwidth:7.72353e+06
cr:1.03753,iter:21,level:16,rank:0,datasize:3760,operation:Post-smoothing
SZ is downgraded to lossless mode.
SZ is downgraded to lossless mode.
Time:0.00185097,bytes:4936,bandwidth:2.66671e+06
cr:1.02068,iter:21,level:16,rank:0,datasize:617,operation:Interpolation
SZ is downgraded to lossless mode.
Time:0.00511733,bytes:38856,bandwidth:7.59302e+06
cr:1.03846,iter:21,level:16,rank:0,datasize:4857,operation:Post-smoothing
SZ is downgraded to lossless mode.
SZ is downgraded to lossless mode.
SZ is downgraded to lossless mode.
Time:0.00206453,bytes:6584,bandwidth:3.1891e+06
cr:1.0265,iter:21,level:16,rank:0,datasize:823,operation:Interpolation
SZ is downgraded to lossless mode.
SZ is downgraded to lossless mode.
Time:0.00560337,bytes:49304,bandwidth:8.79899e+06
cr:1.03942,iter:21,level:16,rank:0,datasize:6163,operation:Post-smoothing
SZ is downgraded to lossless mode.
SZ is downgraded to lossless mode.
Time:0.00242053,bytes:9280,bandwidth:3.83387e+06
cr:1.031,iter:21,level:16,rank:0,datasize:1160,operation:Interpolation
SZ is downgraded to lossless mode.
Time:0.00657492,bytes:61032,bandwidth:9.28254e+06
cr:1.03955,iter:21,level:16,rank:0,datasize:7629,operation:Post-smoothing
SZ is downgraded to lossless mode.
SZ is downgraded to lossless mode.
Time:0.00213638,bytes:12120,bandwidth:5.67315e+06
cr:1.03334,iter:21,level:16,rank:0,datasize:1515,operation:Interpolation
SZ is downgraded to lossless mode.
SZ is downgraded to lossless mode.
SZ is downgraded to lossless mode.
Time:0.00719265,bytes:70008,bandwidth:9.73327e+06
cr:1.03976,iter:21,level:16,rank:0,datasize:8751,operation:Post-smoothing
SZ is downgraded to lossless mode.
Time:0.00259702,bytes:16832,bandwidth:6.48127e+06
cr:1.03677,iter:21,level:16,rank:0,datasize:2104,operation:Interpolation
SZ is downgraded to lossless mode.
SZ is downgraded to lossless mode.
Time:0.00797139,bytes:64032,bandwidth:8.03272e+06
cr:1.8764,iter:21,level:16,rank:0,datasize:8004,operation:Post-smoothing
SZ is downgraded to lossless mode.
SZ is downgraded to lossless mode.
Time:0.00258152,bytes:21296,bandwidth:8.2494e+06
cr:1.03721,iter:21,level:16,rank:0,datasize:2662,operation:Interpolation
Time:0.00745364,bytes:50808,bandwidth:6.81654e+06
cr:1.8114,iter:21,level:16,rank:0,datasize:6351,operation:Post-smoothing
SZ is downgraded to lossless mode.
Time:0.00289256,bytes:19664,bandwidth:6.79812e+06
cr:1.0379,iter:21,level:16,rank:0,datasize:2458,operation:Interpolation
SZ is downgraded to lossless mode.
Time:0.00377078,bytes:40000,bandwidth:1.06079e+07
cr:1.06205,iter:21,level:16,rank:0,datasize:5000,operation:Post-smoothing
Time:0.00337367,bytes:40000,bandwidth:1.18565e+07
cr:1.06171,iter:21,level:16,rank:0,datasize:5000,operation:Residual-Norm
Time:0.00333095,bytes:40000,bandwidth:1.20086e+07
cr:1.06171,iter:22,level:0,rank:0,datasize:5000,operation:Pre-Smoothing
Time:0.00324331,bytes:40000,bandwidth:1.23331e+07
cr:1.06171,iter:22,level:0,rank:0,datasize:5000,operation:Residual
Time:0.00244608,bytes:50808,bandwidth:2.07712e+07
cr:390.831,iter:22,level:1,rank:0,datasize:6351,operation:Pre-Smoothing
Time:0.00324688,bytes:50808,bandwidth:1.56482e+07
cr:13.1969,iter:22,level:1,rank:0,datasize:6351,operation:Residual
Time:0.00288887,bytes:64032,bandwidth:2.21651e+07
cr:492.554,iter:22,level:2,rank:0,datasize:8004,operation:Pre-Smoothing
Time:0.00389028,bytes:64032,bandwidth:1.64595e+07
cr:11.0916,iter:22,level:2,rank:0,datasize:8004,operation:Residual
Time:0.00294755,bytes:70008,bandwidth:2.37513e+07
cr:534.412,iter:22,level:3,rank:0,datasize:8751,operation:Pre-Smoothing
Time:0.0041269,bytes:70008,bandwidth:1.69638e+07
cr:8.0119,iter:22,level:3,rank:0,datasize:8751,operation:Residual
Time:0.0025948,bytes:61032,bandwidth:2.35209e+07
cr:469.477,iter:22,level:4,rank:0,datasize:7629,operation:Pre-Smoothing
Time:0.00400845,bytes:61032,bandwidth:1.52258e+07
cr:5.35838,iter:22,level:4,rank:0,datasize:7629,operation:Residual
Time:0.0020828,bytes:49304,bandwidth:2.3672e+07
cr:379.262,iter:22,level:5,rank:0,datasize:6163,operation:Pre-Smoothing
Time:0.00359684,bytes:49304,bandwidth:1.37076e+07
cr:3.98706,iter:22,level:5,rank:0,datasize:6163,operation:Residual
Time:0.00195231,bytes:38856,bandwidth:1.99026e+07
cr:303.562,iter:22,level:6,rank:0,datasize:4857,operation:Pre-Smoothing
Time:0.00368113,bytes:38856,bandwidth:1.05555e+07
cr:2.82692,iter:22,level:6,rank:0,datasize:4857,operation:Residual
Time:0.000819892,bytes:30080,bandwidth:3.66878e+07
cr:281.121,iter:22,level:7,rank:0,datasize:3760,operation:Pre-Smoothing
Time:0.00284626,bytes:30080,bandwidth:1.05683e+07
cr:2.22848,iter:22,level:7,rank:0,datasize:3760,operation:Residual
Time:0.000652014,bytes:22464,bandwidth:3.44532e+07
cr:209.944,iter:22,level:8,rank:0,datasize:2808,operation:Pre-Smoothing
Time:0.00245559,bytes:22464,bandwidth:9.14811e+06
cr:1.74234,iter:22,level:8,rank:0,datasize:2808,operation:Residual
Time:0.000572352,bytes:15480,bandwidth:2.70463e+07
cr:144.673,iter:22,level:9,rank:0,datasize:1935,operation:Pre-Smoothing
SZ is downgraded to lossless mode.
SZ is downgraded to lossless mode.
Time:0.001612,bytes:15480,bandwidth:9.60297e+06
cr:1.02768,iter:22,level:9,rank:0,datasize:1935,operation:Residual
Time:0.000416518,bytes:10424,bandwidth:2.50265e+07
cr:97.4206,iter:22,level:10,rank:0,datasize:1303,operation:Pre-Smoothing
SZ is downgraded to lossless mode.
Time:0.00125878,bytes:10424,bandwidth:8.28103e+06
cr:1.02498,iter:22,level:10,rank:0,datasize:1303,operation:Residual
SZ is downgraded to lossless mode.
Time:0.000374067,bytes:6616,bandwidth:1.76867e+07
cr:61.8318,iter:22,level:11,rank:0,datasize:827,operation:Pre-Smoothing
SZ is downgraded to lossless mode.
SZ is downgraded to lossless mode.
Time:0.000992314,bytes:6616,bandwidth:6.66724e+06
cr:1.01941,iter:22,level:11,rank:0,datasize:827,operation:Residual
Time:0.000306599,bytes:4040,bandwidth:1.31768e+07
cr:39.2233,iter:22,level:12,rank:0,datasize:505,operation:Pre-Smoothing
Time:0.00101782,bytes:4040,bandwidth:3.96925e+06
cr:1.13931,iter:22,level:12,rank:0,datasize:505,operation:Residual
Time:0.000293828,bytes:2320,bandwidth:7.89578e+06
cr:22.5243,iter:22,level:13,rank:0,datasize:290,operation:Pre-Smoothing
Time:0.000733896,bytes:2320,bandwidth:3.16121e+06
cr:1.07807,iter:22,level:13,rank:0,datasize:290,operation:Residual
Time:0.000104898,bytes:1160,bandwidth:1.10584e+07
cr:10.5455,iter:22,level:14,rank:0,datasize:145,operation:Pre-Smoothing
Time:0.000252774,bytes:1160,bandwidth:4.58908e+06
cr:1.20708,iter:22,level:14,rank:0,datasize:145,operation:Residual
Time:8.5046e-05,bytes:464,bandwidth:5.45587e+06
cr:4.21818,iter:22,level:15,rank:0,datasize:58,operation:Pre-Smoothing
Time:0.000146123,bytes:464,bandwidth:3.17541e+06
cr:0.987234,iter:22,level:15,rank:0,datasize:58,operation:Residual
Time:7.6049e-05,bytes:56,bandwidth:736367
cr:0.495575,iter:22,level:16,rank:0,datasize:7,operation:Interpolation
Time:0.000146797,bytes:464,bandwidth:3.16083e+06
cr:0.958678,iter:22,level:16,rank:0,datasize:58,operation:Post-smoothing
Time:9.0554e-05,bytes:200,bandwidth:2.20863e+06
cr:0.77821,iter:22,level:16,rank:0,datasize:25,operation:Interpolation
Time:0.000252351,bytes:1160,bandwidth:4.59677e+06
cr:1.17053,iter:22,level:16,rank:0,datasize:145,operation:Post-smoothing
Time:0.000107091,bytes:264,bandwidth:2.46519e+06
cr:0.819876,iter:22,level:16,rank:0,datasize:33,operation:Interpolation
Time:0.000806545,bytes:2320,bandwidth:2.87647e+06
cr:1.01844,iter:22,level:16,rank:0,datasize:290,operation:Post-smoothing
Time:0.000145727,bytes:440,bandwidth:3.01934e+06
cr:0.883534,iter:22,level:16,rank:0,datasize:55,operation:Interpolation
SZ is downgraded to lossless mode.
Time:0.000947922,bytes:4040,bandwidth:4.26195e+06
cr:1.00874,iter:22,level:16,rank:0,datasize:505,operation:Post-smoothing
SZ is downgraded to lossless mode.
Time:0.000320228,bytes:728,bandwidth:2.27338e+06
cr:0.974565,iter:22,level:16,rank:0,datasize:91,operation:Interpolation
SZ is downgraded to lossless mode.
SZ is downgraded to lossless mode.
Time:0.0012692,bytes:6616,bandwidth:5.21273e+06
cr:1.02052,iter:22,level:16,rank:0,datasize:827,operation:Post-smoothing
Time:0.000277488,bytes:1136,bandwidth:4.09387e+06
cr:0.951424,iter:22,level:16,rank:0,datasize:142,operation:Interpolation
SZ is downgraded to lossless mode.
SZ is downgraded to lossless mode.
Time:0.0018872,bytes:10424,bandwidth:5.52354e+06
cr:1.02872,iter:22,level:16,rank:0,datasize:1303,operation:Post-smoothing
Time:0.000884149,bytes:1744,bandwidth:1.97252e+06
cr:0.967814,iter:22,level:16,rank:0,datasize:218,operation:Interpolation
SZ is downgraded to lossless mode.
Time:SZ is downgraded to lossless mode.
0.00257471,bytes:15480,bandwidth:6.01232e+06
cr:1.03172,iter:22,level:16,rank:0,datasize:1935,operation:Post-smoothing
Time:0.00119721,bytes:2672,bandwidth:2.23185e+06
cr:0.998505,iter:22,level:16,rank:0,datasize:334,operation:Interpolation
SZ is downgraded to lossless mode.
Time:0.00291116,bytes:22464,bandwidth:7.71651e+06
cr:1.03444,iter:22,level:16,rank:0,datasize:2808,operation:Post-smoothing
SZ is downgraded to lossless mode.
SZ is downgraded to lossless mode.
Time:0.00141294,bytes:3768,bandwidth:2.66677e+06SZ is downgraded to lossless mode.

cr:1.01154,iter:22,level:16,rank:0,datasize:471,operation:Interpolation
SZ is downgraded to lossless mode.
SZ is downgraded to lossless mode.
Time:0.0038908,bytes:30080,bandwidth:7.73106e+06
cr:1.03724,iter:22,level:16,rank:0,datasize:3760,operation:Post-smoothing
SZ is downgraded to lossless mode.
Time:0.00159433,bytes:4936,bandwidth:3.09597e+06
cr:1.01983,iter:22,level:16,rank:0,datasize:617,operation:Interpolation
SZ is downgraded to lossless mode.
SZ is downgraded to lossless mode.
Time:0.00520141,bytes:38856,bandwidth:7.47028e+06
cr:1.03699,iter:22,level:16,rank:0,datasize:4857,operation:Post-smoothing
SZ is downgraded to lossless mode.
SZ is downgraded to lossless mode.
SZ is downgraded to lossless mode.
Time:0.00226272,bytes:6584,bandwidth:2.90977e+06
cr:1.02475,iter:22,level:16,rank:0,datasize:823,operation:Interpolation
SZ is downgraded to lossless mode.
SZ is downgraded to lossless mode.
Time:0.00544366,bytes:49304,bandwidth:9.05714e+06
cr:1.03868,iter:22,level:16,rank:0,datasize:6163,operation:Post-smoothing
SZ is downgraded to lossless mode.
SZ is downgraded to lossless mode.
Time:0.00234714,bytes:9280,bandwidth:3.95374e+06
cr:1.03031,iter:22,level:16,rank:0,datasize:1160,operation:Interpolation
SZ is downgraded to lossless mode.
SZ is downgraded to lossless mode.
Time:0.00639606,bytes:61032,bandwidth:9.54213e+06
cr:1.03851,iter:22,level:16,rank:0,datasize:7629,operation:Post-smoothing
SZ is downgraded to lossless mode.
SZ is downgraded to lossless mode.
Time:0.00219366,bytes:12120,bandwidth:5.52501e+06
cr:1.03237,iter:22,level:16,rank:0,datasize:1515,operation:Interpolation
SZ is downgraded to lossless mode.
Time:0.00665791,bytes:70008,bandwidth:1.0515e+07
cr:1.03885,iter:22,level:16,rank:0,datasize:8751,operation:Post-smoothing
SZ is downgraded to lossless mode.
SZ is downgraded to lossless mode.
Time:0.00251665,bytes:16832,bandwidth:6.68826e+06
cr:1.03537,iter:22,level:16,rank:0,datasize:2104,operation:Interpolation
SZ is downgraded to lossless mode.
Time:0.00964737,bytes:64032,bandwidth:6.63725e+06
cr:1.7665,iter:22,level:16,rank:0,datasize:8004,operation:Post-smoothing
SZ is downgraded to lossless mode.
Time:0.00322295,bytes:21296,bandwidth:6.60762e+06
cr:1.03625,iter:22,level:16,rank:0,datasize:2662,operation:Interpolation
SZ is downgraded to lossless mode.
Time:0.00725398,bytes:50808,bandwidth:7.00415e+06
cr:1.87297,iter:22,level:16,rank:0,datasize:6351,operation:Post-smoothing
SZ is downgraded to lossless mode.
Time:0.00224543,bytes:19664,bandwidth:8.75733e+06
cr:1.03779,iter:22,level:16,rank:0,datasize:2458,operation:Interpolation
SZ is downgraded to lossless mode.
Time:0.00419626,bytes:40000,bandwidth:9.5323e+06
cr:1.06177,iter:22,level:16,rank:0,datasize:5000,operation:Post-smoothing
Time:0.00325737,bytes:40000,bandwidth:1.22798e+07
cr:1.06197,iter:22,level:16,rank:0,datasize:5000,operation:Residual-Norm
Time:0.00317934,bytes:40000,bandwidth:1.25812e+07
cr:1.06197,iter:23,level:0,rank:0,datasize:5000,operation:Pre-Smoothing
Time:0.00339668,bytes:40000,bandwidth:1.17762e+07
cr:1.06163,iter:23,level:0,rank:0,datasize:5000,operation:Residual
Time:0.0025195,bytes:50808,bandwidth:2.01659e+07
cr:390.831,iter:23,level:1,rank:0,datasize:6351,operation:Pre-Smoothing
Time:0.00561614,bytes:50808,bandwidth:9.04679e+06
cr:14.1408,iter:23,level:1,rank:0,datasize:6351,operation:Residual
Time:0.00312244,bytes:64032,bandwidth:2.05071e+07
cr:492.554,iter:23,level:2,rank:0,datasize:8004,operation:Pre-Smoothing
Time:0.00428169,bytes:64032,bandwidth:1.49549e+07
cr:10.4782,iter:23,level:2,rank:0,datasize:8004,operation:Residual
Time:0.00314127,bytes:70008,bandwidth:2.22865e+07
cr:534.412,iter:23,level:3,rank:0,datasize:8751,operation:Pre-Smoothing
Time:0.00426627,bytes:70008,bandwidth:1.64096e+07
cr:7.7709,iter:23,level:3,rank:0,datasize:8751,operation:Residual
Time:0.00286326,bytes:61032,bandwidth:2.13156e+07
cr:469.477,iter:23,level:4,rank:0,datasize:7629,operation:Pre-Smoothing
Time:0.00415194,bytes:61032,bandwidth:1.46996e+07
cr:6.39012,iter:23,level:4,rank:0,datasize:7629,operation:Residual
Time:0.0023689,bytes:49304,bandwidth:2.0813e+07
cr:379.262,iter:23,level:5,rank:0,datasize:6163,operation:Pre-Smoothing
Time:0.00424017,bytes:49304,bandwidth:1.16278e+07
cr:4.35125,iter:23,level:5,rank:0,datasize:6163,operation:Residual
Time:0.00222942,bytes:38856,bandwidth:1.74288e+07
cr:303.562,iter:23,level:6,rank:0,datasize:4857,operation:Pre-Smoothing
Time:0.00387384,bytes:38856,bandwidth:1.00303e+07
cr:3.14471,iter:23,level:6,rank:0,datasize:4857,operation:Residual
Time:0.000806528,bytes:30080,bandwidth:3.72957e+07
cr:281.121,iter:23,level:7,rank:0,datasize:3760,operation:Pre-Smoothing
Time:0.00269588,bytes:30080,bandwidth:1.11578e+07
cr:2.36608,iter:23,level:7,rank:0,datasize:3760,operation:Residual
Time:0.000616916,bytes:22464,bandwidth:3.64134e+07
cr:209.944,iter:23,level:8,rank:0,datasize:2808,operation:Pre-Smoothing
Time:0.00236106,bytes:22464,bandwidth:9.51437e+06
cr:1.86687,iter:23,level:8,rank:0,datasize:2808,operation:Residual
Time:0.00058328,bytes:15480,bandwidth:2.65396e+07
cr:144.673,iter:23,level:9,rank:0,datasize:1935,operation:Pre-Smoothing
SZ is downgraded to lossless mode.
SZ is downgraded to lossless mode.
Time:0.0016425,bytes:15480,bandwidth:9.42463e+06
cr:1.02687,iter:23,level:9,rank:0,datasize:1935,operation:Residual
Time:0.000430374,bytes:10424,bandwidth:2.42208e+07
cr:97.4206,iter:23,level:10,rank:0,datasize:1303,operation:Pre-Smoothing
SZ is downgraded to lossless mode.
SZ is downgraded to lossless mode.
Time:0.00139104,bytes:10424,bandwidth:7.49367e+06
cr:1.02457,iter:23,level:10,rank:0,datasize:1303,operation:Residual
Time:0.000374422,bytes:6616,bandwidth:1.76699e+07
cr:61.8318,iter:23,level:11,rank:0,datasize:827,operation:Pre-Smoothing
SZ is downgraded to lossless mode.
SZ is downgraded to lossless mode.
Time:0.000994924,bytes:6616,bandwidth:6.64975e+06
cr:1.01832,iter:23,level:11,rank:0,datasize:827,operation:Residual
Time:0.000317849,bytes:4040,bandwidth:1.27104e+07
cr:39.2233,iter:23,level:12,rank:0,datasize:505,operation:Pre-Smoothing
Time:0.000996286,bytes:4040,bandwidth:4.05506e+06
cr:1.15892,iter:23,level:12,rank:0,datasize:505,operation:Residual
Time:0.000295648,bytes:2320,bandwidth:7.84717e+06
cr:22.5243,iter:23,level:13,rank:0,datasize:290,operation:Pre-Smoothing
Time:0.000733623,bytes:2320,bandwidth:3.16239e+06
cr:1.06033,iter:23,level:13,rank:0,datasize:290,operation:Residual
Time:0.000105268,bytes:1160,bandwidth:1.10195e+07
cr:10.5455,iter:23,level:14,rank:0,datasize:145,operation:Pre-Smoothing
Time:0.000253297,bytes:1160,bandwidth:4.5796e+06
cr:1.20582,iter:23,level:14,rank:0,datasize:145,operation:Residual
Time:8.7013e-05,bytes:464,bandwidth:5.33254e+06
cr:4.21818,iter:23,level:15,rank:0,datasize:58,operation:Pre-Smoothing
Time:0.000142586,bytes:464,bandwidth:3.25418e+06
cr:1,iter:23,level:15,rank:0,datasize:58,operation:Residual
Time:7.2395e-05,bytes:56,bandwidth:773534
cr:0.495575,iter:23,level:16,rank:0,datasize:7,operation:Interpolation
Time:0.000142373,bytes:464,bandwidth:3.25904e+06
cr:0.978903,iter:23,level:16,rank:0,datasize:58,operation:Post-smoothing
Time:8.9802e-05,bytes:200,bandwidth:2.22712e+06
cr:0.77821,iter:23,level:16,rank:0,datasize:25,operation:Interpolation
Time:0.000267315,bytes:1160,bandwidth:4.33945e+06
cr:0.97479,iter:23,level:16,rank:0,datasize:145,operation:Post-smoothing
Time:0.000108661,bytes:264,bandwidth:2.42957e+06
cr:0.819876,iter:23,level:16,rank:0,datasize:33,operation:Interpolation
Time:0.000787382,bytes:2320,bandwidth:2.94647e+06
cr:1.02882,iter:23,level:16,rank:0,datasize:290,operation:Post-smoothing
Time:0.000147857,bytes:440,bandwidth:2.97585e+06
cr:0.883534,iter:23,level:16,rank:0,datasize:55,operation:Interpolation
SZ is downgraded to lossless mode.
Time:0.000996688,bytes:4040,bandwidth:4.05342e+06
cr:1.00773,iter:23,level:16,rank:0,datasize:505,operation:Post-smoothing
SZ is downgraded to lossless mode.
Time:0.000303708,bytes:728,bandwidth:2.39704e+06
cr:0.995896,iter:23,level:16,rank:0,datasize:91,operation:Interpolation
SZ is downgraded to lossless mode.
SZ is downgraded to lossless mode.
Time:0.00126733,bytes:6616,bandwidth:5.2204e+06
cr:1.02225,iter:23,level:16,rank:0,datasize:827,operation:Post-smoothing
Time:0.000268436,bytes:1136,bandwidth:4.23192e+06
cr:0.951424,iter:23,level:16,rank:0,datasize:142,operation:Interpolation
SZ is downgraded to lossless mode.
SZ is downgraded to lossless mode.
Time:0.0017967,bytes:10424,bandwidth:5.80176e+06
cr:1.0271,iter:23,level:16,rank:0,datasize:1303,operation:Post-smoothing
Time:0.000866383,bytes:1744,bandwidth:2.01297e+06
cr:0.967814,iter:23,level:16,rank:0,datasize:218,operation:Interpolation
SZ is downgraded to lossless mode.
Time:0.00252976,bytes:15480,bandwidth:6.11915e+06
cr:1.03338,iter:23,level:16,rank:0,datasize:1935,operation:Post-smoothing
SZ is downgraded to lossless mode.
Time:0.00113683,bytes:2672,bandwidth:2.35039e+06
cr:0.995529,iter:23,level:16,rank:0,datasize:334,operation:Interpolation
SZ is downgraded to lossless mode.
SZ is downgraded to lossless mode.
Time:0.00304668,bytes:22464,bandwidth:7.37328e+06
cr:1.03402,iter:23,level:16,rank:0,datasize:2808,operation:Post-smoothing
SZ is downgraded to lossless mode.
SZ is downgraded to lossless mode.
Time:0.00130879,bytes:3768,bandwidth:2.87899e+06
cr:1.01127,iter:23,level:16,rank:0,datasize:471,operation:Interpolation
SZ is downgraded to lossless mode.
Time:0.00336984,bytes:30080,bandwidth:8.92623e+06
cr:1.03649,iter:23,level:16,rank:0SZ is downgraded to lossless mode.
,datasize:3760,operation:Post-smoothing
SZ is downgraded to lossless mode.
Time:0.00161211,bytes:4936,bandwidth:3.06183e+06
cr:1.01773,iter:23,level:16,rank:0,datasize:617,operation:Interpolation
SZ is downgraded to lossless mode.
SZ is downgraded to lossless mode.
SZ is downgraded to lossless mode.
Time:0.00658691,bytes:38856,bandwidth:5.89897e+06
cr:1.03699,iter:23,level:16,rank:0,datasize:4857,operation:Post-smoothing
SZ is downgraded to lossless mode.
SZ is downgraded to lossless mode.
Time:0.00191576,bytes:6584,bandwidth:3.43675e+06
cr:1.023,iter:23,level:16,rank:0,datasize:823,operation:Interpolation
SZ is downgraded to lossless mode.
SZ is downgraded to lossless mode.
Time:0.00543809,bytes:49304,bandwidth:9.06641e+06
cr:1.03774,iter:23,level:16,rank:0,datasize:6163,operation:Post-smoothing
SZ is downgraded to lossless mode.
SZ is downgraded to lossless mode.
Time:0.00228916,bytes:9280,bandwidth:4.05389e+06
cr:1.03065,iter:23,level:16,rank:0,datasize:1160,operation:Interpolation
SZ is downgraded to lossless mode.
SZ is downgraded to lossless mode.
Time:0.00674342,bytes:61032,bandwidth:9.05061e+06
cr:1.03766,iter:23,level:16,rank:0,datasize:7629,operation:Post-smoothing
SZ is downgraded to lossless mode.
SZ is downgraded to lossless mode.
Time:0.00212358,bytes:12120,bandwidth:5.70735e+06
cr:1.03219,iter:23,level:16,rank:0,datasize:1515,operation:Interpolation
SZ is downgraded to lossless mode.
SZ is downgraded to lossless mode.
Time:0.00678448,bytes:70008,bandwidth:1.03188e+07
cr:1.03791,iter:23,level:16,rank:0,datasize:8751,operation:Post-smoothing
SZ is downgraded to lossless mode.
SZ is downgraded to lossless mode.
Time:0.0023996,bytes:16832,bandwidth:7.01449e+06
cr:1.03461,iter:23,level:16,rank:0,datasize:2104,operation:Interpolation
Time:0.00817117,bytes:64032,bandwidth:7.83633e+06
cr:1.85262,iter:23,level:16,rank:0,datasize:8004,operation:Post-smoothing
SZ is downgraded to lossless mode.
SZ is downgraded to lossless mode.
Time:0.00277169,bytes:21296,bandwidth:7.68341e+06
cr:1.03509,iter:23,level:16,rank:0,datasize:2662,operation:Interpolation
Time:0.0072924,bytes:50808,bandwidth:6.96726e+06
cr:1.97958,iter:23,level:16,rank:0,datasize:6351,operation:Post-smoothing
SZ is downgraded to lossless mode.
Time:0.00267737,bytes:19664,bandwidth:7.34452e+06
cr:1.68299,iter:23,level:16,rank:0,datasize:2458,operation:Interpolation
Time:0.00428177,bytes:40000,bandwidth:9.34192e+06
cr:1.06174,iter:23,level:16,rank:0,datasize:5000,operation:Post-smoothing
Time:0.00326699,bytes:40000,bandwidth:1.22437e+07
cr:1.06166,iter:23,level:16,rank:0,datasize:5000,operation:Residual-Norm
Time:0.00324209,bytes:40000,bandwidth:1.23377e+07
cr:1.06166,iter:24,level:0,rank:0,datasize:5000,operation:Pre-Smoothing
Time:0.00323396,bytes:40000,bandwidth:1.23687e+07
cr:1.06191,iter:24,level:0,rank:0,datasize:5000,operation:Residual
Time:0.00268533,bytes:50808,bandwidth:1.89206e+07
cr:390.831,iter:24,level:1,rank:0,datasize:6351,operation:Pre-Smoothing
Time:0.00339156,bytes:50808,bandwidth:1.49807e+07
cr:14.9744,iter:24,level:1,rank:0,datasize:6351,operation:Residual
Time:0.00317826,bytes:64032,bandwidth:2.01469e+07
cr:492.554,iter:24,level:2,rank:0,datasize:8004,operation:Pre-Smoothing
Time:0.00404707,bytes:64032,bandwidth:1.58218e+07
cr:11.1807,iter:24,level:2,rank:0,datasize:8004,operation:Residual
Time:0.00315587,bytes:70008,bandwidth:2.21834e+07
cr:534.412,iter:24,level:3,rank:0,datasize:8751,operation:Pre-Smoothing
Time:0.00411019,bytes:70008,bandwidth:1.70328e+07
cr:8.16134,iter:24,level:3,rank:0,datasize:8751,operation:Residual
Time:0.00284244,bytes:61032,bandwidth:2.14717e+07
cr:469.477,iter:24,level:4,rank:0,datasize:7629,operation:Pre-Smoothing
Time:0.00408394,bytes:61032,bandwidth:1.49444e+07
cr:6.22458,iter:24,level:4,rank:0,datasize:7629,operation:Residual
Time:0.00235728,bytes:49304,bandwidth:2.09156e+07
cr:379.262,iter:24,level:5,rank:0,datasize:6163,operation:Pre-Smoothing
Time:0.00371258,bytes:49304,bandwidth:1.32802e+07
cr:4.52538,iter:24,level:5,rank:0,datasize:6163,operation:Residual
Time:0.00222676,bytes:38856,bandwidth:1.74496e+07
cr:303.562,iter:24,level:6,rank:0,datasize:4857,operation:Pre-Smoothing
Time:0.00365157,bytes:38856,bandwidth:1.06409e+07
cr:3.34764,iter:24,level:6,rank:0,datasize:4857,operation:Residual
Time:0.00080945,bytes:30080,bandwidth:3.7161e+07
cr:281.121,iter:24,level:7,rank:0,datasize:3760,operation:Pre-Smoothing
Time:0.00251257,bytes:30080,bandwidth:1.19718e+07
cr:2.51947,iter:24,level:7,rank:0,datasize:3760,operation:Residual
Time:0.000662667,bytes:22464,bandwidth:3.38994e+07
cr:209.944,iter:24,level:8,rank:0,datasize:2808,operation:Pre-Smoothing
Time:0.0022044,bytes:22464,bandwidth:1.01905e+07
cr:2.02671,iter:24,level:8,rank:0,datasize:2808,operation:Residual
Time:0.000587151,bytes:15480,bandwidth:2.63646e+07
cr:144.673,iter:24,level:9,rank:0,datasize:1935,operation:Pre-Smoothing
Time:0.00194613,bytes:15480,bandwidth:7.95426e+06
cr:1.66721,iter:24,level:9,rank:0,datasize:1935,operation:Residual
Time:0.000411074,bytes:10424,bandwidth:2.5358e+07
cr:97.4206,iter:24,level:10,rank:0,datasize:1303,operation:Pre-Smoothing
Time:0.00149021,bytes:10424,bandwidth:6.99501e+06
cr:1.51754,iter:24,level:10,rank:0,datasize:1303,operation:Residual
Time:0.000355824,bytes:6616,bandwidth:1.85935e+07
cr:61.8318,iter:24,level:11,rank:0,datasize:827,operation:Pre-Smoothing
SZ is downgraded to lossless mode.
SZ is downgraded to lossless mode.
Time:0.000975222,bytes:6616,bandwidth:6.7841e+06
cr:1.01879,iter:24,level:11,rank:0,datasize:827,operation:Residual
Time:0.000309734,bytes:4040,bandwidth:1.30435e+07
cr:39.2233,iter:24,level:12,rank:0,datasize:505,operation:Pre-Smoothing
Time:0.000970841,bytes:4040,bandwidth:4.16134e+06
cr:1.19315,iter:24,level:12,rank:0,datasize:505,operation:Residual
Time:0.000301309,bytes:2320,bandwidth:7.69974e+06
cr:22.5243,iter:24,level:13,rank:0,datasize:290,operation:Pre-Smoothing
Time:0.00073216,bytes:2320,bandwidth:3.16871e+06
cr:1.15194,iter:24,level:13,rank:0,datasize:290,operation:Residual
Time:0.000110251,bytes:1160,bandwidth:1.05214e+07
cr:10.5455,iter:24,level:14,rank:0,datasize:145,operation:Pre-Smoothing
Time:0.000241148,bytes:1160,bandwidth:4.81032e+06
cr:1.24064,iter:24,level:14,rank:0,datasize:145,operation:Residual
Time:8.2671e-05,bytes:464,bandwidth:5.61261e+06
cr:4.21818,iter:24,level:15,rank:0,datasize:58,operation:Pre-Smoothing
Time:0.000137488,bytes:464,bandwidth:3.37484e+06
cr:0.976842,iter:24,level:15,rank:0,datasize:58,operation:Residual
Time:6.9338e-05,bytes:56,bandwidth:807638
cr:0.495575,iter:24,level:16,rank:0,datasize:7,operation:Interpolation
Time:0.000141019,bytes:464,bandwidth:3.29034e+06
cr:0.980973,iter:24,level:16,rank:0,datasize:58,operation:Post-smoothing
Time:9.0967e-05,bytes:200,bandwidth:2.1986e+06
cr:0.77821,iter:24,level:16,rank:0,datasize:25,operation:Interpolation
Time:0.000241862,bytes:1160,bandwidth:4.79612e+06
cr:1.1729,iter:24,level:16,rank:0,datasize:145,operation:Post-smoothing
Time:0.00011034,bytes:264,bandwidth:2.3926e+06
cr:0.819876,iter:24,level:16,rank:0,datasize:33,operation:Interpolation
Time:0.000765947,bytes:2320,bandwidth:3.02893e+06
cr:1.03203,iter:24,level:16,rank:0,datasize:290,operation:Post-smoothing
Time:0.000141247,bytes:440,bandwidth:3.11511e+06
cr:0.883534,iter:24,level:16,rank:0,datasize:55,operation:Interpolation
SZ is downgraded to lossless mode.
Time:0.000912538,bytes:4040,bandwidth:4.42721e+06
cr:1.00723,iter:24,level:16,rank:0,datasize:505,operation:Post-smoothing
SZ is downgraded to lossless mode.
Time:0.000303138,bytes:728,bandwidth:2.40155e+06
cr:0.969374,iter:24,level:16,rank:0,datasize:91,operation:Interpolation
SZ is downgraded to lossless mode.
SZ is downgraded to lossless mode.
Time:0.00128664,bytes:6616,bandwidth:5.14207e+06
cr:1.01941,iter:24,level:16,rank:0,datasize:827,operation:Post-smoothing
Time:0.000257861,bytes:1136,bandwidth:4.40547e+06
cr:0.951424,iter:24,level:16,rank:0,datasize:142,operation:Interpolation
SZ is downgraded to lossless mode.
SZ is downgraded to lossless mode.
Time:0.00173397,bytes:10424,bandwidth:6.01163e+06
cr:1.0271,iter:24,level:16,rank:0,datasize:1303,operation:Post-smoothing
Time:0.000803507,bytes:1744,bandwidth:2.17049e+06
cr:0.967814,iter:24,level:16,rank:0,datasize:218,operation:Interpolation
SZ is downgraded to lossless mode.
SZ is downgraded to lossless mode.
Time:0.00246437,bytes:15480,bandwidth:6.28153e+06
cr:1.03131,iter:24,level:16,rank:0,datasize:1935,operation:Post-smoothing
Time:0.00113607,bytes:2672,bandwidth:2.35197e+06
cr:0.99776,iter:24,level:16,rank:0,datasize:334,operation:Interpolation
SZ is downgraded to lossless mode.
Time:0.00262501,bytes:22464,bandwidth:8.55769e+06
cr:1.03311,iter:24,level:16,rank:0,datasize:2808,operation:Post-smoothing
SZ is downgraded to lossless mode.
SZ is downgraded to lossless mode.
Time:0.00127251,bytes:3768,bandwidth:2.96107e+06
cr:1.01236,iter:24,level:16,rank:0,datasize:471,operation:Interpolation
SZ is downgraded to lossless mode.
SZ is downgraded to lossless mode.
SZ is downgraded to lossless mode.
Time:0.00357768,bytes:30080,bandwidth:8.40769e+06
cr:1.03485,iter:24,level:16,rank:0,datasize:3760,operation:Post-smoothing
SZ is downgraded to lossless mode.
Time:0.00133438,bytes:4936,bandwidth:3.69909e+06
cr:1.01878,iter:24,level:16,rank:0,datasize:617,operation:Interpolation
SZ is downgraded to lossless mode.
SZ is downgraded to lossless mode.
SZ is downgraded to lossless mode.
Time:0.00487568,bytes:38856,bandwidth:7.96935e+06
cr:1.03586,iter:24,level:16,rank:0,datasize:4857,operation:Post-smoothing
SZ is downgraded to lossless mode.
SZ is downgraded to lossless mode.
Time:0.00163926,bytes:6584,bandwidth:4.01645e+06
cr:1.02331,iter:24,level:16,rank:0,datasize:823,operation:Interpolation
SZ is downgraded to lossless mode.
SZ is downgraded to lossless mode.
Time:0.0051566,bytes:49304,bandwidth:9.56134e+06
cr:1.03682,iter:24,level:16,rank:0,datasize:6163,operation:Post-smoothing
SZ is downgraded to lossless mode.
SZ is downgraded to lossless mode.
Time:0.00210261,bytes:9280,bandwidth:4.41356e+06
cr:1.02814,iter:24,level:16,rank:0,datasize:1160,operation:Interpolation
SZ is downgraded to lossless mode.
SZ is downgraded to lossless mode.
Time:0.0058959,bytes:61032,bandwidth:1.03516e+07
cr:1.03658,iter:24,level:16,rank:0,datasize:7629,operation:Post-smoothing
SZ is downgraded to lossless mode.
SZ is downgraded to lossless mode.
Time:0.00197869,bytes:12120,bandwidth:6.12527e+06
cr:1.0307,iter:24,level:16,rank:0,datasize:1515,operation:Interpolation
Time:0.00793631,bytes:70008,bandwidth:8.82123e+06
cr:1.92902,iter:24,level:16,rank:0,datasize:8751,operation:Post-smoothing
SZ is downgraded to lossless mode.
Time:0.00231058,bytes:16832,bandwidth:7.28477e+06
cr:1.0341,iter:24,level:16,rank:0,datasize:2104,operation:Interpolation
SZ is downgraded to lossless mode.
Time:0.00716814,bytes:64032,bandwidth:8.93286e+06
cr:2.19573,iter:24,level:16,rank:0,datasize:8004,operation:Post-smoothing
SZ is downgraded to lossless mode.
Time:0.00256176,bytes:21296,bandwidth:8.31304e+06
cr:1.03519,iter:24,level:16,rank:0,datasize:2662,operation:Interpolation
SZ is downgraded to lossless mode.
Time:0.00668864,bytes:50808,bandwidth:7.59617e+06
cr:2.05492,iter:24,level:16,rank:0,datasize:6351,operation:Post-smoothing
Time:0.00291676,bytes:19664,bandwidth:6.74173e+06
cr:1.66025,iter:24,level:16,rank:0,datasize:2458,operation:Interpolation
Time:0.00421012,bytes:40000,bandwidth:9.50092e+06
cr:1.06163,iter:24,level:16,rank:0,datasize:5000,operation:Post-smoothing
Time:0.00342628,bytes:40000,bandwidth:1.16745e+07
cr:1.06202,iter:24,level:16,rank:0,datasize:5000,operation:Residual-Norm
Time:0.00350143,bytes:40000,bandwidth:1.14239e+07
cr:1.06202,iter:25,level:0,rank:0,datasize:5000,operation:Pre-Smoothing
Time:0.00342884,bytes:40000,bandwidth:1.16658e+07
cr:1.06118,iter:25,level:0,rank:0,datasize:5000,operation:Residual
Time:0.00253287,bytes:50808,bandwidth:2.00594e+07
cr:390.831,iter:25,level:1,rank:0,datasize:6351,operation:Pre-Smoothing
Time:0.00330618,bytes:50808,bandwidth:1.53676e+07
cr:14.2559,iter:25,level:1,rank:0,datasize:6351,operation:Residual
Time:0.00303569,bytes:64032,bandwidth:2.1093e+07
cr:492.554,iter:25,level:2,rank:0,datasize:8004,operation:Pre-Smoothing
Time:0.00382743,bytes:64032,bandwidth:1.67297e+07
cr:13.546,iter:25,level:2,rank:0,datasize:8004,operation:Residual
Time:0.00302854,bytes:70008,bandwidth:2.31161e+07
cr:534.412,iter:25,level:3,rank:0,datasize:8751,operation:Pre-Smoothing
Time:0.00374078,bytes:70008,bandwidth:1.87148e+07
cr:9.85057,iter:25,level:3,rank:0,datasize:8751,operation:Residual
Time:0.00270715,bytes:61032,bandwidth:2.25447e+07
cr:469.477,iter:25,level:4,rank:0,datasize:7629,operation:Pre-Smoothing
Time:0.00371631,bytes:61032,bandwidth:1.64228e+07
cr:7.3444,iter:25,level:4,rank:0,datasize:7629,operation:Residual
Time:0.00218298,bytes:49304,bandwidth:2.25856e+07
cr:379.262,iter:25,level:5,rank:0,datasize:6163,operation:Pre-Smoothing
Time:0.00340874,bytes:49304,bandwidth:1.4464e+07
cr:4.80359,iter:25,level:5,rank:0,datasize:6163,operation:Residual
Time:0.00210665,bytes:38856,bandwidth:1.84444e+07
cr:303.562,iter:25,level:6,rank:0,datasize:4857,operation:Pre-Smoothing
Time:0.00330874,bytes:38856,bandwidth:1.17434e+07
cr:3.59478,iter:25,level:6,rank:0,datasize:4857,operation:Residual
Time:0.000817961,bytes:30080,bandwidth:3.67744e+07
cr:281.121,iter:25,level:7,rank:0,datasize:3760,operation:Pre-Smoothing
Time:0.00242509,bytes:30080,bandwidth:1.24037e+07
cr:2.69486,iter:25,level:7,rank:0,datasize:3760,operation:Residual
Time:0.000616069,bytes:22464,bandwidth:3.64634e+07
cr:209.944,iter:25,level:8,rank:0,datasize:2808,operation:Pre-Smoothing
Time:0.00214451,bytes:22464,bandwidth:1.04751e+07
cr:2.12687,iter:25,level:8,rank:0,datasize:2808,operation:Residual
Time:0.000577915,bytes:15480,bandwidth:2.67859e+07
cr:144.673,iter:25,level:9,rank:0,datasize:1935,operation:Pre-Smoothing
Time:0.00192903,bytes:15480,bandwidth:8.02477e+06
cr:1.73718,iter:25,level:9,rank:0,datasize:1935,operation:Residual
Time:0.000408514,bytes:10424,bandwidth:2.55169e+07
cr:97.4206,iter:25,level:10,rank:0,datasize:1303,operation:Pre-Smoothing
SZ is downgraded to lossless mode.
SZ is downgraded to lossless mode.
Time:0.00118429,bytes:10424,bandwidth:8.80188e+06
cr:1.02407,iter:25,level:10,rank:0,datasize:1303,operation:Residual
Time:0.000379687,bytes:6616,bandwidth:1.74249e+07
cr:61.8318,iter:25,level:11,rank:0,datasize:827,operation:Pre-Smoothing
Time:0.00112719,bytes:6616,bandwidth:5.86944e+06
cr:1.34417,iter:25,level:11,rank:0,datasize:827,operation:Residual
Time:0.00031094,bytes:4040,bandwidth:1.29929e+07
cr:39.2233,iter:25,level:12,rank:0,datasize:505,operation:Pre-Smoothing
Time:0.000960282,bytes:4040,bandwidth:4.2071e+06
cr:1.19174,iter:25,level:12,rank:0,datasize:505,operation:Residual
Time:0.000302636,bytes:2320,bandwidth:7.66597e+06
cr:22.5243,iter:25,level:13,rank:0,datasize:290,operation:Pre-Smoothing
Time:0.000722296,bytes:2320,bandwidth:3.21198e+06
cr:1.10057,iter:25,level:13,rank:0,datasize:290,operation:Residual
Time:0.000105084,bytes:1160,bandwidth:1.10388e+07
cr:10.5455,iter:25,level:14,rank:0,datasize:145,operation:Pre-Smoothing
Time:0.00023873,bytes:1160,bandwidth:4.85905e+06
cr:1.25135,iter:25,level:14,rank:0,datasize:145,operation:Residual
Time:8.4859e-05,bytes:464,bandwidth:5.46789e+06
cr:4.21818,iter:25,level:15,rank:0,datasize:58,operation:Pre-Smoothing
Time:0.000138255,bytes:464,bandwidth:3.35612e+06
cr:1.01532,iter:25,level:15,rank:0,datasize:58,operation:Residual
Time:6.7705e-05,bytes:56,bandwidth:827118
cr:0.495575,iter:25,level:16,rank:0,datasize:7,operation:Interpolation
Time:0.000141874,bytes:464,bandwidth:3.27051e+06
cr:0.958678,iter:25,level:16,rank:0,datasize:58,operation:Post-smoothing
Time:8.324e-05,bytes:200,bandwidth:2.40269e+06
cr:0.77821,iter:25,level:16,rank:0,datasize:25,operation:Interpolation
Time:0.000244813,bytes:1160,bandwidth:4.73831e+06
cr:1.15423,iter:25,level:16,rank:0,datasize:145,operation:Post-smoothing
Time:0.000104249,bytes:264,bandwidth:2.5324e+06
cr:0.819876,iter:25,level:16,rank:0,datasize:33,operation:Interpolation
Time:0.000742265,bytes:2320,bandwidth:3.12557e+06
cr:1.04176,iter:25,level:16,rank:0,datasize:290,operation:Post-smoothing
Time:0.000135245,bytes:440,bandwidth:3.25336e+06
cr:0.883534,iter:25,level:16,rank:0,datasize:55,operation:Interpolation
SZ is downgraded to lossless mode.
Time:0.000903003,bytes:4040,bandwidth:4.47396e+06
cr:1.00723,iter:25,level:16,rank:0,datasize:505,operation:Post-smoothing
SZ is downgraded to lossless mode.
Time:0.000285215,bytes:728,bandwidth:2.55246e+06
cr:0.966799,iter:25,level:16,rank:0,datasize:91,operation:Interpolation
SZ is downgraded to lossless mode.
SZ is downgraded to lossless mode.
Time:0.00120278,bytes:6616,bandwidth:5.50059e+06
cr:1.01832,iter:25,level:16,rank:0,datasize:827,operation:Post-smoothing
Time:0.000253472,bytes:1136,bandwidth:4.48176e+06
cr:0.951424,iter:25,level:16,rank:0,datasize:142,operation:Interpolation
SZ is downgraded to lossless mode.
SZ is downgraded to lossless mode.
Time:0.00169733,bytes:10424,bandwidth:6.1414e+06
cr:1.02538,iter:25,level:16,rank:0,datasize:1303,operation:Post-smoothing
Time:0.000771635,bytes:1744,bandwidth:2.26014e+06
cr:0.967814,iter:25,level:16,rank:0,datasize:218,operation:Interpolation
SZ is downgraded to lossless mode.
Time:0.00227872,bytes:15480,bandwidth:6.7933e+06
cr:1.03021,iter:25,level:16,rank:0,datasize:1935,operation:Post-smoothing
SZ is downgraded to lossless mode.
Time:0.00102905,bytes:2672,bandwidth:2.59656e+06
cr:0.997015,iter:25,level:16,rank:0,datasize:334,operation:Interpolation
SZ is downgraded to lossless mode.
Time:0.00262691,bytes:22464,bandwidth:8.55148e+06
cr:1.03307,iter:25,level:16,rank:0,datasize:2808,operation:Post-smoothing
SZ is downgraded to lossless mode.
SZ is downgraded to lossless mode.
SZ is downgraded to lossless mode.
Time:0.00120599,bytes:3768,bandwidth:3.12441e+06
cr:1.00884,iter:25,level:16,rank:0,datasize:471,operation:Interpolation
SZ is downgraded to lossless mode.
SZ is downgraded to lossless mode.
Time:0.00342145,bytes:30080,bandwidth:8.79159e+06
cr:1.03439,iter:25,level:16,rank:0,datasize:3760,operation:Post-smoothing
SZ is downgraded to lossless mode.
Time:0.00136447,bytes:4936,bandwidth:3.61752e+06
cr:1.01647,iter:25,level:16,rank:0,datasize:617,operation:Interpolation
SZ is downgraded to lossless mode.
SZ is downgraded to lossless mode.
Time:0.00474162SZ is downgraded to lossless mode.
,bytes:38856,bandwidth:8.19467e+06
cr:1.03575,iter:25,level:16,rank:0,datasize:4857,operation:Post-smoothing
SZ is downgraded to lossless mode.
Time:SZ is downgraded to lossless mode.
0.00179217,bytes:6584,bandwidth:3.67376e+06
cr:1.02252,iter:25,level:16,rank:0,datasize:823,operation:Interpolation
SZ is downgraded to lossless mode.
SZ is downgraded to lossless mode.
Time:0.00481836,bytes:49304,bandwidth:1.02325e+07
cr:1.03647,iter:25,level:16,rank:0,datasize:6163,operation:Post-smoothing
SZ is downgraded to lossless mode.
Time:0.00201735,bytes:9280,bandwidth:4.6001e+06
cr:1.02723,iter:25,level:16,rank:0,datasize:1160,operation:Interpolation
SZ is downgraded to lossless mode.
SZ is downgraded to lossless mode.
SZ is downgraded to lossless mode.
Time:0.00562251,bytes:61032,bandwidth:1.08549e+07
cr:1.03641,iter:25,level:16,rank:0,datasize:7629,operation:Post-smoothing
SZ is downgraded to lossless mode.
SZ is downgraded to lossless mode.
Time:0.00186319,bytes:12120,bandwidth:6.50496e+06
cr:1.02947,iter:25,level:16,rank:0,datasize:1515,operation:Interpolation
Time:0.00805227,bytes:70008,bandwidth:8.69419e+06
cr:1.78233,iter:25,level:16,rank:0,datasize:8751,operation:Post-smoothing
SZ is downgraded to lossless mode.
SZ is downgraded to lossless mode.
Time:0.00229188,bytes:16832,bandwidth:7.3442e+06
cr:1.03232,iter:25,level:16,rank:0,datasize:2104,operation:Interpolation
Time:0.00732272,bytes:64032,bandwidth:8.74429e+06
cr:2.00551,iter:25,level:16,rank:0,datasize:8004,operation:Post-smoothing
SZ is downgraded to lossless mode.
Time:0.00257314,bytes:21296,bandwidth:8.27628e+06
cr:1.03404,iter:25,level:16,rank:0,datasize:2662,operation:Interpolation
SZ is downgraded to lossless mode.
Time:0.00617225,bytes:50808,bandwidth:8.23168e+06
cr:2.16545,iter:25,level:16,rank:0,datasize:6351,operation:Post-smoothing
Time:0.00323686,bytes:19664,bandwidth:6.07503e+06
cr:1.71558,iter:25,level:16,rank:0,datasize:2458,operation:Interpolation
Time:0.00423996,bytes:40000,bandwidth:9.43405e+06
cr:1.06199,iter:25,level:16,rank:0,datasize:5000,operation:Post-smoothing
Time:0.00753713,bytes:40000,bandwidth:5.30706e+06
cr:1.06245,iter:25,level:16,rank:0,datasize:5000,operation:Residual-Norm
Time:0.00324207,bytes:40000,bandwidth:1.23378e+07
cr:1.06245,iter:26,level:0,rank:0,datasize:5000,operation:Pre-Smoothing
Time:0.00327858,bytes:40000,bandwidth:1.22004e+07
cr:1.06194,iter:26,level:0,rank:0,datasize:5000,operation:Residual
Time:0.00246815,bytes:50808,bandwidth:2.05855e+07
cr:390.831,iter:26,level:1,rank:0,datasize:6351,operation:Pre-Smoothing
Time:0.00317926,bytes:50808,bandwidth:1.59811e+07
cr:15.2439,iter:26,level:1,rank:0,datasize:6351,operation:Residual
Time:0.00289626,bytes:64032,bandwidth:2.21085e+07
cr:492.554,iter:26,level:2,rank:0,datasize:8004,operation:Pre-Smoothing
Time:0.00306192,bytes:64032,bandwidth:2.09124e+07
cr:14.2897,iter:26,level:2,rank:0,datasize:8004,operation:Residual
Time:0.00293339,bytes:70008,bandwidth:2.38659e+07
cr:534.412,iter:26,level:3,rank:0,datasize:8751,operation:Pre-Smoothing
Time:0.00393673,bytes:70008,bandwidth:1.77833e+07
cr:10.3839,iter:26,level:3,rank:0,datasize:8751,operation:Residual
Time:0.00260301,bytes:61032,bandwidth:2.34467e+07
cr:469.477,iter:26,level:4,rank:0,datasize:7629,operation:Pre-Smoothing
Time:0.00394099,bytes:61032,bandwidth:1.54865e+07
cr:6.83143,iter:26,level:4,rank:0,datasize:7629,operation:Residual
Time:0.00206173,bytes:49304,bandwidth:2.39139e+07
cr:379.262,iter:26,level:5,rank:0,datasize:6163,operation:Pre-Smoothing
Time:0.0032013,bytes:49304,bandwidth:1.54013e+07
cr:5.83272,iter:26,level:5,rank:0,datasize:6163,operation:Residual
Time:0.00189373,bytes:38856,bandwidth:2.05182e+07
cr:303.562,iter:26,level:6,rank:0,datasize:4857,operation:Pre-Smoothing
Time:0.00283146,bytes:38856,bandwidth:1.37229e+07
cr:3.73579,iter:26,level:6,rank:0,datasize:4857,operation:Residual
Time:0.000798817,bytes:30080,bandwidth:3.76557e+07
cr:281.121,iter:26,level:7,rank:0,datasize:3760,operation:Pre-Smoothing
Time:0.0024313,bytes:30080,bandwidth:1.2372e+07
cr:2.88316,iter:26,level:7,rank:0,datasize:3760,operation:Residual
Time:0.000639409,bytes:22464,bandwidth:3.51324e+07
cr:209.944,iter:26,level:8,rank:0,datasize:2808,operation:Pre-Smoothing
Time:0.0020835,bytes:22464,bandwidth:1.07818e+07
cr:2.25723,iter:26,level:8,rank:0,datasize:2808,operation:Residual
Time:0.000581673,bytes:15480,bandwidth:2.66129e+07
cr:144.673,iter:26,level:9,rank:0,datasize:1935,operation:Pre-Smoothing
Time:0.00184907,bytes:15480,bandwidth:8.37179e+06
cr:1.8608,iter:26,level:9,rank:0,datasize:1935,operation:Residual
Time:0.000432969,bytes:10424,bandwidth:2.40756e+07
cr:97.4206,iter:26,level:10,rank:0,datasize:1303,operation:Pre-Smoothing
Time:0.0014347,bytes:10424,bandwidth:7.26562e+06
cr:1.53384,iter:26,level:10,rank:0,datasize:1303,operation:Residual
Time:0.000362536,bytes:6616,bandwidth:1.82492e+07
cr:61.8318,iter:26,level:11,rank:0,datasize:827,operation:Pre-Smoothing
Time:0.00114955,bytes:6616,bandwidth:5.75532e+06
cr:1.35186,iter:26,level:11,rank:0,datasize:827,operation:Residual
Time:0.000312336,bytes:4040,bandwidth:1.29348e+07
cr:39.2233,iter:26,level:12,rank:0,datasize:505,operation:Pre-Smoothing
Time:0.000964954,bytes:4040,bandwidth:4.18673e+06
cr:1.2235,iter:26,level:12,rank:0,datasize:505,operation:Residual
Time:0.000304645,bytes:2320,bandwidth:7.61542e+06
cr:22.5243,iter:26,level:13,rank:0,datasize:290,operation:Pre-Smoothing
Time:0.000717415,bytes:2320,bandwidth:3.23383e+06
cr:1.18247,iter:26,level:13,rank:0,datasize:290,operation:Residual
Time:0.000111673,bytes:1160,bandwidth:1.03875e+07
cr:10.5455,iter:26,level:14,rank:0,datasize:145,operation:Pre-Smoothing
Time:0.000233293,bytes:1160,bandwidth:4.97229e+06
cr:1.27333,iter:26,level:14,rank:0,datasize:145,operation:Residual
Time:8.2694e-05,bytes:464,bandwidth:5.61105e+06
cr:4.21818,iter:26,level:15,rank:0,datasize:58,operation:Pre-Smoothing
Time:0.000143458,bytes:464,bandwidth:3.2344e+06
cr:1.03111,iter:26,level:15,rank:0,datasize:58,operation:Residual
Time:7.1708e-05,bytes:56,bandwidth:780945
cr:0.495575,iter:26,level:16,rank:0,datasize:7,operation:Interpolation
Time:0.000147375,bytes:464,bandwidth:3.14843e+06
cr:1.07907,iter:26,level:16,rank:0,datasize:58,operation:Post-smoothing
Time:9.6327e-05,bytes:200,bandwidth:2.07626e+06
cr:0.77821,iter:26,level:16,rank:0,datasize:25,operation:Interpolation
Time:0.000252311,bytes:1160,bandwidth:4.5975e+06
cr:1.18974,iter:26,level:16,rank:0,datasize:145,operation:Post-smoothing
Time:0.000109453,bytes:264,bandwidth:2.41199e+06
cr:0.819876,iter:26,level:16,rank:0,datasize:33,operation:Interpolation
Time:0.000737992,bytes:2320,bandwidth:3.14367e+06
cr:1.05359,iter:26,level:16,rank:0,datasize:290,operation:Post-smoothing
Time:0.000136957,bytes:440,bandwidth:3.21269e+06
cr:0.883534,iter:26,level:16,rank:0,datasize:55,operation:Interpolation
SZ is downgraded to lossless mode.
Time:0.00107663,bytes:4040,bandwidth:3.75243e+06
cr:1.07848,iter:26,level:16,rank:0,datasize:505,operation:Post-smoothing
Time:0.00028267,bytes:728,bandwidth:2.57544e+06
cr:0.970667,iter:26,level:16,rank:0,datasize:91,operation:Interpolation
SZ is downgraded to lossless mode.
SZ is downgraded to lossless mode.
Time:0.00115845,bytes:6616,bandwidth:5.7111e+06
cr:1.01753,iter:26,level:16,rank:0,datasize:827,operation:Post-smoothing
Time:0.000246536,bytes:1136,bandwidth:4.60785e+06
cr:0.951424,iter:26,level:16,rank:0,datasize:142,operation:Interpolation
SZ is downgraded to lossless mode.
SZ is downgraded to lossless mode.
Time:0.0016121,bytes:10424,bandwidth:6.4661e+06
cr:1.02588,iter:26,level:16,rank:0,datasize:1303,operation:Post-smoothing
Time:0.000769519,bytes:1744,bandwidth:2.26635e+06
cr:0.967814,iter:26,level:16,rank:0,datasize:218,operation:Interpolation
SZ is downgraded to lossless mode.
SZ is downgraded to lossless mode.
Time:0.00242591,bytes:15480,bandwidth:6.38112e+06
cr:1.02932,iter:26,level:16,rank:0,datasize:1935,operation:Post-smoothing
Time:0.00100197,bytes:2672,bandwidth:2.66675e+06
cr:0.996643,iter:26,level:16,rank:0,datasize:334,operation:Interpolation
SZ is downgraded to lossless mode.
SZ is downgraded to lossless mode.
Time:0.00295992,bytes:22464,bandwidth:7.5894e+06
cr:1.03283,iter:26,level:16,rank:0,datasize:2808,operation:Post-smoothing
SZ is downgraded to lossless mode.
SZ is downgraded to lossless mode.
Time:0.00116154,bytes:3768,bandwidth:3.24396e+06
cr:1.00857,iter:26,level:16,rank:0,datasize:471,operation:Interpolation
SZ is downgraded to lossless mode.
SZ is downgraded to lossless mode.
Time:0.00331558,bytes:30080,bandwidth:9.07233e+06
cr:1.0335,iter:26,level:16,rank:0,datasize:3760,operation:Post-smoothing
SZ is downgraded to lossless mode.
Time:0.00122723,bytes:4936,bandwidth:4.02206e+06
cr:1.01689,iter:26,level:16,rank:0,datasize:617,operation:Interpolation
SZ is downgraded to lossless mode.
SZ is downgraded to lossless mode.
SZ is downgraded to lossless mode.
Time:0.00478471,bytes:38856,bandwidth:8.12086e+06
cr:1.03478,iter:26,level:16,rank:0,datasize:4857,operation:Post-smoothing
SZ is downgraded to lossless mode.
SZ is downgraded to lossless mode.
Time:0.00165704,bytes:6584,bandwidth:3.97335e+06
cr:1.02236,iter:26,level:16,rank:0,datasize:823,operation:Interpolation
SZ is downgraded to lossless mode.
Time:0.00465983,bytes:49304,bandwidth:1.05806e+07
cr:1.03552,iter:26,level:16,rank:0,datasize:6163,operation:Post-smoothing
SZ is downgraded to lossless mode.
SZ is downgraded to lossless mode.
SZ is downgraded to lossless mode.
Time:0.00195212,bytes:9280,bandwidth:4.75381e+06
cr:1.02632,iter:26,level:16,rank:0,datasize:1160,operation:Interpolation
SZ is downgraded to lossless mode.
SZ is downgraded to lossless mode.
Time:0.00551305,bytes:61032,bandwidth:1.10705e+07
cr:1.03606,iter:26,level:16,rank:0,datasize:7629,operation:Post-smoothing
SZ is downgraded to lossless mode.
SZ is downgraded to lossless mode.
Time:0.00177916,bytes:12120,bandwidth:6.8122e+06
cr:1.02991,iter:26,level:16,rank:0,datasize:1515,operation:Interpolation
Time:0.00780454,bytes:70008,bandwidth:8.97016e+06
cr:1.87122,iter:26,level:16,rank:0,datasize:8751,operation:Post-smoothing
SZ is downgraded to lossless mode.
SZ is downgraded to lossless mode.
Time:0.00220374,bytes:16832,bandwidth:7.63792e+06
cr:1.03182,iter:26,level:16,rank:0,datasize:2104,operation:Interpolation
Time:0.00680994,bytes:64032,bandwidth:9.40273e+06
cr:2.12681,iter:26,level:16,rank:0,datasize:8004,operation:Post-smoothing
SZ is downgraded to lossless mode.
SZ is downgraded to lossless mode.
Time:0.00239002,bytes:21296,bandwidth:8.91039e+06
cr:1.03258,iter:26,level:16,rank:0,datasize:2662,operation:Interpolation
Time:0.00598081,bytes:50808,bandwidth:8.49517e+06
cr:2.24219,iter:26,level:16,rank:0,datasize:6351,operation:Post-smoothing
Time:0.00270238,bytes:19664,bandwidth:7.27655e+06
cr:1.77858,iter:26,level:16,rank:0,datasize:2458,operation:Interpolation
Time:0.00487908,bytes:40000,bandwidth:8.19827e+06
cr:1.06236,iter:26,level:16,rank:0,datasize:5000,operation:Post-smoothing
Time:0.00327083,bytes:40000,bandwidth:1.22293e+07
cr:1.06208,iter:26,level:16,rank:0,datasize:5000,operation:Residual-Norm
Time:0.00317407,bytes:40000,bandwidth:1.26021e+07
cr:1.06208,iter:27,level:0,rank:0,datasize:5000,operation:Pre-Smoothing
Time:0.00353501,bytes:40000,bandwidth:1.13154e+07
cr:1.06177,iter:27,level:0,rank:0,datasize:5000,operation:Residual
Time:0.00253613,bytes:50808,bandwidth:2.00336e+07
cr:390.831,iter:27,level:1,rank:0,datasize:6351,operation:Pre-Smoothing
Time:0.00331894,bytes:50808,bandwidth:1.53085e+07
cr:16.4374,iter:27,level:1,rank:0,datasize:6351,operation:Residual
Time:0.00292816,bytes:64032,bandwidth:2.18677e+07
cr:492.554,iter:27,level:2,rank:0,datasize:8004,operation:Pre-Smoothing
Time:0.00301906,bytes:64032,bandwidth:2.12092e+07
cr:15.1843,iter:27,level:2,rank:0,datasize:8004,operation:Residual
Time:0.00308744,bytes:70008,bandwidth:2.26751e+07
cr:534.412,iter:27,level:3,rank:0,datasize:8751,operation:Pre-Smoothing
Time:0.00418078,bytes:70008,bandwidth:1.67452e+07
cr:9.88674,iter:27,level:3,rank:0,datasize:8751,operation:Residual
Time:0.00297184,bytes:61032,bandwidth:2.05368e+07
cr:469.477,iter:27,level:4,rank:0,datasize:7629,operation:Pre-Smoothing
Time:0.00421631,bytes:61032,bandwidth:1.44752e+07
cr:8.18672,iter:27,level:4,rank:0,datasize:7629,operation:Residual
Time:0.00269572,bytes:49304,bandwidth:1.82898e+07
cr:379.262,iter:27,level:5,rank:0,datasize:6163,operation:Pre-Smoothing
Time:0.00394513,bytes:49304,bandwidth:1.24974e+07
cr:5.55601,iter:27,level:5,rank:0,datasize:6163,operation:Residual
Time:0.00252663,bytes:38856,bandwidth:1.53786e+07
cr:303.562,iter:27,level:6,rank:0,datasize:4857,operation:Pre-Smoothing
Time:0.00370313,bytes:38856,bandwidth:1.04927e+07
cr:4.60216,iter:27,level:6,rank:0,datasize:4857,operation:Residual
Time:0.000927891,bytes:30080,bandwidth:3.24176e+07
cr:281.121,iter:27,level:7,rank:0,datasize:3760,operation:Pre-Smoothing
Time:0.00252267,bytes:30080,bandwidth:1.19239e+07
cr:2.99721,iter:27,level:7,rank:0,datasize:3760,operation:Residual
Time:0.000697735,bytes:22464,bandwidth:3.21956e+07
cr:209.944,iter:27,level:8,rank:0,datasize:2808,operation:Pre-Smoothing
Time:0.0021816,bytes:22464,bandwidth:1.0297e+07
cr:2.41782,iter:27,level:8,rank:0,datasize:2808,operation:Residual
Time:0.00060501,bytes:15480,bandwidth:2.55864e+07
cr:144.673,iter:27,level:9,rank:0,datasize:1935,operation:Pre-Smoothing
Time:0.00190145,bytes:15480,bandwidth:8.14116e+06
cr:1.89566,iter:27,level:9,rank:0,datasize:1935,operation:Residual
Time:0.000450454,bytes:10424,bandwidth:2.31411e+07
cr:97.4206,iter:27,level:10,rank:0,datasize:1303,operation:Pre-Smoothing
Time:0.00149342,bytes:10424,bandwidth:6.97993e+06
cr:1.5535,iter:27,level:10,rank:0,datasize:1303,operation:Residual
Time:0.000378928,bytes:6616,bandwidth:1.74598e+07
cr:61.8318,iter:27,level:11,rank:0,datasize:827,operation:Pre-Smoothing
Time:0.00112478,bytes:6616,bandwidth:5.88205e+06
cr:1.35629,iter:27,level:11,rank:0,datasize:827,operation:Residual
Time:0.000330801,bytes:4040,bandwidth:1.22128e+07
cr:39.2233,iter:27,level:12,rank:0,datasize:505,operation:Pre-Smoothing
Time:0.00096529,bytes:4040,bandwidth:4.18527e+06
cr:1.24961,iter:27,level:12,rank:0,datasize:505,operation:Residual
Time:0.00030952,bytes:2320,bandwidth:7.49548e+06
cr:22.5243,iter:27,level:13,rank:0,datasize:290,operation:Pre-Smoothing
Time:0.000709889,bytes:2320,bandwidth:3.26812e+06
cr:1.13171,iter:27,level:13,rank:0,datasize:290,operation:Residual
Time:0.000110295,bytes:1160,bandwidth:1.05172e+07
cr:10.5455,iter:27,level:14,rank:0,datasize:145,operation:Pre-Smoothing
Time:0.000240281,bytes:1160,bandwidth:4.82768e+06
cr:1.28177,iter:27,level:14,rank:0,datasize:145,operation:Residual
Time:8.3461e-05,bytes:464,bandwidth:5.55948e+06
cr:4.21818,iter:27,level:15,rank:0,datasize:58,operation:Pre-Smoothing
Time:0.000145536,bytes:464,bandwidth:3.18821e+06
cr:0.989339,iter:27,level:15,rank:0,datasize:58,operation:Residual
Time:7.171e-05,bytes:56,bandwidth:780923
cr:0.495575,iter:27,level:16,rank:0,datasize:7,operation:Interpolation
Time:0.000141736,bytes:464,bandwidth:3.27369e+06
cr:1.05936,iter:27,level:16,rank:0,datasize:58,operation:Post-smoothing
Time:9.489e-05,bytes:200,bandwidth:2.1077e+06
cr:0.77821,iter:27,level:16,rank:0,datasize:25,operation:Interpolation
Time:0.000231275,bytes:1160,bandwidth:5.01567e+06
cr:1.28319,iter:27,level:16,rank:0,datasize:145,operation:Post-smoothing
Time:0.000100124,bytes:264,bandwidth:2.63673e+06
cr:0.819876,iter:27,level:16,rank:0,datasize:33,operation:Interpolation
Time:0.00072028,bytes:2320,bandwidth:3.22097e+06
cr:1.12676,iter:27,level:16,rank:0,datasize:290,operation:Post-smoothing
Time:0.000141408,bytes:440,bandwidth:3.11156e+06
cr:0.883534,iter:27,level:16,rank:0,datasize:55,operation:Interpolation
SZ is downgraded to lossless mode.
Time:0.000943755SZ is downgraded to lossless mode.
,bytes:4040,bandwidth:4.28077e+06
cr:1.00824,iter:27,level:16,rank:0,datasize:505,operation:Post-smoothing
Time:0.000280906,bytes:728,bandwidth:2.59161e+06
cr:0.987788,iter:27,level:16,rank:0,datasize:91,operation:Interpolation
SZ is downgraded to lossless mode.
SZ is downgraded to lossless mode.
Time:0.00115834,bytes:6616,bandwidth:5.7116e+06
cr:1.01957,iter:27,level:16,rank:0,datasize:827,operation:Post-smoothing
Time:0.000330056,bytes:1136,bandwidth:3.44184e+06
cr:0.951424,iter:27,level:16,rank:0,datasize:142,operation:Interpolation
SZ is downgraded to lossless mode.
SZ is downgraded to lossless mode.
Time:0.00166662,bytes:10424,bandwidth:6.25458e+06
cr:1.02508,iter:27,level:16,rank:0,datasize:1303,operation:Post-smoothing
Time:0.000868117,bytes:1744,bandwidth:2.00895e+06
cr:0.967814,iter:27,level:16,rank:0,datasize:218,operation:Interpolation
SZ is downgraded to lossless mode.
SZ is downgraded to lossless mode.
Time:0.00230174,bytes:15480,bandwidth:6.72534e+06
cr:1.02905,iter:27,level:16,rank:0,datasize:1935,operation:Post-smoothing
Time:0.0010085,bytes:2672,bandwidth:2.64947e+06
cr:0.978396,iter:27,level:16,rank:0,datasize:334,operation:Interpolation
SZ is downgraded to lossless mode.
SZ is downgraded to lossless mode.
Time:0.0025427,bytes:22464,bandwidth:8.83471e+06
cr:1.03178,iter:27,level:16,rank:0,datasize:2808,operation:Post-smoothing
SZ is downgraded to lossless mode.
SZ is downgraded to lossless mode.
Time:0.00112282,bytes:3768,bandwidth:3.35583e+06
cr:1.00668,iter:27,level:16,rank:0,datasize:471,operation:Interpolation
SZ is downgraded to lossless mode.
SZ is downgraded to lossless mode.
Time:0.003292,bytes:30080,bandwidth:9.13731e+06
cr:1.03283,iter:27,level:16,rank:0,datasize:3760,operation:Post-smoothing
SZ is downgraded to lossless mode.
SZ is downgraded to lossless mode.
Time:0.00140066,bytes:4936,bandwidth:3.52405e+06
cr:1.01543,iter:27,level:16,rank:0,datasize:617,operation:Interpolation
SZ is downgraded to lossless mode.
SZ is downgraded to lossless mode.
Time:0.00468166,bytes:38856,bandwidth:8.29961e+06
cr:1.03426,iter:27,level:16,rank:0,datasize:4857,operation:Post-smoothing
SZ is downgraded to lossless mode.
SZ is downgraded to lossless mode.
Time:0.00176975,bytes:6584,bandwidth:3.7203e+06
cr:1.02188,iter:27,level:16,rank:0,datasize:823,operation:Interpolation
SZ is downgraded to lossless mode.
SZ is downgraded to lossless mode.
Time:0.0049309,bytes:49304,bandwidth:9.99899e+06
cr:1.03393,iter:27,level:16,rank:0,datasize:6163,operation:Post-smoothing
SZ is downgraded to lossless mode.
SZ is downgraded to lossless mode.
Time:0.00232279,bytes:9280,bandwidth:3.9952e+06
cr:1.02632,iter:27,level:16,rank:0,datasize:1160,operation:Interpolation
SZ is downgraded to lossless mode.
Time:0.00599511,bytes:61032,bandwidth:1.01803e+07
cr:1.0349,iter:27,level:16,rank:0,datasize:7629,operation:Post-smoothing
SZ is downgraded to lossless mode.
SZ is downgraded to lossless mode.
Time:0.00223909,bytes:12120,bandwidth:5.41292e+06
cr:1.02904,iter:27,level:16,rank:0,datasize:1515,operation:Interpolation
Time:0.00874888,bytes:70008,bandwidth:8.00194e+06
cr:1.84986,iter:27,level:16,rank:0,datasize:8751,operation:Post-smoothing
SZ is downgraded to lossless mode.
SZ is downgraded to lossless mode.
Time:0.00252703,bytes:16832,bandwidth:6.66077e+06
cr:1.03232,iter:27,level:16,rank:0,datasize:2104,operation:Interpolation
Time:0.00750409,bytes:64032,bandwidth:8.53294e+06
cr:2.1848,iter:27,level:16,rank:0,datasize:8004,operation:Post-smoothing
SZ is downgraded to lossless mode.
SZ is downgraded to lossless mode.
Time:0.00245078,bytes:21296,bandwidth:8.68947e+06
cr:1.03213,iter:27,level:16,rank:0,datasize:2662,operation:Interpolation
Time:0.00633603,bytes:50808,bandwidth:8.0189e+06
cr:2.34744,iter:27,level:16,rank:0,datasize:6351,operation:Post-smoothing
Time:0.00269432,bytes:19664,bandwidth:7.29833e+06
cr:1.87992,iter:27,level:16,rank:0,datasize:2458,operation:Interpolation
Time:0.00333289,bytes:40000,bandwidth:1.20016e+07
cr:1.06191,iter:27,level:16,rank:0,datasize:5000,operation:Post-smoothing
Time:0.00331479,bytes:40000,bandwidth:1.20671e+07
cr:1.06199,iter:27,level:16,rank:0,datasize:5000,operation:Residual-Norm
Time:0.00329072,bytes:40000,bandwidth:1.21554e+07
cr:1.06199,iter:28,level:0,rank:0,datasize:5000,operation:Pre-Smoothing
Time:0.00337739,bytes:40000,bandwidth:1.18435e+07
cr:1.06154,iter:28,level:0,rank:0,datasize:5000,operation:Residual
Time:0.00249075,bytes:50808,bandwidth:2.03987e+07
cr:390.831,iter:28,level:1,rank:0,datasize:6351,operation:Pre-Smoothing
Time:0.00310422,bytes:50808,bandwidth:1.63674e+07
cr:17.4898,iter:28,level:1,rank:0,datasize:6351,operation:Residual
Time:0.00291074,bytes:64032,bandwidth:2.19985e+07
cr:492.554,iter:28,level:2,rank:0,datasize:8004,operation:Pre-Smoothing
Time:0.00359896,bytes:64032,bandwidth:1.77918e+07
cr:16.7098,iter:28,level:2,rank:0,datasize:8004,operation:Residual
Time:0.00292739,bytes:70008,bandwidth:2.39148e+07
cr:534.412,iter:28,level:3,rank:0,datasize:8751,operation:Pre-Smoothing
Time:0.00374021,bytes:70008,bandwidth:1.87177e+07
cr:11.4373,iter:28,level:3,rank:0,datasize:8751,operation:Residual
Time:0.00266378,bytes:61032,bandwidth:2.29118e+07
cr:469.477,iter:28,level:4,rank:0,datasize:7629,operation:Pre-Smoothing
Time:0.00371468,bytes:61032,bandwidth:1.643e+07
cr:8.52521,iter:28,level:4,rank:0,datasize:7629,operation:Residual
Time:0.0021091,bytes:49304,bandwidth:2.33768e+07
cr:379.262,iter:28,level:5,rank:0,datasize:6163,operation:Pre-Smoothing
Time:0.0032499,bytes:49304,bandwidth:1.51709e+07
cr:5.77804,iter:28,level:5,rank:0,datasize:6163,operation:Residual
Time:0.002034,bytes:38856,bandwidth:1.91032e+07
cr:303.562,iter:28,level:6,rank:0,datasize:4857,operation:Pre-Smoothing
Time:0.00335458,bytes:38856,bandwidth:1.1583e+07
cr:3.62666,iter:28,level:6,rank:0,datasize:4857,operation:Residual
Time:0.000831282,bytes:30080,bandwidth:3.61851e+07
cr:281.121,iter:28,level:7,rank:0,datasize:3760,operation:Pre-Smoothing
Time:0.00212855,bytes:30080,bandwidth:1.41317e+07
cr:3.31789,iter:28,level:7,rank:0,datasize:3760,operation:Residual
Time:0.000644806,bytes:22464,bandwidth:3.48384e+07
cr:209.944,iter:28,level:8,rank:0,datasize:2808,operation:Pre-Smoothing
Time:0.00204285,bytes:22464,bandwidth:1.09964e+07
cr:2.54348,iter:28,level:8,rank:0,datasize:2808,operation:Residual
Time:0.00058786,bytes:15480,bandwidth:2.63328e+07
cr:144.673,iter:28,level:9,rank:0,datasize:1935,operation:Pre-Smoothing
Time:0.00178314,bytes:15480,bandwidth:8.68131e+06
cr:1.94644,iter:28,level:9,rank:0,datasize:1935,operation:Residual
Time:0.000442725,bytes:10424,bandwidth:2.35451e+07
cr:97.4206,iter:28,level:10,rank:0,datasize:1303,operation:Pre-Smoothing
Time:0.0013891,bytes:10424,bandwidth:7.50414e+06
cr:1.63771,iter:28,level:10,rank:0,datasize:1303,operation:Residual
Time:0.00042102,bytes:6616,bandwidth:1.57142e+07
cr:61.8318,iter:28,level:11,rank:0,datasize:827,operation:Pre-Smoothing
Time:0.00108962,bytes:6616,bandwidth:6.07184e+06
cr:1.39844,iter:28,level:11,rank:0,datasize:827,operation:Residual
Time:0.000316463,bytes:4040,bandwidth:1.27661e+07
cr:39.2233,iter:28,level:12,rank:0,datasize:505,operation:Pre-Smoothing
Time:0.000897458,bytes:4040,bandwidth:4.5016e+06
cr:1.30491,iter:28,level:12,rank:0,datasize:505,operation:Residual
Time:0.000297396,bytes:2320,bandwidth:7.80105e+06
cr:22.5243,iter:28,level:13,rank:0,datasize:290,operation:Pre-Smoothing
Time:0.000688839,bytes:2320,bandwidth:3.36799e+06
cr:1.21402,iter:28,level:13,rank:0,datasize:290,operation:Residual
Time:0.000107488,bytes:1160,bandwidth:1.07919e+07
cr:10.5455,iter:28,level:14,rank:0,datasize:145,operation:Pre-Smoothing
Time:0.000235192,bytes:1160,bandwidth:4.93214e+06
cr:1.30045,iter:28,level:14,rank:0,datasize:145,operation:Residual
Time:8.6028e-05,bytes:464,bandwidth:5.39359e+06
cr:4.21818,iter:28,level:15,rank:0,datasize:58,operation:Pre-Smoothing
Time:0.000141342,bytes:464,bandwidth:3.28282e+06
cr:1.06178,iter:28,level:15,rank:0,datasize:58,operation:Residual
Time:6.7498e-05,bytes:56,bandwidth:829654
cr:0.495575,iter:28,level:16,rank:0,datasize:7,operation:Interpolation
Time:0.000146144,bytes:464,bandwidth:3.17495e+06
cr:1.01532,iter:28,level:16,rank:0,datasize:58,operation:Post-smoothing
Time:8.9229e-05,bytes:200,bandwidth:2.24142e+06
cr:0.77821,iter:28,level:16,rank:0,datasize:25,operation:Interpolation
Time:0.000273569,bytes:1160,bandwidth:4.24025e+06
cr:1.31073,iter:28,level:16,rank:0,datasize:145,operation:Post-smoothing
Time:0.000102918,bytes:264,bandwidth:2.56515e+06
cr:0.819876,iter:28,level:16,rank:0,datasize:33,operation:Interpolation
Time:0.000729753,bytes:2320,bandwidth:3.17916e+06
cr:1.12186,iter:28,level:16,rank:0,datasize:290,operation:Post-smoothing
Time:0.0001336,bytes:440,bandwidth:3.29341e+06
cr:0.883534,iter:28,level:16,rank:0,datasize:55,operation:Interpolation
Time:0.00104795,bytes:4040,bandwidth:3.85515e+06
cr:1.0834,iter:28,level:16,rank:0,datasize:505,operation:Post-smoothing
Time:0.000300298,bytes:728,bandwidth:2.42426e+06
cr:1.03409,iter:28,level:16,rank:0,datasize:91,operation:Interpolation
SZ is downgraded to lossless mode.
SZ is downgraded to lossless mode.
Time:0.00117736,bytes:6616,bandwidth:5.61934e+06
cr:1.01816,iter:28,level:16,rank:0,datasize:827,operation:Post-smoothing
Time:0.000264052,bytes:1136,bandwidth:4.30218e+06
cr:0.951424,iter:28,level:16,rank:0,datasize:142,operation:Interpolation
SZ is downgraded to lossless mode.
SZ is downgraded to lossless mode.
Time:0.00162198,bytes:10424,bandwidth:6.42672e+06
cr:1.02518,iter:28,level:16,rank:0,datasize:1303,operation:Post-smoothing
Time:0.000718,bytes:1744,bandwidth:2.42897e+06
cr:0.967814,iter:28,level:16,rank:0,datasize:218,operation:Interpolation
SZ is downgraded to lossless mode.
SZ is downgraded to lossless mode.
Time:0.00214177,bytes:15480,bandwidth:7.22767e+06
cr:1.02864,iter:28,level:16,rank:0,datasize:1935,operation:Post-smoothing
Time:0.000939054,bytes:2672,bandwidth:2.84542e+06
cr:0.978396,iter:28,level:16,rank:0,datasize:334,operation:Interpolation
SZ is downgraded to lossless mode.
Time:0.00233668,bytes:22464,bandwidth:9.61364e+06
cr:1.03079,iter:28,level:16,rank:0,datasize:2808,operation:Post-smoothing
SZ is downgraded to lossless mode.
SZ is downgraded to lossless mode.
SZ is downgraded to lossless mode.
Time:0.00109346,bytes:3768,bandwidth:3.44594e+06
cr:1.0083,iter:28,level:16,rank:0,datasize:471,operation:Interpolation
SZ is downgraded to lossless mode.
SZ is downgraded to lossless mode.
Time:0.00313053,bytes:30080,bandwidth:9.60859e+06
cr:1.03205,iter:28,level:16,rank:0,datasize:3760,operation:Post-smoothing
SZ is downgraded to lossless mode.
SZ is downgraded to lossless mode.
Time:0.00122254,bytes:4936,bandwidth:4.03749e+06
cr:1.01543,iter:28,level:16,rank:0,datasize:617,operation:Interpolation
SZ is downgraded to lossless mode.
SZ is downgraded to lossless mode.
Time:0.00454836,bytes:38856,bandwidth:8.54286e+06
cr:1.03357,iter:28,level:16,rank:0,datasize:4857,operation:Post-smoothing
SZ is downgraded to lossless mode.
SZ is downgraded to lossless mode.
Time:0.00159119,bytes:6584,bandwidth:4.13779e+06
cr:1.02046,iter:28,level:16,rank:0,datasize:823,operation:Interpolation
SZ is downgraded to lossless mode.
SZ is downgraded to lossless mode.
Time:0.00441368,bytes:49304,bandwidth:1.11707e+07
cr:1.0333,iter:28,level:16,rank:0,datasize:6163,operation:Post-smoothing
SZ is downgraded to lossless mode.
SZ is downgraded to lossless mode.
Time:0.00166389,bytes:9280,bandwidth:5.57731e+06
cr:1.02598,iter:28,level:16,rank:0,datasize:1160,operation:Interpolation
Time:0.00678936,bytes:61032,bandwidth:8.98937e+06
cr:1.86357,iter:28,level:16,rank:0,datasize:7629,operation:Post-smoothing
SZ is downgraded to lossless mode.
SZ is downgraded to lossless mode.
Time:0.00179322,bytes:12120,bandwidth:6.7588e+06
cr:1.02712,iter:28,level:16,rank:0,datasize:1515,operation:Interpolation
Time:0.00719709,bytes:70008,bandwidth:9.72726e+06
cr:2.0713,iter:28,level:16,rank:0,datasize:8751,operation:Post-smoothing
SZ is downgraded to lossless mode.
SZ is downgraded to lossless mode.
Time:0.00307151,bytes:16832,bandwidth:5.48004e+06
cr:1.03017,iter:28,level:16,rank:0,datasize:2104,operation:Interpolation
Time:0.00698154,bytes:64032,bandwidth:9.17161e+06
cr:2.64311,iter:28,level:16,rank:0,datasize:8004,operation:Post-smoothing
Time:0.00259947,bytes:21296,bandwidth:8.19245e+06
cr:1.87945,iter:28,level:16,rank:0,datasize:2662,operation:Interpolation
Time:0.00597495,bytes:50808,bandwidth:8.5035e+06
cr:2.19189,iter:28,level:16,rank:0,datasize:6351,operation:Post-smoothing
Time:0.00254225,bytes:19664,bandwidth:7.73489e+06
cr:1.89935,iter:28,level:16,rank:0,datasize:2458,operation:Interpolation
Time:0.00467179,bytes:40000,bandwidth:8.56204e+06
cr:1.06174,iter:28,level:16,rank:0,datasize:5000,operation:Post-smoothing
Time:0.00347395,bytes:40000,bandwidth:1.15143e+07
cr:1.06185,iter:28,level:16,rank:0,datasize:5000,operation:Residual-Norm
Time:0.00325418,bytes:40000,bandwidth:1.22919e+07
cr:1.06185,iter:29,level:0,rank:0,datasize:5000,operation:Pre-Smoothing
Time:0.00336086,bytes:40000,bandwidth:1.19017e+07
cr:1.06197,iter:29,level:0,rank:0,datasize:5000,operation:Residual
Time:0.00253464,bytes:50808,bandwidth:2.00454e+07
cr:390.831,iter:29,level:1,rank:0,datasize:6351,operation:Pre-Smoothing
Time:0.00311374,bytes:50808,bandwidth:1.63173e+07
cr:18.7553,iter:29,level:1,rank:0,datasize:6351,operation:Residual
Time:0.00593327,bytes:64032,bandwidth:1.0792e+07
cr:492.554,iter:29,level:2,rank:0,datasize:8004,operation:Pre-Smoothing
Time:0.00353079,bytes:64032,bandwidth:1.81353e+07
cr:17.6835,iter:29,level:2,rank:0,datasize:8004,operation:Residual
Time:0.00298814,bytes:70008,bandwidth:2.34287e+07
cr:534.412,iter:29,level:3,rank:0,datasize:8751,operation:Pre-Smoothing
Time:0.00349519,bytes:70008,bandwidth:2.00298e+07
cr:12.0537,iter:29,level:3,rank:0,datasize:8751,operation:Residual
Time:0.00258089,bytes:61032,bandwidth:2.36477e+07
cr:469.477,iter:29,level:4,rank:0,datasize:7629,operation:Pre-Smoothing
Time:0.00345397,bytes:61032,bandwidth:1.76701e+07
cr:9.2277,iter:29,level:4,rank:0,datasize:7629,operation:Residual
Time:0.00209022,bytes:49304,bandwidth:2.3588e+07
cr:379.262,iter:29,level:5,rank:0,datasize:6163,operation:Pre-Smoothing
Time:0.00295034,bytes:49304,bandwidth:1.67113e+07
cr:6.95108,iter:29,level:5,rank:0,datasize:6163,operation:Residual
Time:0.00191197,bytes:38856,bandwidth:2.03225e+07
cr:303.562,iter:29,level:6,rank:0,datasize:4857,operation:Pre-Smoothing
Time:0.00287504,bytes:38856,bandwidth:1.35149e+07
cr:5.08054,iter:29,level:6,rank:0,datasize:4857,operation:Residual
Time:0.000818931,bytes:30080,bandwidth:3.67308e+07
cr:281.121,iter:29,level:7,rank:0,datasize:3760,operation:Pre-Smoothing
Time:0.00197553,bytes:30080,bandwidth:1.52263e+07
cr:3.84065,iter:29,level:7,rank:0,datasize:3760,operation:Residual
Time:0.000659667,bytes:22464,bandwidth:3.40535e+07
cr:209.944,iter:29,level:8,rank:0,datasize:2808,operation:Pre-Smoothing
Time:0.00189853,bytes:22464,bandwidth:1.18323e+07
cr:2.61574,iter:29,level:8,rank:0,datasize:2808,operation:Residual
Time:0.000584069,bytes:15480,bandwidth:2.65037e+07
cr:144.673,iter:29,level:9,rank:0,datasize:1935,operation:Pre-Smoothing
Time:0.00169814,bytes:15480,bandwidth:9.11585e+06
cr:2.11302,iter:29,level:9,rank:0,datasize:1935,operation:Residual
Time:0.000438341,bytes:10424,bandwidth:2.37806e+07
cr:97.4206,iter:29,level:10,rank:0,datasize:1303,operation:Pre-Smoothing
Time:0.0013374,bytes:10424,bandwidth:7.7942e+06
cr:1.73647,iter:29,level:10,rank:0,datasize:1303,operation:Residual
Time:0.000391226,bytes:6616,bandwidth:1.69109e+07
cr:61.8318,iter:29,level:11,rank:0,datasize:827,operation:Pre-Smoothing
Time:0.00106781,bytes:6616,bandwidth:6.19588e+06
cr:1.45599,iter:29,level:11,rank:0,datasize:827,operation:Residual
Time:0.000314321,bytes:4040,bandwidth:1.28531e+07
cr:39.2233,iter:29,level:12,rank:0,datasize:505,operation:Pre-Smoothing
Time:0.000924318,bytes:4040,bandwidth:4.37079e+06
cr:1.20597,iter:29,level:12,rank:0,datasize:505,operation:Residual
Time:0.000306297,bytes:2320,bandwidth:7.57435e+06
cr:22.5243,iter:29,level:13,rank:0,datasize:290,operation:Pre-Smoothing
Time:0.000681632,bytes:2320,bandwidth:3.4036e+06
cr:1.26018,iter:29,level:13,rank:0,datasize:290,operation:Residual
Time:0.000112901,bytes:1160,bandwidth:1.02745e+07
cr:10.5455,iter:29,level:14,rank:0,datasize:145,operation:Pre-Smoothing
Time:0.000233612,bytes:1160,bandwidth:4.9655e+06
cr:1.33641,iter:29,level:14,rank:0,datasize:145,operation:Residual
Time:8.3859e-05,bytes:464,bandwidth:5.5331e+06
cr:4.21818,iter:29,level:15,rank:0,datasize:58,operation:Pre-Smoothing
Time:0.000137816,bytes:464,bandwidth:3.36681e+06
cr:1.02882,iter:29,level:15,rank:0,datasize:58,operation:Residual
Time:6.9245e-05,bytes:56,bandwidth:808723
cr:0.495575,iter:29,level:16,rank:0,datasize:7,operation:Interpolation
Time:0.00013891,bytes:464,bandwidth:3.34029e+06
cr:1.14568,iter:29,level:16,rank:0,datasize:58,operation:Post-smoothing
Time:9.8862e-05,bytes:200,bandwidth:2.02302e+06
cr:0.77821,iter:29,level:16,rank:0,datasize:25,operation:Interpolation
Time:0.000229314,bytes:1160,bandwidth:5.05857e+06
cr:1.28035,iter:29,level:16,rank:0,datasize:145,operation:Post-smoothing
Time:0.000103675,bytes:264,bandwidth:2.54642e+06
cr:0.819876,iter:29,level:16,rank:0,datasize:33,operation:Interpolation
Time:0.000721604,bytes:2320,bandwidth:3.21506e+06
cr:1.11807,iter:29,level:16,rank:0,datasize:290,operation:Post-smoothing
Time:0.000130527,bytes:440,bandwidth:3.37095e+06
cr:0.883534,iter:29,level:16,rank:0,datasize:55,operation:Interpolation
Time:0.000969752,bytes:4040,bandwidth:4.16601e+06
cr:1.19562,iter:29,level:16,rank:0,datasize:505,operation:Post-smoothing
Time:0.000264703,bytes:728,bandwidth:2.75025e+06
cr:1,iter:29,level:16,rank:0,datasize:91,operation:Interpolation
SZ is downgraded to lossless mode.
SZ is downgraded to lossless mode.
Time:0.00113294,bytes:6616,bandwidth:5.83968e+06
cr:1.01832,iter:29,level:16,rank:0,datasize:827,operation:Post-smoothing
Time:0.000243817,bytes:1136,bandwidth:4.65923e+06
cr:0.951424,iter:29,level:16,rank:0,datasize:142,operation:Interpolation
SZ is downgraded to lossless mode.
SZ is downgraded to lossless mode.
Time:0.00161637,bytes:10424,bandwidth:6.44903e+06
cr:1.02558,iter:29,level:16,rank:0,datasize:1303,operation:Post-smoothing
Time:0.000764275,bytes:1744,bandwidth:2.2819e+06
cr:0.967814,iter:29,level:16,rank:0,datasize:218,operation:Interpolation
SZ is downgraded to lossless mode.
SZ is downgraded to lossless mode.
Time:0.0019927,bytes:15480,bandwidth:7.76834e+06
cr:1.0283,iter:29,level:16,rank:0,datasize:1935,operation:Post-smoothing
Time:0.000906387,bytes:2672,bandwidth:2.94797e+06
cr:0.978396,iter:29,level:16,rank:0,datasize:334,operation:Interpolation
SZ is downgraded to lossless mode.
Time:0.00222971,bytes:22464,bandwidth:1.00748e+07
cr:1.02989,iter:29,level:16,rank:0,datasize:2808,operation:Post-smoothing
SZ is downgraded to lossless mode.
SZ is downgraded to lossless mode.
SZ is downgraded to lossless mode.
Time:0.00103577,bytes:3768,bandwidth:3.63789e+06
cr:1.00722,iter:29,level:16,rank:0,datasize:471,operation:Interpolation
SZ is downgraded to lossless mode.
SZ is downgraded to lossless mode.
Time:0.00299416,bytes:30080,bandwidth:1.00462e+07
cr:1.03106,iter:29,level:16,rank:0,datasize:3760,operation:Post-smoothing
SZ is downgraded to lossless mode.
Time:0.0011695,bytes:4936,bandwidth:4.22061e+06
cr:1.01439,iter:29,level:16,rank:0,datasize:617,operation:Interpolation
SZ is downgraded to lossless mode.
SZ is downgraded to lossless mode.
SZ is downgraded to lossless mode.
Time:0.00436589,bytes:38856,bandwidth:8.89991e+06
cr:1.03264,iter:29,level:16,rank:0,datasize:4857,operation:Post-smoothing
SZ is downgraded to lossless mode.
SZ is downgraded to lossless mode.
Time:0.00149016,bytes:6584,bandwidth:4.41832e+06
cr:1.01825,iter:29,level:16,rank:0,datasize:823,operation:Interpolation
SZ is downgraded to lossless mode.
SZ is downgraded to lossless mode.
Time:0.00425341,bytes:49304,bandwidth:1.15916e+07
cr:1.03311,iter:29,level:16,rank:0,datasize:6163,operation:Post-smoothing
SZ is downgraded to lossless mode.
SZ is downgraded to lossless mode.
Time:0.00163198,bytes:9280,bandwidth:5.68633e+06
cr:1.02598,iter:29,level:16,rank:0,datasize:1160,operation:Interpolation
Time:0.00673385,bytes:61032,bandwidth:9.06346e+06
cr:1.90856,iter:29,level:16,rank:0,datasize:7629,operation:Post-smoothing
SZ is downgraded to lossless mode.
SZ is downgraded to lossless mode.
Time:0.00163731,bytes:12120,bandwidth:7.40238e+06
cr:1.02712,iter:29,level:16,rank:0,datasize:1515,operation:Interpolation
Time:0.00701155,bytes:70008,bandwidth:9.98466e+06
cr:2.15052,iter:29,level:16,rank:0,datasize:8751,operation:Post-smoothing
SZ is downgraded to lossless mode.
SZ is downgraded to lossless mode.
Time:0.00197925,bytes:16832,bandwidth:8.50424e+06
cr:1.02961,iter:29,level:16,rank:0,datasize:2104,operation:Interpolation
Time:0.0064536,bytes:64032,bandwidth:9.92191e+06
cr:2.37604,iter:29,level:16,rank:0,datasize:8004,operation:Post-smoothing
Time:0.00274712,bytes:21296,bandwidth:7.75212e+06
cr:1.79728,iter:29,level:16,rank:0,datasize:2662,operation:Interpolation
Time:0.0053782,bytes:50808,bandwidth:9.44703e+06
cr:2.57882,iter:29,level:16,rank:0,datasize:6351,operation:Post-smoothing
Time:0.00243747,bytes:19664,bandwidth:8.06737e+06
cr:2.02325,iter:29,level:16,rank:0,datasize:2458,operation:Interpolation
Time:0.00330843,bytes:40000,bandwidth:1.20903e+07
cr:1.0612,iter:29,level:16,rank:0,datasize:5000,operation:Post-smoothing
Time:0.00330035,bytes:40000,bandwidth:1.21199e+07
cr:1.0623,iter:29,level:16,rank:0,datasize:5000,operation:Residual-Norm
Time:0.00318136,bytes:40000,bandwidth:1.25732e+07
cr:1.0623,iter:30,level:0,rank:0,datasize:5000,operation:Pre-Smoothing
Time:0.00318673,bytes:40000,bandwidth:1.25521e+07
cr:1.06171,iter:30,level:0,rank:0,datasize:5000,operation:Residual
Time:0.00246925,bytes:50808,bandwidth:2.05763e+07
cr:390.831,iter:30,level:1,rank:0,datasize:6351,operation:Pre-Smoothing
Time:0.00300146,bytes:50808,bandwidth:1.69278e+07
cr:23.5987,iter:30,level:1,rank:0,datasize:6351,operation:Residual
Time:0.00292385,bytes:64032,bandwidth:2.18999e+07
cr:492.554,iter:30,level:2,rank:0,datasize:8004,operation:Pre-Smoothing
Time:0.00350805,bytes:64032,bandwidth:1.82529e+07
cr:18.8329,iter:30,level:2,rank:0,datasize:8004,operation:Residual
Time:0.00296848,bytes:70008,bandwidth:2.35838e+07
cr:534.412,iter:30,level:3,rank:0,datasize:8751,operation:Pre-Smoothing
Time:0.00338334,bytes:70008,bandwidth:2.0692e+07
cr:12.9668,iter:30,level:3,rank:0,datasize:8751,operation:Residual
Time:0.00254527,bytes:61032,bandwidth:2.39786e+07
cr:469.477,iter:30,level:4,rank:0,datasize:7629,operation:Pre-Smoothing
Time:0.00342382,bytes:61032,bandwidth:1.78257e+07
cr:9.55267,iter:30,level:4,rank:0,datasize:7629,operation:Residual
Time:0.00217873,bytes:49304,bandwidth:2.26297e+07
cr:379.262,iter:30,level:5,rank:0,datasize:6163,operation:Pre-Smoothing
Time:0.00294481,bytes:49304,bandwidth:1.67427e+07
cr:7.32056,iter:30,level:5,rank:0,datasize:6163,operation:Residual
Time:0.00192016,bytes:38856,bandwidth:2.02358e+07
cr:303.562,iter:30,level:6,rank:0,datasize:4857,operation:Pre-Smoothing
Time:0.00294035,bytes:38856,bandwidth:1.32148e+07
cr:4.5087,iter:30,level:6,rank:0,datasize:4857,operation:Residual
Time:0.000799629,bytes:30080,bandwidth:3.76174e+07
cr:281.121,iter:30,level:7,rank:0,datasize:3760,operation:Pre-Smoothing
Time:0.00206864,bytes:30080,bandwidth:1.4541e+07
cr:3.63592,iter:30,level:7,rank:0,datasize:3760,operation:Residual
Time:0.000625408,bytes:22464,bandwidth:3.5919e+07
cr:209.944,iter:30,level:8,rank:0,datasize:2808,operation:Pre-Smoothing
Time:0.0018291,bytes:22464,bandwidth:1.22815e+07
cr:2.77436,iter:30,level:8,rank:0,datasize:2808,operation:Residual
Time:0.000558157,bytes:15480,bandwidth:2.77341e+07
cr:144.673,iter:30,level:9,rank:0,datasize:1935,operation:Pre-Smoothing
Time:0.00167582,bytes:15480,bandwidth:9.23725e+06
cr:2.25821,iter:30,level:9,rank:0,datasize:1935,operation:Residual
Time:0.00043651,bytes:10424,bandwidth:2.38803e+07
cr:97.4206,iter:30,level:10,rank:0,datasize:1303,operation:Pre-Smoothing
Time:0.00133188,bytes:10424,bandwidth:7.82651e+06
cr:1.75784,iter:30,level:10,rank:0,datasize:1303,operation:Residual
Time:0.00038584,bytes:6616,bandwidth:1.7147e+07
cr:61.8318,iter:30,level:11,rank:0,datasize:827,operation:Pre-Smoothing
Time:0.0010722,bytes:6616,bandwidth:6.17052e+06
cr:1.41368,iter:30,level:11,rank:0,datasize:827,operation:Residual
Time:0.000320076,bytes:4040,bandwidth:1.2622e+07
cr:39.2233,iter:30,level:12,rank:0,datasize:505,operation:Pre-Smoothing
Time:0.000863918,bytes:4040,bandwidth:4.67637e+06
cr:1.39166,iter:30,level:12,rank:0,datasize:505,operation:Residual
Time:0.000298105,bytes:2320,bandwidth:7.78249e+06
cr:22.5243,iter:30,level:13,rank:0,datasize:290,operation:Pre-Smoothing
Time:0.00067492,bytes:2320,bandwidth:3.43744e+06
cr:1.31968,iter:30,level:13,rank:0,datasize:290,operation:Residual
Time:0.00010518,bytes:1160,bandwidth:1.10287e+07
cr:10.5455,iter:30,level:14,rank:0,datasize:145,operation:Pre-Smoothing
Time:0.000226116,bytes:1160,bandwidth:5.13011e+06
cr:1.31968,iter:30,level:14,rank:0,datasize:145,operation:Residual
Time:8.9122e-05,bytes:464,bandwidth:5.20635e+06
cr:4.21818,iter:30,level:15,rank:0,datasize:58,operation:Pre-Smoothing
Time:0.000131069,bytes:464,bandwidth:3.54012e+06
cr:1.11538,iter:30,level:15,rank:0,datasize:58,operation:Residual
Time:6.8142e-05,bytes:56,bandwidth:821813
cr:0.495575,iter:30,level:16,rank:0,datasize:7,operation:Interpolation
Time:0.000132909,bytes:464,bandwidth:3.49111e+06
cr:1.08159,iter:30,level:16,rank:0,datasize:58,operation:Post-smoothing
Time:8.2838e-05,bytes:200,bandwidth:2.41435e+06
cr:0.77821,iter:30,level:16,rank:0,datasize:25,operation:Interpolation
Time:0.000224645,bytes:1160,bandwidth:5.1637e+06
cr:1.31818,iter:30,level:16,rank:0,datasize:145,operation:Post-smoothing
Time:0.000101376,bytes:264,bandwidth:2.60417e+06
cr:0.819876,iter:30,level:16,rank:0,datasize:33,operation:Interpolation
Time:0.00068075,bytes:2320,bandwidth:3.40801e+06
cr:1.12895,iter:30,level:16,rank:0,datasize:290,operation:Post-smoothing
Time:0.000177398,bytes:440,bandwidth:2.4803e+06
cr:0.90535,iter:30,level:16,rank:0,datasize:55,operation:Interpolation
Time:0.000958266,bytes:4040,bandwidth:4.21595e+06
cr:1.20922,iter:30,level:16,rank:0,datasize:505,operation:Post-smoothing
Time:0.000261789,bytes:728,bandwidth:2.78087e+06
cr:1.00831,iter:30,level:16,rank:0,datasize:91,operation:Interpolation
SZ is downgraded to lossless mode.
SZ is downgraded to lossless mode.
Time:0.00112403,bytes:6616,bandwidth:5.88597e+06
cr:1.01832,iter:30,level:16,rank:0,datasize:827,operation:Post-smoothing
Time:0.000236143,bytes:1136,bandwidth:4.81064e+06
cr:0.951424,iter:30,level:16,rank:0,datasize:142,operation:Interpolation
SZ is downgraded to lossless mode.
SZ is downgraded to lossless mode.
Time:0.00141897,bytes:10424,bandwidth:7.34616e+06
cr:1.02377,iter:30,level:16,rank:0,datasize:1303,operation:Post-smoothing
Time:0.000699515,bytes:1744,bandwidth:2.49316e+06
cr:0.967814,iter:30,level:16,rank:0,datasize:218,operation:Interpolation
SZ is downgraded to lossless mode.
SZ is downgraded to lossless mode.
Time:0.00200393,bytes:15480,bandwidth:7.72484e+06
cr:1.02768,iter:30,level:16,rank:0,datasize:1935,operation:Post-smoothing
Time:0.000876681,bytes:2672,bandwidth:3.04786e+06
cr:0.978396,iter:30,level:16,rank:0,datasize:334,operation:Interpolation
SZ is downgraded to lossless mode.
Time:0.00215609,bytes:22464,bandwidth:1.04189e+07
cr:1.02937,iter:30,level:16,rank:0,datasize:2808,operation:Post-smoothing
SZ is downgraded to lossless mode.
SZ is downgraded to lossless mode.
Time:0.00105552,bytes:3768,bandwidth:3.5698e+06
cr:1.00695,iter:30,level:16,rank:0,datasize:471,operation:Interpolation
SZ is downgraded to lossless mode.
SZ is downgraded to lossless mode.
Time:0.00283103,bytes:30080,bandwidth:1.06251e+07
cr:1.0312,iter:30,level:16,rank:0,datasize:3760,operation:Post-smoothing
SZ is downgraded to lossless mode.
SZ is downgraded to lossless mode.
Time:0.00113531,bytes:4936,bandwidth:4.34771e+06
cr:1.01397,iter:30,level:16,rank:0,datasize:617,operation:Interpolation
SZ is downgraded to lossless mode.
SZ is downgraded to lossless mode.
Time:0.0040739,bytes:38856,bandwidth:9.53779e+06
cr:1.03176,iter:30,level:16,rank:0,datasize:4857,operation:Post-smoothing
SZ is downgraded to lossless mode.
SZ is downgraded to lossless mode.
Time:0.00145834,bytes:6584,bandwidth:4.51474e+06
cr:1.02014,iter:30,level:16,rank:0,datasize:823,operation:Interpolation
Time:0.00539453,bytes:49304,bandwidth:9.13963e+06
cr:1.97865,iter:30,level:16,rank:0,datasize:6163,operation:Post-smoothing
SZ is downgraded to lossless mode.
SZ is downgraded to lossless mode.
Time:0.00158101,bytes:9280,bandwidth:5.86968e+06
cr:1.0253,iter:30,level:16,rank:0,datasize:1160,operation:Interpolation
Time:0.00639657,bytes:61032,bandwidth:9.54137e+06
cr:2.01585,iter:30,level:16,rank:0,datasize:7629,operation:Post-smoothing
SZ is downgraded to lossless mode.
SZ is downgraded to lossless mode.
Time:0.00170302,bytes:12120,bandwidth:7.11677e+06
cr:1.02668,iter:30,level:16,rank:0,datasize:1515,operation:Interpolation
Time:0.00682598,bytes:70008,bandwidth:1.02561e+07
cr:2.26864,iter:30,level:16,rank:0,datasize:8751,operation:Post-smoothing
SZ is downgraded to lossless mode.
SZ is downgraded to lossless mode.
Time:0.00216279,bytes:16832,bandwidth:7.78255e+06
cr:1.02891,iter:30,level:16,rank:0,datasize:2104,operation:Interpolation
Time:0.00656687,bytes:64032,bandwidth:9.75076e+06
cr:2.48765,iter:30,level:16,rank:0,datasize:8004,operation:Post-smoothing
Time:0.00268334,bytes:21296,bandwidth:7.93637e+06
cr:1.81598,iter:30,level:16,rank:0,datasize:2662,operation:Interpolation
Time:0.0049507,bytes:50808,bandwidth:1.02628e+07
cr:3.08357,iter:30,level:16,rank:0,datasize:6351,operation:Post-smoothing
Time:0.00247955,bytes:19664,bandwidth:7.93047e+06
cr:2.01931,iter:30,level:16,rank:0,datasize:2458,operation:Interpolation
Time:0.00327069,bytes:40000,bandwidth:1.22298e+07
cr:1.06182,iter:30,level:16,rank:0,datasize:5000,operation:Post-smoothing
Time:0.00333211,bytes:40000,bandwidth:1.20044e+07
cr:1.06199,iter:30,level:16,rank:0,datasize:5000,operation:Residual-Norm
Time:0.00323958,bytes:40000,bandwidth:1.23473e+07
cr:1.06199,iter:31,level:0,rank:0,datasize:5000,operation:Pre-Smoothing
Time:0.00329691,bytes:40000,bandwidth:1.21326e+07
cr:1.06228,iter:31,level:0,rank:0,datasize:5000,operation:Residual
Time:0.00252334,bytes:50808,bandwidth:2.01352e+07
cr:390.831,iter:31,level:1,rank:0,datasize:6351,operation:Pre-Smoothing
Time:0.00314683,bytes:50808,bandwidth:1.61458e+07
cr:22.033,iter:31,level:1,rank:0,datasize:6351,operation:Residual
Time:0.00292206,bytes:64032,bandwidth:2.19133e+07
cr:492.554,iter:31,level:2,rank:0,datasize:8004,operation:Pre-Smoothing
Time:0.00420788,bytes:64032,bandwidth:1.52172e+07
cr:20.451,iter:31,level:2,rank:0,datasize:8004,operation:Residual
Time:0.00321507,bytes:70008,bandwidth:2.1775e+07
cr:534.412,iter:31,level:3,rank:0,datasize:8751,operation:Pre-Smoothing
Time:0.00336121,bytes:70008,bandwidth:2.08282e+07
cr:13.7217,iter:31,level:3,rank:0,datasize:8751,operation:Residual
Time:0.00260694,bytes:61032,bandwidth:2.34113e+07
cr:469.477,iter:31,level:4,rank:0,datasize:7629,operation:Pre-Smoothing
Time:0.00351636,bytes:61032,bandwidth:1.73566e+07
cr:8.9608,iter:31,level:4,rank:0,datasize:7629,operation:Residual
Time:0.00208835,bytes:49304,bandwidth:2.36091e+07
cr:379.262,iter:31,level:5,rank:0,datasize:6163,operation:Pre-Smoothing
Time:0.00319681,bytes:49304,bandwidth:1.54229e+07
cr:6.92277,iter:31,level:5,rank:0,datasize:6163,operation:Residual
Time:0.00205401,bytes:38856,bandwidth:1.89172e+07
cr:303.562,iter:31,level:6,rank:0,datasize:4857,operation:Pre-Smoothing
Time:0.00295255,bytes:38856,bandwidth:1.31602e+07
cr:5.15195,iter:31,level:6,rank:0,datasize:4857,operation:Residual
Time:0.000828724,bytes:30080,bandwidth:3.62968e+07
cr:281.121,iter:31,level:7,rank:0,datasize:3760,operation:Pre-Smoothing
Time:0.00207624,bytes:30080,bandwidth:1.44878e+07
cr:3.86136,iter:31,level:7,rank:0,datasize:3760,operation:Residual
Time:0.000627424,bytes:22464,bandwidth:3.58035e+07
cr:209.944,iter:31,level:8,rank:0,datasize:2808,operation:Pre-Smoothing
Time:0.00173863,bytes:22464,bandwidth:1.29205e+07
cr:3.04143,iter:31,level:8,rank:0,datasize:2808,operation:Residual
Time:0.00059095,bytes:15480,bandwidth:2.61951e+07
cr:144.673,iter:31,level:9,rank:0,datasize:1935,operation:Pre-Smoothing
Time:0.00162681,bytes:15480,bandwidth:9.51558e+06
cr:2.37132,iter:31,level:9,rank:0,datasize:1935,operation:Residual
Time:0.000464798,bytes:10424,bandwidth:2.24269e+07
cr:97.4206,iter:31,level:10,rank:0,datasize:1303,operation:Pre-Smoothing
Time:0.00130265,bytes:10424,bandwidth:8.00212e+06
cr:1.90706,iter:31,level:10,rank:0,datasize:1303,operation:Residual
Time:0.000394501,bytes:6616,bandwidth:1.67706e+07
cr:61.8318,iter:31,level:11,rank:0,datasize:827,operation:Pre-Smoothing
Time:0.00103595,bytes:6616,bandwidth:6.38641e+06
cr:1.55671,iter:31,level:11,rank:0,datasize:827,operation:Residual
Time:0.00031769,bytes:4040,bandwidth:1.27168e+07
cr:39.2233,iter:31,level:12,rank:0,datasize:505,operation:Pre-Smoothing
Time:0.000940537,bytes:4040,bandwidth:4.29542e+06
cr:1.29529,iter:31,level:12,rank:0,datasize:505,operation:Residual
Time:0.000306892,bytes:2320,bandwidth:7.55966e+06
cr:22.5243,iter:31,level:13,rank:0,datasize:290,operation:Pre-Smoothing
Time:0.000669237,bytes:2320,bandwidth:3.46663e+06
cr:1.28035,iter:31,level:13,rank:0,datasize:290,operation:Residual
Time:0.000113105,bytes:1160,bandwidth:1.0256e+07
cr:10.5455,iter:31,level:14,rank:0,datasize:145,operation:Pre-Smoothing
Time:0.000227652,bytes:1160,bandwidth:5.0955e+06
cr:1.36471,iter:31,level:14,rank:0,datasize:145,operation:Residual
Time:8.6161e-05,bytes:464,bandwidth:5.38527e+06
cr:4.21818,iter:31,level:15,rank:0,datasize:58,operation:Pre-Smoothing
Time:0.000134438,bytes:464,bandwidth:3.45141e+06
cr:1.14568,iter:31,level:15,rank:0,datasize:58,operation:Residual
Time:7.4205e-05,bytes:56,bandwidth:754666
cr:0.495575,iter:31,level:16,rank:0,datasize:7,operation:Interpolation
Time:0.000135064,bytes:464,bandwidth:3.43541e+06
cr:1.11005,iter:31,level:16,rank:0,datasize:58,operation:Post-smoothing
Time:0.000110133,bytes:200,bandwidth:1.81599e+06
cr:0.787402,iter:31,level:16,rank:0,datasize:25,operation:Interpolation
Time:0.000232168,bytes:1160,bandwidth:4.99638e+06
cr:1.3137,iter:31,level:16,rank:0,datasize:145,operation:Post-smoothing
Time:0.000109795,bytes:264,bandwidth:2.40448e+06
cr:0.819876,iter:31,level:16,rank:0,datasize:33,operation:Interpolation
Time:0.000689844,bytes:2320,bandwidth:3.36308e+06
cr:1.19649,iter:31,level:16,rank:0,datasize:290,operation:Post-smoothing
Time:0.000124775,bytes:440,bandwidth:3.52635e+06
cr:0.883534,iter:31,level:16,rank:0,datasize:55,operation:Interpolation
Time:0.000930695,bytes:4040,bandwidth:4.34084e+06
cr:1.19846,iter:31,level:16,rank:0,datasize:505,operation:Post-smoothing
Time:0.000258176,bytes:728,bandwidth:2.81978e+06
cr:1.01676,iter:31,level:16,rank:0,datasize:91,operation:Interpolation
SZ is downgraded to lossless mode.
SZ is downgraded to lossless mode.
Time:0.00106821,bytes:6616,bandwidth:6.19354e+06
cr:1.02036,iter:31,level:16,rank:0,datasize:827,operation:Post-smoothing
Time:0.0002402,bytes:1136,bandwidth:4.72939e+06
cr:0.951424,iter:31,level:16,rank:0,datasize:142,operation:Interpolation
SZ is downgraded to lossless mode.
SZ is downgraded to lossless mode.
Time:0.00173204,bytes:10424,bandwidth:6.01833e+06
cr:1.02487,iter:31,level:16,rank:0,datasize:1303,operation:Post-smoothing
Time:0.000741345,bytes:1744,bandwidth:2.35248e+06
cr:0.976484,iter:31,level:16,rank:0,datasize:218,operation:Interpolation
SZ is downgraded to lossless mode.
SZ is downgraded to lossless mode.
Time:0.00200456,bytes:15480,bandwidth:7.72239e+06
cr:1.02802,iter:31,level:16,rank:0,datasize:1935,operation:Post-smoothing
Time:0.00085934,bytes:2672,bandwidth:3.10936e+06
cr:0.978396,iter:31,level:16,rank:0,datasize:334,operation:Interpolation
SZ is downgraded to lossless mode.
Time:0.00227763,bytes:22464,bandwidth:9.86288e+06
cr:1.02951,iter:31,level:16,rank:0,datasize:2808,operation:Post-smoothing
SZ is downgraded to lossless mode.
SZ is downgraded to lossless mode.
Time:0.000971557,bytes:3768,bandwidth:3.87831e+06
cr:1.00507,iter:31,level:16,rank:0,datasize:471,operation:Interpolation
SZ is downgraded to lossless mode.
SZ is downgraded to lossless mode.
Time:0.00270517,bytes:30080,bandwidth:1.11194e+07
cr:1.0301,iter:31,level:16,rank:0,datasize:3760,operation:Post-smoothing
SZ is downgraded to lossless mode.
SZ is downgraded to lossless mode.
Time:0.00108978,bytes:4936,bandwidth:4.52935e+06
cr:1.0121,iter:31,level:16,rank:0,datasize:617,operation:Interpolation
SZ is downgraded to lossless mode.
SZ is downgraded to lossless mode.
Time:0.00443218,bytes:38856,bandwidth:8.76679e+06
cr:1.03096,iter:31,level:16,rank:0,datasize:4857,operation:Post-smoothing
SZ is downgraded to lossless mode.
SZ is downgraded to lossless mode.
Time:SZ is downgraded to lossless mode.
0.00136779,bytes:6584,bandwidth:4.81362e+06
cr:1.01872,iter:31,level:16,rank:0,datasize:823,operation:Interpolation
Time:0.00549527,bytes:49304,bandwidth:8.97208e+06
cr:1.84238,iter:31,level:16,rank:0,datasize:6163,operation:Post-smoothing
SZ is downgraded to lossless mode.
Time:0.0015728,bytes:9280,bandwidth:5.90031e+06
cr:1.02349,iter:31,level:16,rank:0,datasize:1160,operation:Interpolation
SZ is downgraded to lossless mode.
Time:0.00697572,bytes:61032,bandwidth:8.74921e+06
cr:2.0571,iter:31,level:16,rank:0,datasize:7629,operation:Post-smoothing
SZ is downgraded to lossless mode.
SZ is downgraded to lossless mode.
Time:0.00165951,bytes:12120,bandwidth:7.30338e+06
cr:1.0259,iter:31,level:16,rank:0,datasize:1515,operation:Interpolation
Time:0.00662142,bytes:70008,bandwidth:1.0573e+07
cr:2.36657,iter:31,level:16,rank:0,datasize:8751,operation:Post-smoothing
SZ is downgraded to lossless mode.
SZ is downgraded to lossless mode.
Time:0.00182825,bytes:16832,bandwidth:9.20664e+06
cr:1.02766,iter:31,level:16,rank:0,datasize:2104,operation:Interpolation
Time:0.00594531,bytes:64032,bandwidth:1.07702e+07
cr:2.63767,iter:31,level:16,rank:0,datasize:8004,operation:Post-smoothing
Time:0.00259226,bytes:21296,bandwidth:8.21522e+06
cr:1.92254,iter:31,level:16,rank:0,datasize:2662,operation:Interpolation
Time:0.00536874,bytes:50808,bandwidth:9.46367e+06
cr:2.63322,iter:31,level:16,rank:0,datasize:6351,operation:Post-smoothing
Time:0.00227795,bytes:19664,bandwidth:8.63232e+06
cr:2.19587,iter:31,level:16,rank:0,datasize:2458,operation:Interpolation
Time:0.00326645,bytes:40000,bandwidth:1.22457e+07
cr:1.0625,iter:31,level:16,rank:0,datasize:5000,operation:Post-smoothing
Time:0.00329434,bytes:40000,bandwidth:1.2142e+07
cr:1.06225,iter:31,level:16,rank:0,datasize:5000,operation:Residual-Norm
Time:0.00320617,bytes:40000,bandwidth:1.24759e+07
cr:1.06225,iter:32,level:0,rank:0,datasize:5000,operation:Pre-Smoothing
Time:0.00341163,bytes:40000,bandwidth:1.17246e+07
cr:1.06171,iter:32,level:0,rank:0,datasize:5000,operation:Residual
Time:0.00248919,bytes:50808,bandwidth:2.04115e+07
cr:390.831,iter:32,level:1,rank:0,datasize:6351,operation:Pre-Smoothing
Time:0.00302056,bytes:50808,bandwidth:1.68207e+07
cr:23.7532,iter:32,level:1,rank:0,datasize:6351,operation:Residual
Time:0.00292964,bytes:64032,bandwidth:2.18566e+07
cr:492.554,iter:32,level:2,rank:0,datasize:8004,operation:Pre-Smoothing
Time:0.00345073,bytes:64032,bandwidth:1.85561e+07
cr:21.9664,iter:32,level:2,rank:0,datasize:8004,operation:Residual
Time:0.00304383,bytes:70008,bandwidth:2.3e+07
cr:534.412,iter:32,level:3,rank:0,datasize:8751,operation:Pre-Smoothing
Time:0.00337057,bytes:70008,bandwidth:2.07704e+07
cr:14.2815,iter:32,level:3,rank:0,datasize:8751,operation:Residual
Time:0.00254793,bytes:61032,bandwidth:2.39536e+07
cr:469.477,iter:32,level:4,rank:0,datasize:7629,operation:Pre-Smoothing
Time:0.00325804,bytes:61032,bandwidth:1.87327e+07
cr:10.5482,iter:32,level:4,rank:0,datasize:7629,operation:Residual
Time:0.00212781,bytes:49304,bandwidth:2.31713e+07
cr:379.262,iter:32,level:5,rank:0,datasize:6163,operation:Pre-Smoothing
Time:0.0030722,bytes:49304,bandwidth:1.60484e+07
cr:7.27949,iter:32,level:5,rank:0,datasize:6163,operation:Residual
Time:0.00196025,bytes:38856,bandwidth:1.9822e+07
cr:303.562,iter:32,level:6,rank:0,datasize:4857,operation:Pre-Smoothing
Time:0.00280633,bytes:38856,bandwidth:1.38459e+07
cr:5.39892,iter:32,level:6,rank:0,datasize:4857,operation:Residual
Time:0.000825932,bytes:30080,bandwidth:3.64195e+07
cr:281.121,iter:32,level:7,rank:0,datasize:3760,operation:Pre-Smoothing
Time:0.0020765,bytes:30080,bandwidth:1.44859e+07
cr:3.4452,iter:32,level:7,rank:0,datasize:3760,operation:Residual
Time:0.000619331,bytes:22464,bandwidth:3.62714e+07
cr:209.944,iter:32,level:8,rank:0,datasize:2808,operation:Pre-Smoothing
Time:0.00162383,bytes:22464,bandwidth:1.3834e+07
cr:3.2262,iter:32,level:8,rank:0,datasize:2808,operation:Residual
Time:0.000551402,bytes:15480,bandwidth:2.80739e+07
cr:144.673,iter:32,level:9,rank:0,datasize:1935,operation:Pre-Smoothing
Time:0.001467,bytes:15480,bandwidth:1.05522e+07
cr:2.8125,iter:32,level:9,rank:0,datasize:1935,operation:Residual
Time:0.000434554,bytes:10424,bandwidth:2.39878e+07
cr:97.4206,iter:32,level:10,rank:0,datasize:1303,operation:Pre-Smoothing
Time:0.00123398,bytes:10424,bandwidth:8.44745e+06
cr:1.95352,iter:32,level:10,rank:0,datasize:1303,operation:Residual
Time:0.000397388,bytes:6616,bandwidth:1.66487e+07
cr:61.8318,iter:32,level:11,rank:0,datasize:827,operation:Pre-Smoothing
Time:0.00099965,bytes:6616,bandwidth:6.61832e+06
cr:1.61563,iter:32,level:11,rank:0,datasize:827,operation:Residual
Time:0.000320847,bytes:4040,bandwidth:1.25917e+07
cr:39.2233,iter:32,level:12,rank:0,datasize:505,operation:Pre-Smoothing
Time:0.000821406,bytes:4040,bandwidth:4.9184e+06
cr:1.61213,iter:32,level:12,rank:0,datasize:505,operation:Residual
Time:0.000296493,bytes:2320,bandwidth:7.82481e+06
cr:22.5243,iter:32,level:13,rank:0,datasize:290,operation:Pre-Smoothing
Time:0.000637874,bytes:2320,bandwidth:3.63708e+06
cr:1.3631,iter:32,level:13,rank:0,datasize:290,operation:Residual
Time:0.000106104,bytes:1160,bandwidth:1.09327e+07
cr:10.5455,iter:32,level:14,rank:0,datasize:145,operation:Pre-Smoothing
Time:0.000213503,bytes:1160,bandwidth:5.43318e+06
cr:1.43033,iter:32,level:14,rank:0,datasize:145,operation:Residual
Time:8.2007e-05,bytes:464,bandwidth:5.65805e+06
cr:4.21818,iter:32,level:15,rank:0,datasize:58,operation:Pre-Smoothing
Time:0.000128845,bytes:464,bandwidth:3.60123e+06
cr:1.35277,iter:32,level:15,rank:0,datasize:58,operation:Residual
Time:6.7345e-05,bytes:56,bandwidth:831539
cr:0.495575,iter:32,level:16,rank:0,datasize:7,operation:Interpolation
Time:0.000129958,bytes:464,bandwidth:3.57038e+06
cr:1.12349,iter:32,level:16,rank:0,datasize:58,operation:Post-smoothing
Time:8.0743e-05,bytes:200,bandwidth:2.47699e+06
cr:0.77821,iter:32,level:16,rank:0,datasize:25,operation:Interpolation
Time:0.000210411,bytes:1160,bandwidth:5.51302e+06
cr:1.35514,iter:32,level:16,rank:0,datasize:145,operation:Post-smoothing
Time:0.000103754,bytes:264,bandwidth:2.54448e+06
cr:0.819876,iter:32,level:16,rank:0,datasize:33,operation:Interpolation
Time:0.000665526,bytes:2320,bandwidth:3.48596e+06
cr:1.18126,iter:32,level:16,rank:0,datasize:290,operation:Post-smoothing
Time:0.000125366,bytes:440,bandwidth:3.50972e+06
cr:0.883534,iter:32,level:16,rank:0,datasize:55,operation:Interpolation
Time:0.000918994,bytes:4040,bandwidth:4.39611e+06
cr:1.17956,iter:32,level:16,rank:0,datasize:505,operation:Post-smoothing
Time:0.000246486,bytes:728,bandwidth:2.95351e+06
cr:1,iter:32,level:16,rank:0,datasize:91,operation:Interpolation
SZ is downgraded to lossless mode.
Time:0.00102539,bytes:6616,bandwidth:6.45218e+06
SZ is downgraded to lossless mode.
cr:1.01894,iter:32,level:16,rank:0,datasize:827,operation:Post-smoothing
Time:0.000232484,bytes:1136,bandwidth:4.88636e+06
cr:0.951424,iter:32,level:16,rank:0,datasize:142,operation:Interpolation
SZ is downgraded to lossless mode.
SZ is downgraded to lossless mode.
Time:0.00126267,bytes:10424,bandwidth:8.25555e+06
cr:1.02538,iter:32,level:16,rank:0,datasize:1303,operation:Post-smoothing
Time:0.000673488,bytes:1744,bandwidth:2.5895e+06
cr:0.967814,iter:32,level:16,rank:0,datasize:218,operation:Interpolation
SZ is downgraded to lossless mode.
SZ is downgraded to lossless mode.
Time:0.00199648,bytes:15480,bandwidth:7.75363e+06
cr:1.02802,iter:32,level:16,rank:0,datasize:1935,operation:Post-smoothing
Time:0.000937625,bytes:2672,bandwidth:2.84975e+06
cr:0.987071,iter:32,level:16,rank:0,datasize:334,operation:Interpolation
SZ is downgraded to lossless mode.
Time:0.00202521,bytes:22464,bandwidth:1.10922e+07
cr:1.02961,iter:32,level:16,rank:0,datasize:2808,operation:Post-smoothing
SZ is downgraded to lossless mode.
SZ is downgraded to lossless mode.
SZ is downgraded to lossless mode.
Time:0.000957397,bytes:3768,bandwidth:3.93567e+06
cr:1.00749,iter:32,level:16,rank:0,datasize:471,operation:Interpolation
SZ is downgraded to lossless mode.
SZ is downgraded to lossless mode.
Time:0.00261243,bytes:30080,bandwidth:1.15142e+07
cr:1.02957,iter:32,level:16,rank:0,datasize:3760,operation:Post-smoothing
SZ is downgraded to lossless mode.
Time:0.00105146,bytes:4936,bandwidth:4.69443e+06
cr:1.01334,iter:32,level:16,rank:0,datasize:617,operation:Interpolation
SZ is downgraded to lossless mode.
SZ is downgraded to lossless mode.
SZ is downgraded to lossless mode.
Time:0.00388947,bytes:38856,bandwidth:9.99006e+06
cr:1.03094,iter:32,level:16,rank:0,datasize:4857,operation:Post-smoothing
SZ is downgraded to lossless mode.
SZ is downgraded to lossless mode.
Time:0.00129817,bytes:6584,bandwidth:5.07176e+06
cr:1.01793,iter:32,level:16,rank:0,datasize:823,operation:Interpolation
Time:0.00532313,bytes:49304,bandwidth:9.26222e+06
cr:1.91301,iter:32,level:16,rank:0,datasize:6163,operation:Post-smoothing
SZ is downgraded to lossless mode.
SZ is downgraded to lossless mode.
Time:0.00147485,bytes:9280,bandwidth:6.29216e+06
cr:1.02496,iter:32,level:16,rank:0,datasize:1160,operation:Interpolation
Time:0.00619465,bytes:61032,bandwidth:9.85237e+06
cr:2.16802,iter:32,level:16,rank:0,datasize:7629,operation:Post-smoothing
SZ is downgraded to lossless mode.
SZ is downgraded to lossless mode.
Time:0.00144269,bytes:12120,bandwidth:8.40097e+06
cr:1.02668,iter:32,level:16,rank:0,datasize:1515,operation:Interpolation
Time:0.00629089,bytes:70008,bandwidth:1.11285e+07
cr:2.46811,iter:32,level:16,rank:0,datasize:8751,operation:Post-smoothing
SZ is downgraded to lossless mode.
SZ is downgraded to lossless mode.
Time:0.0018269,bytes:16832,bandwidth:9.21341e+06
cr:1.02791,iter:32,level:16,rank:0,datasize:2104,operation:Interpolation
Time:0.00597496,bytes:64032,bandwidth:1.07167e+07
cr:2.69042,iter:32,level:16,rank:0,datasize:8004,operation:Post-smoothing
Time:0.00254798,bytes:21296,bandwidth:8.358e+06
cr:1.97112,iter:32,level:16,rank:0,datasize:2662,operation:Interpolation
Time:0.00509239,bytes:50808,bandwidth:9.97724e+06
cr:2.91247,iter:32,level:16,rank:0,datasize:6351,operation:Post-smoothing
Time:0.00224958,bytes:19664,bandwidth:8.74118e+06
cr:2.25066,iter:32,level:16,rank:0,datasize:2458,operation:Interpolation
Time:0.00329795,bytes:40000,bandwidth:1.21288e+07
cr:1.0616,iter:32,level:16,rank:0,datasize:5000,operation:Post-smoothing
Time:0.0033567,bytes:40000,bandwidth:1.19164e+07
cr:1.06197,iter:32,level:16,rank:0,datasize:5000,operation:Residual-Norm
Time:0.00318683,bytes:40000,bandwidth:1.25517e+07
cr:1.06197,iter:33,level:0,rank:0,datasize:5000,operation:Pre-Smoothing
Time:0.00322263,bytes:40000,bandwidth:1.24122e+07
cr:1.06157,iter:33,level:0,rank:0,datasize:5000,operation:Residual
Time:0.00254042,bytes:50808,bandwidth:1.99998e+07
cr:390.831,iter:33,level:1,rank:0,datasize:6351,operation:Pre-Smoothing
Time:0.00296806,bytes:50808,bandwidth:1.71182e+07
cr:25.4167,iter:33,level:1,rank:0,datasize:6351,operation:Residual
Time:0.00302024,bytes:64032,bandwidth:2.1201e+07
cr:492.554,iter:33,level:2,rank:0,datasize:8004,operation:Pre-Smoothing
Time:0.00348781,bytes:64032,bandwidth:1.83588e+07
cr:23.4035,iter:33,level:2,rank:0,datasize:8004,operation:Residual
Time:0.00295349,bytes:70008,bandwidth:2.37035e+07
cr:534.412,iter:33,level:3,rank:0,datasize:8751,operation:Pre-Smoothing
Time:0.00358697,bytes:70008,bandwidth:1.95173e+07
cr:15.3796,iter:33,level:3,rank:0,datasize:8751,operation:Residual
Time:0.00253673,bytes:61032,bandwidth:2.40593e+07
cr:469.477,iter:33,level:4,rank:0,datasize:7629,operation:Pre-Smoothing
Time:0.00319694,bytes:61032,bandwidth:1.90907e+07
cr:11.2191,iter:33,level:4,rank:0,datasize:7629,operation:Residual
Time:0.00206236,bytes:49304,bandwidth:2.39066e+07
cr:379.262,iter:33,level:5,rank:0,datasize:6163,operation:Pre-Smoothing
Time:0.00301151,bytes:49304,bandwidth:1.63718e+07
cr:6.58968,iter:33,level:5,rank:0,datasize:6163,operation:Residual
Time:0.00196003,bytes:38856,bandwidth:1.98242e+07
cr:303.562,iter:33,level:6,rank:0,datasize:4857,operation:Pre-Smoothing
Time:0.00278237,bytes:38856,bandwidth:1.39651e+07
cr:5.56437,iter:33,level:6,rank:0,datasize:4857,operation:Residual
Time:0.000801777,bytes:30080,bandwidth:3.75167e+07
cr:281.121,iter:33,level:7,rank:0,datasize:3760,operation:Pre-Smoothing
Time:0.00188136,bytes:30080,bandwidth:1.59884e+07
cr:4.25099,iter:33,level:7,rank:0,datasize:3760,operation:Residual
Time:0.000663205,bytes:22464,bandwidth:3.38719e+07
cr:209.944,iter:33,level:8,rank:0,datasize:2808,operation:Pre-Smoothing
Time:0.0016147,bytes:22464,bandwidth:1.39122e+07
cr:3.36741,iter:33,level:8,rank:0,datasize:2808,operation:Residual
Time:0.000557304,bytes:15480,bandwidth:2.77766e+07
cr:144.673,iter:33,level:9,rank:0,datasize:1935,operation:Pre-Smoothing
Time:0.00143815,bytes:15480,bandwidth:1.07639e+07
cr:2.94801,iter:33,level:9,rank:0,datasize:1935,operation:Residual
Time:0.000432945,bytes:10424,bandwidth:2.4077e+07
cr:97.4206,iter:33,level:10,rank:0,datasize:1303,operation:Pre-Smoothing
Time:0.00113094,bytes:10424,bandwidth:9.21712e+06
cr:2.40795,iter:33,level:10,rank:0,datasize:1303,operation:Residual
Time:0.000359411,bytes:6616,bandwidth:1.84079e+07
cr:61.8318,iter:33,level:11,rank:0,datasize:827,operation:Pre-Smoothing
Time:0.000939546,bytes:6616,bandwidth:7.0417e+06
cr:1.86104,iter:33,level:11,rank:0,datasize:827,operation:Residual
Time:0.00031313,bytes:4040,bandwidth:1.2902e+07
cr:39.2233,iter:33,level:12,rank:0,datasize:505,operation:Pre-Smoothing
Time:0.000839025,bytes:4040,bandwidth:4.81511e+06
cr:1.49077,iter:33,level:12,rank:0,datasize:505,operation:Residual
Time:0.00029841,bytes:2320,bandwidth:7.77454e+06
cr:22.5243,iter:33,level:13,rank:0,datasize:290,operation:Pre-Smoothing
Time:0.000632294,bytes:2320,bandwidth:3.66918e+06
cr:1.38839,iter:33,level:13,rank:0,datasize:290,operation:Residual
Time:0.000105313,bytes:1160,bandwidth:1.10148e+07
cr:10.5455,iter:33,level:14,rank:0,datasize:145,operation:Pre-Smoothing
Time:0.000215534,bytes:1160,bandwidth:5.38198e+06
cr:1.45546,iter:33,level:14,rank:0,datasize:145,operation:Residual
Time:8.3629e-05,bytes:464,bandwidth:5.54831e+06
cr:4.21818,iter:33,level:15,rank:0,datasize:58,operation:Pre-Smoothing
Time:0.000130967,bytes:464,bandwidth:3.54288e+06
cr:1.17172,iter:33,level:15,rank:0,datasize:58,operation:Residual
Time:5.9852e-05,bytes:56,bandwidth:935641
cr:0.495575,iter:33,level:16,rank:0,datasize:7,operation:Interpolation
Time:0.000130117,bytes:464,bandwidth:3.56602e+06
cr:1.23077,iter:33,level:16,rank:0,datasize:58,operation:Post-smoothing
Time:8.5655e-05,bytes:200,bandwidth:2.33495e+06
cr:0.77821,iter:33,level:16,rank:0,datasize:25,operation:Interpolation
Time:0.000207245,bytes:1160,bandwidth:5.59724e+06
cr:1.4321,iter:33,level:16,rank:0,datasize:145,operation:Post-smoothing
Time:9.5923e-05,bytes:264,bandwidth:2.75221e+06
cr:0.819876,iter:33,level:16,rank:0,datasize:33,operation:Interpolation
Time:0.000648568,bytes:2320,bandwidth:3.57711e+06
cr:1.24597,iter:33,level:16,rank:0,datasize:290,operation:Post-smoothing
Time:0.000155557,bytes:440,bandwidth:2.82855e+06
cr:0.890688,iter:33,level:16,rank:0,datasize:55,operation:Interpolation
Time:0.000897721,bytes:4040,bandwidth:4.50028e+06
cr:1.25116,iter:33,level:16,rank:0,datasize:505,operation:Post-smoothing
Time:0.000241992,bytes:728,bandwidth:3.00836e+06
cr:0.99726,iter:33,level:16,rank:0,datasize:91,operation:Interpolation
SZ is downgraded to lossless mode.
SZ is downgraded to lossless mode.
Time:0.00109907,bytes:6616,bandwidth:6.01962e+06
cr:1.01894,iter:33,level:16,rank:0,datasize:827,operation:Post-smoothing
Time:0.000229531,bytes:1136,bandwidth:4.94922e+06
cr:0.951424,iter:33,level:16,rank:0,datasize:142,operation:Interpolation
SZ is downgraded to lossless mode.
SZ is downgraded to lossless mode.
Time:0.00134918,bytes:10424,bandwidth:7.72616e+06
cr:1.02568,iter:33,level:16,rank:0,datasize:1303,operation:Post-smoothing
Time:0.000673212,bytes:1744,bandwidth:2.59057e+06
cr:0.981429,iter:33,level:16,rank:0,datasize:218,operation:Interpolation
SZ is downgraded to lossless mode.
SZ is downgraded to lossless mode.
Time:0.00188533,bytes:15480,bandwidth:8.21076e+06
cr:1.02857,iter:33,level:16,rank:0,datasize:1935,operation:Post-smoothing
Time:0.000818994,bytes:2672,bandwidth:3.26254e+06
cr:0.995158,iter:33,level:16,rank:0,datasize:334,operation:Interpolation
SZ is downgraded to lossless mode.
Time:0.00200652,bytes:22464,bandwidth:1.11955e+07
cr:1.02947,iter:33,level:16,rank:0,datasize:2808,operation:Post-smoothing
SZ is downgraded to lossless mode.
SZ is downgraded to lossless mode.
Time:0.000966567,bytes:3768,bandwidth:3.89833e+06
cr:1.00587,iter:33,level:16,rank:0,datasize:471,operation:Interpolation
SZ is downgraded to lossless mode.
SZ is downgraded to lossless mode.
Time:0.00247906,bytes:30080,bandwidth:1.21336e+07
cr:1.02971,iter:33,level:16,rank:0,datasize:3760,operation:Post-smoothing
SZ is downgraded to lossless mode.
SZ is downgraded to lossless mode.
Time:0.00107261,bytes:4936,bandwidth:4.60187e+06
cr:1.01439,iter:33,level:16,rank:0,datasize:617,operation:Interpolation
Time:0.00508187,bytes:38856,bandwidth:7.64601e+06
cr:1.80064,iter:33,level:16,rank:0,datasize:4857,operation:Post-smoothing
SZ is downgraded to lossless mode.
SZ is downgraded to lossless mode.
Time:0.0012133,bytes:6584,bandwidth:5.42655e+06
cr:1.01778,iter:33,level:16,rank:0,datasize:823,operation:Interpolation
Time:0.00521939,bytes:49304,bandwidth:9.44631e+06
cr:1.96258,iter:33,level:16,rank:0,datasize:6163,operation:Post-smoothing
SZ is downgraded to lossless mode.
SZ is downgraded to lossless mode.
Time:0.00138069,bytes:9280,bandwidth:6.72129e+06
cr:1.02349,iter:33,level:16,rank:0,datasize:1160,operation:Interpolation
Time:0.00604597,bytes:61032,bandwidth:1.00947e+07
cr:2.27206,iter:33,level:16,rank:0,datasize:7629,operation:Post-smoothing
SZ is downgraded to lossless mode.
SZ is downgraded to lossless mode.
Time:0.00142129,bytes:12120,bandwidth:8.52749e+06
cr:1.02555,iter:33,level:16,rank:0,datasize:1515,operation:Interpolation
Time:0.00607211,bytes:70008,bandwidth:1.15294e+07
cr:2.58294,iter:33,level:16,rank:0,datasize:8751,operation:Post-smoothing
SZ is downgraded to lossless mode.
Time:0.00174009,bytes:16832,bandwidth:9.67308e+06
cr:1.02785,iter:33,level:16,rank:0,datasize:2104,operation:Interpolation
Time:0.00567194,bytes:64032,bandwidth:1.12893e+07
cr:2.87577,iter:33,level:16,rank:0,datasize:8004,operation:Post-smoothing
Time:0.0024406,bytes:21296,bandwidth:8.72574e+06
cr:2.03012,iter:33,level:16,rank:0,datasize:2662,operation:Interpolation
Time:0.00454381,bytes:50808,bandwidth:1.11818e+07
cr:3.55549,iter:33,level:16,rank:0,datasize:6351,operation:Post-smoothing
Time:0.0019826,bytes:19664,bandwidth:9.91831e+06
cr:2.64301,iter:33,level:16,rank:0,datasize:2458,operation:Interpolation
Time:0.00334351,bytes:40000,bandwidth:1.19635e+07
cr:1.06174,iter:33,level:16,rank:0,datasize:5000,operation:Post-smoothing
Time:0.00338258,bytes:40000,bandwidth:1.18253e+07
cr:1.06171,iter:33,level:16,rank:0,datasize:5000,operation:Residual-Norm
Time:0.00324196,bytes:40000,bandwidth:1.23382e+07
cr:1.06171,iter:34,level:0,rank:0,datasize:5000,operation:Pre-Smoothing
Time:0.00343163,bytes:40000,bandwidth:1.16563e+07
cr:1.06137,iter:34,level:0,rank:0,datasize:5000,operation:Residual
Time:0.00293488,bytes:50808,bandwidth:1.73118e+07
cr:390.831,iter:34,level:1,rank:0,datasize:6351,operation:Pre-Smoothing
Time:0.00296967,bytes:50808,bandwidth:1.7109e+07
cr:28.432,iter:34,level:1,rank:0,datasize:6351,operation:Residual
Time:0.00291178,bytes:64032,bandwidth:2.19906e+07
cr:492.554,iter:34,level:2,rank:0,datasize:8004,operation:Pre-Smoothing
Time:0.00344587,bytes:64032,bandwidth:1.85823e+07
cr:25.5006,iter:34,level:2,rank:0,datasize:8004,operation:Residual
Time:0.0029691,bytes:70008,bandwidth:2.35789e+07
cr:534.412,iter:34,level:3,rank:0,datasize:8751,operation:Pre-Smoothing
Time:0.00331405,bytes:70008,bandwidth:2.11246e+07
cr:16.403,iter:34,level:3,rank:0,datasize:8751,operation:Residual
Time:0.00264022,bytes:61032,bandwidth:2.31162e+07
cr:469.477,iter:34,level:4,rank:0,datasize:7629,operation:Pre-Smoothing
Time:0.0032336,bytes:61032,bandwidth:1.88743e+07
cr:11.6141,iter:34,level:4,rank:0,datasize:7629,operation:Residual
Time:0.00206812,bytes:49304,bandwidth:2.38401e+07
cr:379.262,iter:34,level:5,rank:0,datasize:6163,operation:Pre-Smoothing
Time:0.00282466,bytes:49304,bandwidth:1.74548e+07
cr:8.93674,iter:34,level:5,rank:0,datasize:6163,operation:Residual
Time:0.00192896,bytes:38856,bandwidth:2.01435e+07
cr:303.562,iter:34,level:6,rank:0,datasize:4857,operation:Pre-Smoothing
Time:0.00270646,bytes:38856,bandwidth:1.43568e+07
cr:6.63411,iter:34,level:6,rank:0,datasize:4857,operation:Residual
Time:0.000807197,bytes:30080,bandwidth:3.72648e+07
cr:281.121,iter:34,level:7,rank:0,datasize:3760,operation:Pre-Smoothing
Time:0.00199751,bytes:30080,bandwidth:1.50588e+07
cr:4.61067,iter:34,level:7,rank:0,datasize:3760,operation:Residual
Time:0.000619289,bytes:22464,bandwidth:3.62739e+07
cr:209.944,iter:34,level:8,rank:0,datasize:2808,operation:Pre-Smoothing
Time:0.00162241,bytes:22464,bandwidth:1.38461e+07
cr:3.54769,iter:34,level:8,rank:0,datasize:2808,operation:Residual
Time:0.000569741,bytes:15480,bandwidth:2.71702e+07
cr:144.673,iter:34,level:9,rank:0,datasize:1935,operation:Pre-Smoothing
Time:0.00154338,bytes:15480,bandwidth:1.00299e+07
cr:2.73934,iter:34,level:9,rank:0,datasize:1935,operation:Residual
Time:0.000440308,bytes:10424,bandwidth:2.36743e+07
cr:97.4206,iter:34,level:10,rank:0,datasize:1303,operation:Pre-Smoothing
Time:0.00126295,bytes:10424,bandwidth:8.25367e+06
cr:1.99235,iter:34,level:10,rank:0,datasize:1303,operation:Residual
Time:0.000370269,bytes:6616,bandwidth:1.78681e+07
cr:61.8318,iter:34,level:11,rank:0,datasize:827,operation:Pre-Smoothing
Time:0.000965285,bytes:6616,bandwidth:6.85393e+06
cr:1.74151,iter:34,level:11,rank:0,datasize:827,operation:Residual
Time:0.000331622,bytes:4040,bandwidth:1.21825e+07
cr:39.2233,iter:34,level:12,rank:0,datasize:505,operation:Pre-Smoothing
Time:0.000802575,bytes:4040,bandwidth:5.0338e+06
cr:1.61085,iter:34,level:12,rank:0,datasize:505,operation:Residual
Time:0.000297536,bytes:2320,bandwidth:7.79738e+06
cr:22.5243,iter:34,level:13,rank:0,datasize:290,operation:Pre-Smoothing
Time:0.000610927,bytes:2320,bandwidth:3.79751e+06
cr:1.44279,iter:34,level:13,rank:0,datasize:290,operation:Residual
Time:0.000109251,bytes:1160,bandwidth:1.06178e+07
cr:10.5455,iter:34,level:14,rank:0,datasize:145,operation:Pre-Smoothing
Time:0.000203208,bytes:1160,bandwidth:5.70844e+06
cr:1.53642,iter:34,level:14,rank:0,datasize:145,operation:Residual
Time:8.3103e-05,bytes:464,bandwidth:5.58343e+06
cr:4.21818,iter:34,level:15,rank:0,datasize:58,operation:Pre-Smoothing
Time:0.000125871,bytes:464,bandwidth:3.68631e+06
cr:1.16877,iter:34,level:15,rank:0,datasize:58,operation:Residual
Time:7.1692e-05,bytes:56,bandwidth:781119
cr:0.495575,iter:34,level:16,rank:0,datasize:7,operation:Interpolation
Time:0.000148312,bytes:464,bandwidth:3.12854e+06
cr:1.13725,iter:34,level:16,rank:0,datasize:58,operation:Post-smoothing
Time:8.5577e-05,bytes:200,bandwidth:2.33708e+06
cr:0.77821,iter:34,level:16,rank:0,datasize:25,operation:Interpolation
Time:0.00021024,bytes:1160,bandwidth:5.5175e+06
cr:1.44638,iter:34,level:16,rank:0,datasize:145,operation:Post-smoothing
Time:0.000102785,bytes:264,bandwidth:2.56847e+06
cr:0.819876,iter:34,level:16,rank:0,datasize:33,operation:Interpolation
Time:0.000638662,bytes:2320,bandwidth:3.63259e+06
cr:1.35514,iter:34,level:16,rank:0,datasize:290,operation:Post-smoothing
Time:0.000164808,bytes:440,bandwidth:2.66977e+06
cr:0.907216,iter:34,level:16,rank:0,datasize:55,operation:Interpolation
Time:0.000877024,bytes:4040,bandwidth:4.60649e+06
cr:1.28376,iter:34,level:16,rank:0,datasize:505,operation:Post-smoothing
Time:0.000243344,bytes:728,bandwidth:2.99165e+06
cr:1.01111,iter:34,level:16,rank:0,datasize:91,operation:Interpolation
SZ is downgraded to lossless mode.
Time:0.00115168,bytes:6616,bandwidth:5.74466e+06
cr:1.35407,iter:34,level:16,rank:0,datasize:827,operation:Post-smoothing
Time:0.000235844,bytes:1136,bandwidth:4.81674e+06
cr:0.951424,iter:34,level:16,rank:0,datasize:142,operation:Interpolation
SZ is downgraded to lossless mode.
SZ is downgraded to lossless mode.
Time:0.00144254,bytes:10424,bandwidth:7.22616e+06
cr:1.02538,iter:34,level:16,rank:0,datasize:1303,operation:Post-smoothing
Time:0.000685933,bytes:1744,bandwidth:2.54252e+06
cr:0.979225,iter:34,level:16,rank:0,datasize:218,operation:Interpolation
SZ is downgraded to lossless mode.
SZ is downgraded to lossless mode.
Time:0.00192301,bytes:15480,bandwidth:8.04988e+06
cr:1.02775,iter:34,level:16,rank:0,datasize:1935,operation:Post-smoothing
Time:0.000929965,bytes:2672,bandwidth:2.87323e+06
cr:1.02375,iter:34,level:16,rank:0,datasize:334,operation:Interpolation
SZ is downgraded to lossless mode.
SZ is downgraded to lossless mode.
Time:0.00200568,bytes:22464,bandwidth:1.12002e+07
cr:1.02975,iter:34,level:16,rank:0,datasize:2808,operation:Post-smoothing
SZ is downgraded to lossless mode.
Time:0.000895739,bytes:3768,bandwidth:4.20658e+06
cr:1.0083,iter:34,level:16,rank:0,datasize:471,operation:Interpolation
SZ is downgraded to lossless mode.
Time:0.00308792,bytes:30080,bandwidth:9.74118e+06
cr:1.9266,iter:34,level:16,rank:0,datasize:3760,operation:Post-smoothing
SZ is downgraded to lossless mode.
Time:0.0010089,bytes:4936,bandwidth:4.89247e+06
cr:1.01418,iter:34,level:16,rank:0,datasize:617,operation:Interpolation
SZ is downgraded to lossless mode.
Time:0.00497958,bytes:38856,bandwidth:7.80307e+06
cr:1.84659,iter:34,level:16,rank:0,datasize:4857,operation:Post-smoothing
SZ is downgraded to lossless mode.
SZ is downgraded to lossless mode.
Time:0.00120045,bytes:6584,bandwidth:5.48461e+06
cr:1.01793,iter:34,level:16,rank:0,datasize:823,operation:Interpolation
Time:0.00483224,bytes:49304,bandwidth:1.02031e+07
cr:2.12398,iter:34,level:16,rank:0,datasize:6163,operation:Post-smoothing
SZ is downgraded to lossless mode.
SZ is downgraded to lossless mode.
Time:0.00140352,bytes:9280,bandwidth:6.61196e+06
cr:1.02417,iter:34,level:16,rank:0,datasize:1160,operation:Interpolation
Time:0.00543519,bytes:61032,bandwidth:1.1229e+07
cr:2.7922,iter:34,level:16,rank:0,datasize:7629,operation:Post-smoothing
SZ is downgraded to lossless mode.
Time:0.0013473,bytes:12120,bandwidth:8.99576e+06
cr:1.02512,iter:34,level:16,rank:0,datasize:1515,operation:Interpolation
SZ is downgraded to lossless mode.
Time:0.00587635,bytes:70008,bandwidth:1.19135e+07
cr:2.7196,iter:34,level:16,rank:0,datasize:8751,operation:Post-smoothing
SZ is downgraded to lossless mode.
Time:0.00195173,bytes:16832,bandwidth:8.62413e+06
cr:1.81145,iter:34,level:16,rank:0,datasize:2104,operation:Interpolation
Time:0.00554228,bytes:64032,bandwidth:1.15534e+07
cr:2.98977,iter:34,level:16,rank:0,datasize:8004,operation:Post-smoothing
Time:0.00221074,bytes:21296,bandwidth:9.63296e+06
cr:2.4189,iter:34,level:16,rank:0,datasize:2662,operation:Interpolation
Time:0.005164,bytes:50808,bandwidth:9.83888e+06
cr:2.9362,iter:34,level:16,rank:0,datasize:6351,operation:Post-smoothing
Time:0.00217193,bytes:19664,bandwidth:9.05371e+06
cr:2.44699,iter:34,level:16,rank:0,datasize:2458,operation:Interpolation
Time:0.00382581,bytes:40000,bandwidth:1.04553e+07
cr:1.06233,iter:34,level:16,rank:0,datasize:5000,operation:Post-smoothing
Time:0.00327416,bytes:40000,bandwidth:1.22169e+07
cr:1.06205,iter:34,level:16,rank:0,datasize:5000,operation:Residual-Norm
Time:0.00324812,bytes:40000,bandwidth:1.23148e+07
cr:1.06205,iter:35,level:0,rank:0,datasize:5000,operation:Pre-Smoothing
Time:0.00320697,bytes:40000,bandwidth:1.24728e+07
cr:1.06216,iter:35,level:0,rank:0,datasize:5000,operation:Residual
Time:0.00248428,bytes:50808,bandwidth:2.04518e+07
cr:390.831,iter:35,level:1,rank:0,datasize:6351,operation:Pre-Smoothing
Time:0.0029762,bytes:50808,bandwidth:1.70715e+07
cr:30.6997,iter:35,level:1,rank:0,datasize:6351,operation:Residual
Time:0.00298256,bytes:64032,bandwidth:2.14688e+07
cr:492.554,iter:35,level:2,rank:0,datasize:8004,operation:Pre-Smoothing
Time:0.00339855,bytes:64032,bandwidth:1.8841e+07
cr:27.6716,iter:35,level:2,rank:0,datasize:8004,operation:Residual
Time:0.00295403,bytes:70008,bandwidth:2.36992e+07
cr:534.412,iter:35,level:3,rank:0,datasize:8751,operation:Pre-Smoothing
Time:0.00323014,bytes:70008,bandwidth:2.16733e+07
cr:17.2518,iter:35,level:3,rank:0,datasize:8751,operation:Residual
Time:0.00260862,bytes:61032,bandwidth:2.33963e+07
cr:469.477,iter:35,level:4,rank:0,datasize:7629,operation:Pre-Smoothing
Time:0.00339991,bytes:61032,bandwidth:1.79511e+07
cr:11.0146,iter:35,level:4,rank:0,datasize:7629,operation:Residual
Time:0.00206181,bytes:49304,bandwidth:2.3913e+07
cr:379.262,iter:35,level:5,rank:0,datasize:6163,operation:Pre-Smoothing
Time:0.00278082,bytes:49304,bandwidth:1.773e+07
cr:9.35205,iter:35,level:5,rank:0,datasize:6163,operation:Residual
Time:0.00194791,bytes:38856,bandwidth:1.99475e+07
cr:303.562,iter:35,level:6,rank:0,datasize:4857,operation:Pre-Smoothing
Time:0.00260703,bytes:38856,bandwidth:1.49043e+07
cr:6.94477,iter:35,level:6,rank:0,datasize:4857,operation:Residual
Time:0.000807323,bytes:30080,bandwidth:3.72589e+07
cr:281.121,iter:35,level:7,rank:0,datasize:3760,operation:Pre-Smoothing
Time:0.00170024,bytes:30080,bandwidth:1.76916e+07
cr:5.45323,iter:35,level:7,rank:0,datasize:3760,operation:Residual
Time:0.000621306,bytes:22464,bandwidth:3.61561e+07
cr:209.944,iter:35,level:8,rank:0,datasize:2808,operation:Pre-Smoothing
Time:0.00152154,bytes:22464,bandwidth:1.4764e+07
cr:3.72599,iter:35,level:8,rank:0,datasize:2808,operation:Residual
Time:0.000581454,bytes:15480,bandwidth:2.66229e+07
cr:144.673,iter:35,level:9,rank:0,datasize:1935,operation:Pre-Smoothing
Time:0.00146466,bytes:15480,bandwidth:1.0569e+07
cr:2.85609,iter:35,level:9,rank:0,datasize:1935,operation:Residual
Time:0.000461893,bytes:10424,bandwidth:2.2568e+07
cr:97.4206,iter:35,level:10,rank:0,datasize:1303,operation:Pre-Smoothing
Time:0.00114456,bytes:10424,bandwidth:9.10746e+06
cr:2.59239,iter:35,level:10,rank:0,datasize:1303,operation:Residual
Time:0.000384887,bytes:6616,bandwidth:1.71895e+07
cr:61.8318,iter:35,level:11,rank:0,datasize:827,operation:Pre-Smoothing
Time:0.000952904,bytes:6616,bandwidth:6.94299e+06
cr:1.76757,iter:35,level:11,rank:0,datasize:827,operation:Residual
Time:0.00034251,bytes:4040,bandwidth:1.17953e+07
cr:39.2233,iter:35,level:12,rank:0,datasize:505,operation:Pre-Smoothing
Time:0.000794169,bytes:4040,bandwidth:5.08708e+06
cr:1.59684,iter:35,level:12,rank:0,datasize:505,operation:Residual
Time:0.000304163,bytes:2320,bandwidth:7.62749e+06
cr:22.5243,iter:35,level:13,rank:0,datasize:290,operation:Pre-Smoothing
Time:0.000586352,bytes:2320,bandwidth:3.95667e+06
cr:1.6156,iter:35,level:13,rank:0,datasize:290,operation:Residual
Time:0.000106338,bytes:1160,bandwidth:1.09086e+07
cr:10.5455,iter:35,level:14,rank:0,datasize:145,operation:Pre-Smoothing
Time:0.000215937,bytes:1160,bandwidth:5.37194e+06
cr:1.52632,iter:35,level:14,rank:0,datasize:145,operation:Residual
Time:8.5642e-05,bytes:464,bandwidth:5.4179e+06
cr:4.21818,iter:35,level:15,rank:0,datasize:58,operation:Pre-Smoothing
Time:0.000137116,bytes:464,bandwidth:3.384e+06
cr:1.20833,iter:35,level:15,rank:0,datasize:58,operation:Residual
Time:6.1013e-05,bytes:56,bandwidth:917837
cr:0.495575,iter:35,level:16,rank:0,datasize:7,operation:Interpolation
Time:0.000131835,bytes:464,bandwidth:3.51955e+06
cr:1.16877,iter:35,level:16,rank:0,datasize:58,operation:Post-smoothing
Time:8.2437e-05,bytes:200,bandwidth:2.4261e+06
cr:0.77821,iter:35,level:16,rank:0,datasize:25,operation:Interpolation
Time:0.000203658,bytes:1160,bandwidth:5.69582e+06
cr:1.53439,iter:35,level:16,rank:0,datasize:145,operation:Post-smoothing
Time:0.000102142,bytes:264,bandwidth:2.58464e+06
cr:0.819876,iter:35,level:16,rank:0,datasize:33,operation:Interpolation
Time:0.000627901,bytes:2320,bandwidth:3.69485e+06
cr:1.3859,iter:35,level:16,rank:0,datasize:290,operation:Post-smoothing
Time:0.000156737,bytes:440,bandwidth:2.80725e+06
cr:0.912863,iter:35,level:16,rank:0,datasize:55,operation:Interpolation
Time:0.00090729,bytes:4040,bandwidth:4.45282e+06
cr:1.21907,iter:35,level:16,rank:0,datasize:505,operation:Post-smoothing
Time:0.00023403,bytes:728,bandwidth:3.11071e+06
cr:0.993179,iter:35,level:16,rank:0,datasize:91,operation:Interpolation
SZ is downgraded to lossless mode.
Time:0.00116746,bytes:6616,bandwidth:5.667e+06
cr:1.32056,iter:35,level:16,rank:0,datasize:827,operation:Post-smoothing
Time:0.000298044,bytes:1136,bandwidth:3.81152e+06
cr:0.95302,iter:35,level:16,rank:0,datasize:142,operation:Interpolation
SZ is downgraded to lossless mode.
SZ is downgraded to lossless mode.
Time:0.00129674,bytes:10424,bandwidth:8.03863e+06
cr:1.02508,iter:35,level:16,rank:0,datasize:1303,operation:Post-smoothing
Time:0.00067691,bytes:1744,bandwidth:2.57641e+06
cr:0.969967,iter:35,level:16,rank:0,datasize:218,operation:Interpolation
SZ is downgraded to lossless mode.
SZ is downgraded to lossless mode.
Time:0.00170527,bytes:15480,bandwidth:9.07775e+06
cr:1.027,iter:35,level:16,rank:0,datasize:1935,operation:Post-smoothing
Time:0.000929746,bytes:2672,bandwidth:2.8739e+06
cr:0.989996,iter:35,level:16,rank:0,datasize:334,operation:Interpolation
SZ is downgraded to lossless mode.
Time:0.00188003,bytes:SZ is downgraded to lossless mode.
22464,bandwidth:1.19487e+07
cr:1.02909,iter:35,level:16,rank:0,datasize:2808,operation:Post-smoothing
SZ is downgraded to lossless mode.
Time:0.000914241,bytes:3768,bandwidth:4.12145e+06
cr:1.00507,iter:35,level:16,rank:0,datasize:471,operation:Interpolation
Time:0.00310052,bytes:30080,bandwidth:9.7016e+06
cr:1.7955,iter:35,level:16,rank:0,datasize:3760,operation:Post-smoothing
SZ is downgraded to lossless mode.
Time:0.000941793,bytes:4936,bandwidth:5.24107e+06
cr:1.01314,iter:35,level:16,rank:0,datasize:617,operation:Interpolation
SZ is downgraded to lossless mode.
Time:0.00481312,bytes:38856,bandwidth:8.07294e+06
cr:1.93776,iter:35,level:16,rank:0,datasize:4857,operation:Post-smoothing
SZ is downgraded to lossless mode.
SZ is downgraded to lossless mode.
Time:0.00116113,bytes:6584,bandwidth:5.67036e+06
cr:1.01983,iter:35,level:16,rank:0,datasize:823,operation:Interpolation
Time:0.00476114,bytes:49304,bandwidth:1.03555e+07
cr:2.21015,iter:35,level:16,rank:0,datasize:6163,operation:Post-smoothing
SZ is downgraded to lossless mode.
SZ is downgraded to lossless mode.
Time:0.0013593,bytes:9280,bandwidth:6.82703e+06
cr:1.02327,iter:35,level:16,rank:0,datasize:1160,operation:Interpolation
Time:0.00577534,bytes:61032,bandwidth:1.05677e+07
cr:2.45384,iter:35,level:16,rank:0,datasize:7629,operation:Post-smoothing
SZ is downgraded to lossless mode.
Time:0.00133331,bytes:12120,bandwidth:9.09016e+06
cr:1.02651,iter:35,level:16,rank:0,datasize:1515,operation:Interpolation
SZ is downgraded to lossless mode.
Time:0.00575145,bytes:70008,bandwidth:1.21722e+07
cr:2.79987,iter:35,level:16,rank:0,datasize:8751,operation:Post-smoothing
Time:0.00203983,bytes:16832,bandwidth:8.25168e+06
cr:1.70192,iter:35,level:16,rank:0,datasize:2104,operation:Interpolation
Time:0.00542615,bytes:64032,bandwidth:1.18006e+07
cr:3.0573,iter:35,level:16,rank:0,datasize:8004,operation:Post-smoothing
Time:0.00229926,bytes:21296,bandwidth:9.26209e+06
cr:2.18959,iter:35,level:16,rank:0,datasize:2662,operation:Interpolation
Time:0.00470002,bytes:50808,bandwidth:1.08102e+07
cr:3.33451,iter:35,level:16,rank:0,datasize:6351,operation:Post-smoothing
Time:0.00186274,bytes:19664,bandwidth:1.05565e+07
cr:2.87233,iter:35,level:16,rank:0,datasize:2458,operation:Interpolation
Time:0.00388952,bytes:40000,bandwidth:1.0284e+07
cr:1.06177,iter:35,level:16,rank:0,datasize:5000,operation:Post-smoothing
Time:0.00327203,bytes:40000,bandwidth:1.22248e+07
cr:1.06151,iter:35,level:16,rank:0,datasize:5000,operation:Residual-Norm
Time:0.00318697,bytes:40000,bandwidth:1.25511e+07
cr:1.06151,iter:36,level:0,rank:0,datasize:5000,operation:Pre-Smoothing
Time:0.00325011,bytes:40000,bandwidth:1.23073e+07
cr:1.06188,iter:36,level:0,rank:0,datasize:5000,operation:Residual
Time:0.00255425,bytes:50808,bandwidth:1.98916e+07
cr:390.831,iter:36,level:1,rank:0,datasize:6351,operation:Pre-Smoothing
Time:0.00296799,bytes:50808,bandwidth:1.71187e+07
cr:33.3605,iter:36,level:1,rank:0,datasize:6351,operation:Residual
Time:0.0029008,bytes:64032,bandwidth:2.20739e+07
cr:492.554,iter:36,level:2,rank:0,datasize:8004,operation:Pre-Smoothing
Time:0.00335859,bytes:64032,bandwidth:1.90651e+07
cr:29.9635,iter:36,level:2,rank:0,datasize:8004,operation:Residual
Time:0.00310557,bytes:70008,bandwidth:2.25427e+07
cr:534.412,iter:36,level:3,rank:0,datasize:8751,operation:Pre-Smoothing
Time:0.00317656,bytes:70008,bandwidth:2.20389e+07
cr:18.3315,iter:36,level:3,rank:0,datasize:8751,operation:Residual
Time:0.00254778,bytes:61032,bandwidth:2.39549e+07
cr:469.477,iter:36,level:4,rank:0,datasize:7629,operation:Pre-Smoothing
Time:0.00318824,bytes:61032,bandwidth:1.91428e+07
cr:13.0215,iter:36,level:4,rank:0,datasize:7629,operation:Residual
Time:0.00204183,bytes:49304,bandwidth:2.41469e+07
cr:379.262,iter:36,level:5,rank:0,datasize:6163,operation:Pre-Smoothing
Time:0.00293769,bytes:49304,bandwidth:1.67833e+07
cr:8.87721,iter:36,level:5,rank:0,datasize:6163,operation:Residual
Time:0.00194688,bytes:38856,bandwidth:1.99581e+07
cr:303.562,iter:36,level:6,rank:0,datasize:4857,operation:Pre-Smoothing
Time:0.00271204,bytes:38856,bandwidth:1.43272e+07
cr:7.30513,iter:36,level:6,rank:0,datasize:4857,operation:Residual
Time:0.000823342,bytes:30080,bandwidth:3.6534e+07
cr:281.121,iter:36,level:7,rank:0,datasize:3760,operation:Pre-Smoothing
Time:0.00167138,bytes:30080,bandwidth:1.79971e+07
cr:5.73608,iter:36,level:7,rank:0,datasize:3760,operation:Residual
Time:0.000646079,bytes:22464,bandwidth:3.47697e+07
cr:209.944,iter:36,level:8,rank:0,datasize:2808,operation:Pre-Smoothing
Time:0.001494,bytes:22464,bandwidth:1.50361e+07
cr:3.95841,iter:36,level:8,rank:0,datasize:2808,operation:Residual
Time:0.000601037,bytes:15480,bandwidth:2.57555e+07
cr:144.673,iter:36,level:9,rank:0,datasize:1935,operation:Pre-Smoothing
Time:0.0014453,bytes:15480,bandwidth:1.07105e+07
cr:3.0199,iter:36,level:9,rank:0,datasize:1935,operation:Residual
Time:0.000434489,bytes:10424,bandwidth:2.39914e+07
cr:97.4206,iter:36,level:10,rank:0,datasize:1303,operation:Pre-Smoothing
Time:0.0011201,bytes:10424,bandwidth:9.30631e+06
cr:2.41912,iter:36,level:10,rank:0,datasize:1303,operation:Residual
Time:0.00036241,bytes:6616,bandwidth:1.82556e+07
cr:61.8318,iter:36,level:11,rank:0,datasize:827,operation:Pre-Smoothing
Time:0.000882768,bytes:6616,bandwidth:7.49461e+06
cr:2.15085,iter:36,level:11,rank:0,datasize:827,operation:Residual
Time:0.000328467,bytes:4040,bandwidth:1.22996e+07
cr:39.2233,iter:36,level:12,rank:0,datasize:505,operation:Pre-Smoothing
Time:0.000771187,bytes:4040,bandwidth:5.23868e+06
cr:1.71477,iter:36,level:12,rank:0,datasize:505,operation:Residual
Time:0.000296633,bytes:2320,bandwidth:7.82111e+06
cr:22.5243,iter:36,level:13,rank:0,datasize:290,operation:Pre-Smoothing
Time:0.000594873,bytes:2320,bandwidth:3.89999e+06
cr:1.55288,iter:36,level:13,rank:0,datasize:290,operation:Residual
Time:0.000104943,bytes:1160,bandwidth:1.10536e+07
cr:10.5455,iter:36,level:14,rank:0,datasize:145,operation:Pre-Smoothing
Time:0.000203018,bytes:1160,bandwidth:5.71378e+06
cr:1.58687,iter:36,level:14,rank:0,datasize:145,operation:Residual
Time:8.2135e-05,bytes:464,bandwidth:5.64924e+06
cr:4.21818,iter:36,level:15,rank:0,datasize:58,operation:Pre-Smoothing
Time:0.000119133,bytes:464,bandwidth:3.89481e+06
cr:1.32194,iter:36,level:15,rank:0,datasize:58,operation:Residual
Time:6.5859e-05,bytes:56,bandwidth:850301
cr:0.495575,iter:36,level:16,rank:0,datasize:7,operation:Interpolation
Time:0.000135306,bytes:464,bandwidth:3.42926e+06
cr:1.20519,iter:36,level:16,rank:0,datasize:58,operation:Post-smoothing
Time:8.2877e-05,bytes:200,bandwidth:2.41321e+06
cr:0.77821,iter:36,level:16,rank:0,datasize:25,operation:Interpolation
Time:0.000198195,bytes:1160,bandwidth:5.85282e+06
cr:1.47395,iter:36,level:16,rank:0,datasize:145,operation:Post-smoothing
Time:9.6041e-05,bytes:264,bandwidth:2.74883e+06
cr:0.819876,iter:36,level:16,rank:0,datasize:33,operation:Interpolation
Time:0.000626721,bytes:2320,bandwidth:3.70181e+06
cr:1.34337,iter:36,level:16,rank:0,datasize:290,operation:Post-smoothing
Time:0.00015609,bytes:440,bandwidth:2.81889e+06
cr:0.90535,iter:36,level:16,rank:0,datasize:55,operation:Interpolation
Time:0.000861198,bytes:4040,bandwidth:4.69114e+06
cr:1.39071,iter:36,level:16,rank:0,datasize:505,operation:Post-smoothing
Time:0.000241031,bytes:728,bandwidth:3.02036e+06
cr:1.0268,iter:36,level:16,rank:0,datasize:91,operation:Interpolation
Time:0.00118283,bytes:6616,bandwidth:5.59336e+06
cr:1.32985,iter:36,level:16,rank:0,datasize:827,operation:Post-smoothing
Time:0.000272192,bytes:1136,bandwidth:4.17352e+06
cr:1.14171,iter:36,level:16,rank:0,datasize:142,operation:Interpolation
SZ is downgraded to lossless mode.
Time:0.00121444,bytes:10424,bandwidth:8.58339e+06
cr:1.02417,iter:36,level:16,rank:0,datasize:1303,operation:Post-smoothing
Time:0.000672016,bytes:1744,bandwidth:2.59518e+06
cr:0.984754,iter:36,level:16,rank:0,datasize:218,operation:Interpolation
SZ is downgraded to lossless mode.
SZ is downgraded to lossless mode.
Time:0.00167788,bytes:15480,bandwidth:9.22593e+06
cr:1.02734,iter:36,level:16,rank:0,datasize:1935,operation:Post-smoothing
Time:0.000836258,bytes:2672,bandwidth:3.19519e+06
cr:1.03007,iter:36,level:16,rank:0,datasize:334,operation:Interpolation
Time:0.00236938,bytes:22464,bandwidth:9.48096e+06
cr:1.74099,iter:36,level:16,rank:0,datasize:2808,operation:Post-smoothing
SZ is downgraded to lossless mode.
Time:0.000907065,bytes:3768,bandwidth:4.15406e+06
cr:1.00587,iter:36,level:16,rank:0,datasize:471,operation:Interpolation
Time:0.00312202,bytes:30080,bandwidth:9.63477e+06
cr:1.88141,iter:36,level:16,rank:0,datasize:3760,operation:Post-smoothing
SZ is downgraded to lossless mode.
SZ is downgraded to lossless mode.
Time:0.000927935,bytes:4936,bandwidth:5.31934e+06
cr:1.01251,iter:36,level:16,rank:0,datasize:617,operation:Interpolation
Time:0.0048093,bytes:38856,bandwidth:8.07935e+06
cr:2.00868,iter:36,level:16,rank:0,datasize:4857,operation:Post-smoothing
SZ is downgraded to lossless mode.
SZ is downgraded to lossless mode.
Time:0.00110687,bytes:6584,bandwidth:5.94831e+06
cr:1.01904,iter:36,level:16,rank:0,datasize:823,operation:Interpolation
Time:0.0043389,bytes:49304,bandwidth:1.13632e+07
cr:2.63221,iter:36,level:16,rank:0,datasize:6163,operation:Post-smoothing
SZ is downgraded to lossless mode.
SZ is downgraded to lossless mode.
Time:0.00131447,bytes:9280,bandwidth:7.05989e+06
cr:1.02293,iter:36,level:16,rank:0,datasize:1160,operation:Interpolation
Time:0.00545554,bytes:61032,bandwidth:1.11872e+07
cr:2.63546,iter:36,level:16,rank:0,datasize:7629,operation:Post-smoothing
SZ is downgraded to lossless mode.
SZ is downgraded to lossless mode.
Time:0.00130053,bytes:12120,bandwidth:9.31928e+06
cr:1.02503,iter:36,level:16,rank:0,datasize:1515,operation:Interpolation
Time:0.00567145,bytes:70008,bandwidth:1.23439e+07
cr:2.92394,iter:36,level:16,rank:0,datasize:8751,operation:Post-smoothing
Time:0.00221751,bytes:16832,bandwidth:7.59049e+06
cr:2.02697,iter:36,level:16,rank:0,datasize:2104,operation:Interpolation
Time:0.0053841,bytes:64032,bandwidth:1.18928e+07
cr:3.14839,iter:36,level:16,rank:0,datasize:8004,operation:Post-smoothing
Time:0.00216335,bytes:21296,bandwidth:9.84397e+06
cr:2.63564,iter:36,level:16,rank:0,datasize:2662,operation:Interpolation
Time:0.0047339,bytes:50808,bandwidth:1.07328e+07
cr:3.4346,iter:36,level:16,rank:0,datasize:6351,operation:Post-smoothing
Time:0.00212563,bytes:19664,bandwidth:9.25092e+06
cr:3.06007,iter:36,level:16,rank:0,datasize:2458,operation:Interpolation
Time:0.00498743,bytes:40000,bandwidth:8.02016e+06
cr:1.06228,iter:36,level:16,rank:0,datasize:5000,operation:Post-smoothing
Time:0.00334135,bytes:40000,bandwidth:1.19712e+07
cr:1.06264,iter:36,level:16,rank:0,datasize:5000,operation:Residual-Norm
Time:0.00316998,bytes:40000,bandwidth:1.26184e+07
cr:1.06264,iter:37,level:0,rank:0,datasize:5000,operation:Pre-Smoothing
Time:0.00321867,bytes:40000,bandwidth:1.24275e+07
cr:1.06213,iter:37,level:0,rank:0,datasize:5000,operation:Residual
Time:0.0024586,bytes:50808,bandwidth:2.06655e+07
cr:390.831,iter:37,level:1,rank:0,datasize:6351,operation:Pre-Smoothing
Time:0.00293327,bytes:50808,bandwidth:1.73213e+07
cr:34.5868,iter:37,level:1,rank:0,datasize:6351,operation:Residual
Time:0.00289752,bytes:64032,bandwidth:2.20989e+07
cr:492.554,iter:37,level:2,rank:0,datasize:8004,operation:Pre-Smoothing
Time:0.0033564,bytes:64032,bandwidth:1.90776e+07
cr:32.2742,iter:37,level:2,rank:0,datasize:8004,operation:Residual
Time:0.00294085,bytes:70008,bandwidth:2.38054e+07
cr:534.412,iter:37,level:3,rank:0,datasize:8751,operation:Pre-Smoothing
Time:0.00324714,bytes:70008,bandwidth:2.15599e+07
cr:19.4305,iter:37,level:3,rank:0,datasize:8751,operation:Residual
Time:0.00255956,bytes:61032,bandwidth:2.38447e+07
cr:469.477,iter:37,level:4,rank:0,datasize:7629,operation:Pre-Smoothing
Time:0.0031692,bytes:61032,bandwidth:1.92579e+07
cr:12.1578,iter:37,level:4,rank:0,datasize:7629,operation:Residual
Time:0.00206121,bytes:49304,bandwidth:2.39199e+07
cr:379.262,iter:37,level:5,rank:0,datasize:6163,operation:Pre-Smoothing
Time:0.00282353,bytes:49304,bandwidth:1.74618e+07
cr:10.2121,iter:37,level:5,rank:0,datasize:6163,operation:Residual
Time:0.00203193,bytes:38856,bandwidth:1.91227e+07
cr:303.562,iter:37,level:6,rank:0,datasize:4857,operation:Pre-Smoothing
Time:0.00262916,bytes:38856,bandwidth:1.47788e+07
cr:6.78115,iter:37,level:6,rank:0,datasize:4857,operation:Residual
Time:0.000834246,bytes:30080,bandwidth:3.60565e+07
cr:281.121,iter:37,level:7,rank:0,datasize:3760,operation:Pre-Smoothing
Time:0.00184241,bytes:30080,bandwidth:1.63264e+07
cr:4.48487,iter:37,level:7,rank:0,datasize:3760,operation:Residual
Time:0.000629501,bytes:22464,bandwidth:3.56854e+07
cr:209.944,iter:37,level:8,rank:0,datasize:2808,operation:Pre-Smoothing
Time:0.00150751,bytes:22464,bandwidth:1.49014e+07
cr:4.02942,iter:37,level:8,rank:0,datasize:2808,operation:Residual
Time:0.000594909,bytes:15480,bandwidth:2.60208e+07
cr:144.673,iter:37,level:9,rank:0,datasize:1935,operation:Pre-Smoothing
Time:0.00136546,bytes:15480,bandwidth:1.13368e+07
cr:3.21362,iter:37,level:9,rank:0,datasize:1935,operation:Residual
Time:0.000449276,bytes:10424,bandwidth:2.32018e+07
cr:97.4206,iter:37,level:10,rank:0,datasize:1303,operation:Pre-Smoothing
Time:0.00104618,bytes:10424,bandwidth:9.96386e+06
cr:2.84188,iter:37,level:10,rank:0,datasize:1303,operation:Residual
Time:0.000400332,bytes:6616,bandwidth:1.65263e+07
cr:61.8318,iter:37,level:11,rank:0,datasize:827,operation:Pre-Smoothing
Time:0.000926384,bytes:6616,bandwidth:7.14175e+06
cr:1.94817,iter:37,level:11,rank:0,datasize:827,operation:Residual
Time:0.000329924,bytes:4040,bandwidth:1.22452e+07
cr:39.2233,iter:37,level:12,rank:0,datasize:505,operation:Pre-Smoothing
Time:0.000769567,bytes:4040,bandwidth:5.24971e+06
cr:1.76651,iter:37,level:12,rank:0,datasize:505,operation:Residual
Time:0.000299021,bytes:2320,bandwidth:7.75865e+06
cr:22.5243,iter:37,level:13,rank:0,datasize:290,operation:Pre-Smoothing
Time:0.000589486,bytes:2320,bandwidth:3.93563e+06
cr:1.60999,iter:37,level:13,rank:0,datasize:290,operation:Residual
Time:0.000109764,bytes:1160,bandwidth:1.05681e+07
cr:10.5455,iter:37,level:14,rank:0,datasize:145,operation:Pre-Smoothing
Time:0.000204637,bytes:1160,bandwidth:5.66857e+06
cr:1.54255,iter:37,level:14,rank:0,datasize:145,operation:Residual
Time:8.4468e-05,bytes:464,bandwidth:5.4932e+06
cr:4.21818,iter:37,level:15,rank:0,datasize:58,operation:Pre-Smoothing
Time:0.000121957,bytes:464,bandwidth:3.80462e+06
cr:1.37685,iter:37,level:15,rank:0,datasize:58,operation:Residual
Time:6.7139e-05,bytes:56,bandwidth:834090
cr:0.495575,iter:37,level:16,rank:0,datasize:7,operation:Interpolation
Time:0.000151931,bytes:464,bandwidth:3.05402e+06
cr:1.32951,iter:37,level:16,rank:0,datasize:58,operation:Post-smoothing
Time:8.7014e-05,bytes:200,bandwidth:2.29848e+06
cr:0.77821,iter:37,level:16,rank:0,datasize:25,operation:Interpolation
Time:0.000196403,bytes:1160,bandwidth:5.90622e+06
cr:1.55705,iter:37,level:16,rank:0,datasize:145,operation:Post-smoothing
Time:0.000120081,bytes:264,bandwidth:2.19852e+06
cr:0.848875,iter:37,level:16,rank:0,datasize:33,operation:Interpolation
Time:0.000623582,bytes:2320,bandwidth:3.72044e+06
cr:1.35752,iter:37,level:16,rank:0,datasize:290,operation:Post-smoothing
Time:0.000169556,bytes:440,bandwidth:2.59501e+06
cr:0.92437,iter:37,level:16,rank:0,datasize:55,operation:Interpolation
Time:0.000874175,bytes:4040,bandwidth:4.6215e+06
cr:1.4018,iter:37,level:16,rank:0,datasize:505,operation:Post-smoothing
Time:0.000237221,bytes:728,bandwidth:3.06887e+06
cr:1.01111,iter:37,level:16,rank:0,datasize:91,operation:Interpolation
Time:0.00116095,bytes:6616,bandwidth:5.69878e+06
cr:1.43111,iter:37,level:16,rank:0,datasize:827,operation:Post-smoothing
Time:0.000284829,bytes:1136,bandwidth:3.98836e+06
cr:0.95382,iter:37,level:16,rank:0,datasize:142,operation:Interpolation
SZ is downgraded to lossless mode.
Time:0.00123775,bytes:10424,bandwidth:8.42176e+06
cr:1.02487,iter:37,level:16,rank:0,datasize:1303,operation:Post-smoothing
Time:0.000665265,bytes:1744,bandwidth:2.62151e+06
cr:0.997141,iter:37,level:16,rank:0,datasize:218,operation:Interpolation
SZ is downgraded to lossless mode.
Time:0.0016395,bytes:15480,bandwidth:9.44191e+06
cr:1.02843,iter:37,level:16,rank:0,datasize:1935,operation:Post-smoothing
Time:0.000876918,bytes:2672,bandwidth:3.04704e+06
cr:1.02533,iter:37,level:16,rank:0,datasize:334,operation:Interpolation
Time:0.00232134,bytes:22464,bandwidth:9.67719e+06
cr:1.82412,iter:37,level:16,rank:0,datasize:2808,operation:Post-smoothing
Time:0.000974674,bytes:3768,bandwidth:3.86591e+06
cr:1.07997,iter:37,level:16,rank:0,datasize:471,operation:Interpolation
Time:0.00309657,bytes:30080,bandwidth:9.71396e+06
cr:1.97687,iter:37,level:16,rank:0,datasize:3760,operation:Post-smoothing
SZ is downgraded to lossless mode.
SZ is downgraded to lossless mode.
Time:0.000922147,bytes:4936,bandwidth:5.35273e+06
cr:1.01334,iter:37,level:16,rank:0,datasize:617,operation:Interpolation
Time:0.00455738,bytes:38856,bandwidth:8.52595e+06
cr:2.15209,iter:37,level:16,rank:0,datasize:4857,operation:Post-smoothing
SZ is downgraded to lossless mode.
SZ is downgraded to lossless mode.
Time:0.00117163,bytes:6584,bandwidth:5.61951e+06
cr:1.01809,iter:37,level:16,rank:0,datasize:823,operation:Interpolation
Time:0.00458248,bytes:49304,bandwidth:1.07592e+07
cr:2.3769,iter:37,level:16,rank:0,datasize:6163,operation:Post-smoothing
SZ is downgraded to lossless mode.
SZ is downgraded to lossless mode.
Time:0.00129539,bytes:9280,bandwidth:7.16387e+06
cr:1.02225,iter:37,level:16,rank:0,datasize:1160,operation:Interpolation
Time:0.005063,bytes:61032,bandwidth:1.20545e+07
cr:3.1228,iter:37,level:16,rank:0,datasize:7629,operation:Post-smoothing
SZ is downgraded to lossless mode.
Time:0.00125562,bytes:12120,bandwidth:9.65261e+06
cr:1.0266,iter:37,level:16,rank:0,datasize:1515,operation:Interpolation
SZ is downgraded to lossless mode.
Time:0.00549072,bytes:70008,bandwidth:1.27502e+07
cr:3.06448,iter:37,level:16,rank:0,datasize:8751,operation:Post-smoothing
Time:0.00199168,bytes:16832,bandwidth:8.45117e+06
cr:1.85293,iter:37,level:16,rank:0,datasize:2104,operation:Interpolation
Time:0.00521942,bytes:64032,bandwidth:1.2268e+07
cr:3.32737,iter:37,level:16,rank:0,datasize:8004,operation:Post-smoothing
Time:0.00220242,bytes:21296,bandwidth:9.66936e+06
cr:2.42939,iter:37,level:16,rank:0,datasize:2662,operation:Interpolation
Time:0.00446419,bytes:50808,bandwidth:1.13812e+07
cr:3.64895,iter:37,level:16,rank:0,datasize:6351,operation:Post-smoothing
Time:0.00170609,bytes:19664,bandwidth:1.15258e+07
cr:3.25671,iter:37,level:16,rank:0,datasize:2458,operation:Interpolation
Time:0.00392426,bytes:40000,bandwidth:1.0193e+07
cr:1.06261,iter:37,level:16,rank:0,datasize:5000,operation:Post-smoothing
Time:0.00336324,bytes:40000,bandwidth:1.18933e+07
cr:1.0616,iter:37,level:16,rank:0,datasize:5000,operation:Residual-Norm
Time:0.0032318,bytes:40000,bandwidth:1.2377e+07
cr:1.0616,iter:38,level:0,rank:0,datasize:5000,operation:Pre-Smoothing
Time:0.0031978,bytes:40000,bandwidth:1.25086e+07
cr:1.06208,iter:38,level:0,rank:0,datasize:5000,operation:Residual
Time:0.00245753,bytes:50808,bandwidth:2.06744e+07
cr:390.831,iter:38,level:1,rank:0,datasize:6351,operation:Pre-Smoothing
Time:0.00294886,bytes:50808,bandwidth:1.72297e+07
cr:37.5799,iter:38,level:1,rank:0,datasize:6351,operation:Residual
Time:0.00289875,bytes:64032,bandwidth:2.20895e+07
cr:492.554,iter:38,level:2,rank:0,datasize:8004,operation:Pre-Smoothing
Time:0.00271064,bytes:64032,bandwidth:2.36225e+07
cr:34.952,iter:38,level:2,rank:0,datasize:8004,operation:Residual
Time:0.00300328,bytes:70008,bandwidth:2.33106e+07
cr:534.412,iter:38,level:3,rank:0,datasize:8751,operation:Pre-Smoothing
Time:0.0031752,bytes:70008,bandwidth:2.20484e+07
cr:20.6635,iter:38,level:3,rank:0,datasize:8751,operation:Residual
Time:0.0025599,bytes:61032,bandwidth:2.38415e+07
cr:469.477,iter:38,level:4,rank:0,datasize:7629,operation:Pre-Smoothing
Time:0.0030749,bytes:61032,bandwidth:1.98485e+07
cr:14.3774,iter:38,level:4,rank:0,datasize:7629,operation:Residual
Time:0.0020424,bytes:49304,bandwidth:2.41402e+07
cr:379.262,iter:38,level:5,rank:0,datasize:6163,operation:Pre-Smoothing
Time:0.00270235,bytes:49304,bandwidth:1.82449e+07
cr:10.6973,iter:38,level:5,rank:0,datasize:6163,operation:Residual
Time:0.00192725,bytes:38856,bandwidth:2.01614e+07
cr:303.562,iter:38,level:6,rank:0,datasize:4857,operation:Pre-Smoothing
Time:0.00257477,bytes:38856,bandwidth:1.50911e+07
cr:7.91042,iter:38,level:6,rank:0,datasize:4857,operation:Residual
Time:0.000827075,bytes:30080,bandwidth:3.63691e+07
cr:281.121,iter:38,level:7,rank:0,datasize:3760,operation:Pre-Smoothing
Time:0.00183108,bytes:30080,bandwidth:1.64275e+07
cr:4.58048,iter:38,level:7,rank:0,datasize:3760,operation:Residual
Time:0.000627885,bytes:22464,bandwidth:3.57773e+07
cr:209.944,iter:38,level:8,rank:0,datasize:2808,operation:Pre-Smoothing
Time:0.00142066,bytes:22464,bandwidth:1.58124e+07
cr:4.30427,iter:38,level:8,rank:0,datasize:2808,operation:Residual
Time:0.000555643,bytes:15480,bandwidth:2.78596e+07
cr:144.673,iter:38,level:9,rank:0,datasize:1935,operation:Pre-Smoothing
Time:0.00133141,bytes:15480,bandwidth:1.16268e+07
cr:3.39399,iter:38,level:9,rank:0,datasize:1935,operation:Residual
Time:0.000433602,bytes:10424,bandwidth:2.40405e+07
cr:97.4206,iter:38,level:10,rank:0,datasize:1303,operation:Pre-Smoothing
Time:0.0010713,bytes:10424,bandwidth:9.7302e+06
cr:2.61384,iter:38,level:10,rank:0,datasize:1303,operation:Residual
Time:0.000360219,bytes:6616,bandwidth:1.83666e+07
cr:61.8318,iter:38,level:11,rank:0,datasize:827,operation:Pre-Smoothing
Time:0.000850415,bytes:6616,bandwidth:7.77973e+06
cr:2.3919,iter:38,level:11,rank:0,datasize:827,operation:Residual
Time:0.000313938,bytes:4040,bandwidth:1.28688e+07
cr:39.2233,iter:38,level:12,rank:0,datasize:505,operation:Pre-Smoothing
Time:0.0007418,bytes:4040,bandwidth:5.44621e+06
cr:1.86175,iter:38,level:12,rank:0,datasize:505,operation:Residual
Time:0.000310722,bytes:2320,bandwidth:7.46648e+06
cr:22.5243,iter:38,level:13,rank:0,datasize:290,operation:Pre-Smoothing
Time:0.000588332,bytes:2320,bandwidth:3.94335e+06
cr:1.63958,iter:38,level:13,rank:0,datasize:290,operation:Residual
Time:0.000104878,bytes:1160,bandwidth:1.10605e+07
cr:10.5455,iter:38,level:14,rank:0,datasize:145,operation:Pre-Smoothing
Time:0.000192441,bytes:1160,bandwidth:6.02782e+06
cr:1.73913,iter:38,level:14,rank:0,datasize:145,operation:Residual
Time:8.1485e-05,bytes:464,bandwidth:5.6943e+06
cr:4.21818,iter:38,level:15,rank:0,datasize:58,operation:Pre-Smoothing
Time:0.000125854,bytes:464,bandwidth:3.68681e+06
cr:1.31445,iter:38,level:15,rank:0,datasize:58,operation:Residual
Time:6.7623e-05,bytes:56,bandwidth:828121
cr:0.495575,iter:38,level:16,rank:0,datasize:7,operation:Interpolation
Time:0.000124516,bytes:464,bandwidth:3.72643e+06
cr:1.35673,iter:38,level:16,rank:0,datasize:58,operation:Post-smoothing
Time:8.4544e-05,bytes:200,bandwidth:2.36563e+06
cr:0.77821,iter:38,level:16,rank:0,datasize:25,operation:Interpolation
Time:0.000189713,bytes:1160,bandwidth:6.1145e+06
cr:1.68116,iter:38,level:16,rank:0,datasize:145,operation:Post-smoothing
Time:0.000128157,bytes:264,bandwidth:2.05997e+06
cr:0.82243,iter:38,level:16,rank:0,datasize:33,operation:Interpolation
Time:0.000627984,bytes:2320,bandwidth:3.69436e+06
cr:1.37931,iter:38,level:16,rank:0,datasize:290,operation:Post-smoothing
Time:0.000158188,bytes:440,bandwidth:2.7815e+06
cr:0.973451,iter:38,level:16,rank:0,datasize:55,operation:Interpolation
Time:0.000840857,bytes:4040,bandwidth:4.80462e+06
cr:1.47016,iter:38,level:16,rank:0,datasize:505,operation:Post-smoothing
Time:0.000221304,bytes:728,bandwidth:3.28959e+06
cr:1.0566,iter:38,level:16,rank:0,datasize:91,operation:Interpolation
Time:0.00113736,bytes:6616,bandwidth:5.81698e+06
cr:1.4274,iter:38,level:16,rank:0,datasize:827,operation:Post-smoothing
Time:0.000260732,bytes:1136,bandwidth:4.35696e+06
cr:1.15213,iter:38,level:16,rank:0,datasize:142,operation:Interpolation
SZ is downgraded to lossless mode.
Time:0.00118069,bytes:10424,bandwidth:8.82872e+06
cr:1.02487,iter:38,level:16,rank:0,datasize:1303,operation:Post-smoothing
Time:0.000652917,bytes:1744,bandwidth:2.67109e+06
cr:1.00809,iter:38,level:16,rank:0,datasize:218,operation:Interpolation
Time:0.0020218,bytes:15480,bandwidth:7.65655e+06
cr:1.63136,iter:38,level:16,rank:0,datasize:1935,operation:Post-smoothing
Time:0.000815625,bytes:2672,bandwidth:3.27602e+06
cr:1.03928,iter:38,level:16,rank:0,datasize:334,operation:Interpolation
Time:0.00222181,bytes:22464,bandwidth:1.01107e+07
cr:1.88377,iter:38,level:16,rank:0,datasize:2808,operation:Post-smoothing
Time:0.000967642,bytes:3768,bandwidth:3.894e+06
cr:1.07966,iter:38,level:16,rank:0,datasize:471,operation:Interpolation
Time:0.00282805,bytes:30080,bandwidth:1.06363e+07
cr:2.07506,iter:38,level:16,rank:0,datasize:3760,operation:Post-smoothing
SZ is downgraded to lossless mode.
Time:SZ is downgraded to lossless mode.
0.000906803,bytes:4936,bandwidth:5.4433e+06
cr:1.0121,iter:38,level:16,rank:0,datasize:617,operation:Interpolation
Time:0.00460922,bytes:38856,bandwidth:8.43007e+06
cr:2.22888,iter:38,level:16,rank:0,datasize:4857,operation:Post-smoothing
SZ is downgraded to lossless mode.
SZ is downgraded to lossless mode.
Time:0.00105613,bytes:6584,bandwidth:6.23408e+06
cr:1.01856,iter:38,level:16,rank:0,datasize:823,operation:Interpolation
Time:0.00446407,bytes:49304,bandwidth:1.10446e+07
cr:2.47076,iter:38,level:16,rank:0,datasize:6163,operation:Post-smoothing
SZ is downgraded to lossless mode.
SZ is downgraded to lossless mode.
Time:0.00125433,bytes:9280,bandwidth:7.39839e+06
cr:1.0227,iter:38,level:16,rank:0,datasize:1160,operation:Interpolation
Time:0.00519425,bytes:61032,bandwidth:1.17499e+07
cr:2.85945,iter:38,level:16,rank:0,datasize:7629,operation:Post-smoothing
Time:0.00158724,bytes:12120,bandwidth:7.63591e+06
cr:1.51235,iter:38,level:16,rank:0,datasize:1515,operation:Interpolation
Time:0.00525648,bytes:70008,bandwidth:1.33184e+07
cr:3.1675,iter:38,level:16,rank:0,datasize:8751,operation:Post-smoothing
Time:0.00190557,bytes:16832,bandwidth:8.83303e+06
cr:1.88657,iter:38,level:16,rank:0,datasize:2104,operation:Interpolation
Time:0.0046505,bytes:64032,bandwidth:1.37688e+07
cr:4.15388,iter:38,level:16,rank:0,datasize:8004,operation:Post-smoothing
Time:0.00210744,bytes:21296,bandwidth:1.01052e+07
cr:2.4864,iter:38,level:16,rank:0,datasize:2662,operation:Interpolation
Time:0.00324069,bytes:50808,bandwidth:1.56781e+07
cr:4.96075,iter:38,level:16,rank:0,datasize:6351,operation:Post-smoothing
Time:0.00199801,bytes:19664,bandwidth:9.84179e+06
cr:2.69999,iter:38,level:16,rank:0,datasize:2458,operation:Interpolation
Time:0.00384715,bytes:40000,bandwidth:1.03973e+07
cr:1.06174,iter:38,level:16,rank:0,datasize:5000,operation:Post-smoothing
Time:0.00327996,bytes:40000,bandwidth:1.21953e+07
cr:1.0627,iter:38,level:16,rank:0,datasize:5000,operation:Residual-Norm
Time:0.00313198,bytes:40000,bandwidth:1.27715e+07
cr:1.0627,iter:39,level:0,rank:0,datasize:5000,operation:Pre-Smoothing
Time:0.00355606,bytes:40000,bandwidth:1.12484e+07
cr:1.06205,iter:39,level:0,rank:0,datasize:5000,operation:Residual
Time:0.00249012,bytes:50808,bandwidth:2.04038e+07
cr:390.831,iter:39,level:1,rank:0,datasize:6351,operation:Pre-Smoothing
Time:0.00290372,bytes:50808,bandwidth:1.74975e+07
cr:50.5552,iter:39,level:1,rank:0,datasize:6351,operation:Residual
Time:0.00290403,bytes:64032,bandwidth:2.20493e+07
cr:492.554,iter:39,level:2,rank:0,datasize:8004,operation:Pre-Smoothing
Time:0.00277067,bytes:64032,bandwidth:2.31107e+07
cr:38.3885,iter:39,level:2,rank:0,datasize:8004,operation:Residual
Time:0.00296035,bytes:70008,bandwidth:2.36486e+07
cr:534.412,iter:39,level:3,rank:0,datasize:8751,operation:Pre-Smoothing
Time:0.00313597,bytes:70008,bandwidth:2.23242e+07
cr:21.8912,iter:39,level:3,rank:0,datasize:8751,operation:Residual
Time:0.00259599,bytes:61032,bandwidth:2.35101e+07
cr:469.477,iter:39,level:4,rank:0,datasize:7629,operation:Pre-Smoothing
Time:0.00329491,bytes:61032,bandwidth:1.85231e+07
cr:13.3842,iter:39,level:4,rank:0,datasize:7629,operation:Residual
Time:0.00205876,bytes:49304,bandwidth:2.39484e+07
cr:379.262,iter:39,level:5,rank:0,datasize:6163,operation:Pre-Smoothing
Time:0.00267779,bytes:49304,bandwidth:1.84122e+07
cr:11.1902,iter:39,level:5,rank:0,datasize:6163,operation:Residual
Time:0.00201257,bytes:38856,bandwidth:1.93066e+07
cr:303.562,iter:39,level:6,rank:0,datasize:4857,operation:Pre-Smoothing
Time:0.00402261,bytes:38856,bandwidth:9.65939e+06
cr:8.43779,iter:39,level:6,rank:0,datasize:4857,operation:Residual
Time:0.000838948,bytes:30080,bandwidth:3.58544e+07
cr:281.121,iter:39,level:7,rank:0,datasize:3760,operation:Pre-Smoothing
Time:0.00195754,bytes:30080,bandwidth:1.53662e+07
cr:5.89688,iter:39,level:7,rank:0,datasize:3760,operation:Residual
Time:0.000634253,bytes:22464,bandwidth:3.5418e+07
cr:209.944,iter:39,level:8,rank:0,datasize:2808,operation:Pre-Smoothing
Time:0.00145833,bytes:22464,bandwidth:1.54039e+07
cr:4.56029,iter:39,level:8,rank:0,datasize:2808,operation:Residual
Time:0.00060349,bytes:15480,bandwidth:2.56508e+07
cr:144.673,iter:39,level:9,rank:0,datasize:1935,operation:Pre-Smoothing
Time:0.0014592,bytes:15480,bandwidth:1.06085e+07
cr:3.46541,iter:39,level:9,rank:0,datasize:1935,operation:Residual
Time:0.00044262,bytes:10424,bandwidth:2.35507e+07
cr:97.4206,iter:39,level:10,rank:0,datasize:1303,operation:Pre-Smoothing
Time:0.00112297,bytes:10424,bandwidth:9.28249e+06
cr:2.74895,iter:39,level:10,rank:0,datasize:1303,operation:Residual
Time:0.000382567,bytes:6616,bandwidth:1.72937e+07
cr:61.8318,iter:39,level:11,rank:0,datasize:827,operation:Pre-Smoothing
Time:0.000899493,bytes:6616,bandwidth:7.35525e+06
cr:2.1628,iter:39,level:11,rank:0,datasize:827,operation:Residual
Time:0.000320901,bytes:4040,bandwidth:1.25896e+07
cr:39.2233,iter:39,level:12,rank:0,datasize:505,operation:Pre-Smoothing
Time:0.000727388,bytes:4040,bandwidth:5.55412e+06
cr:1.97748,iter:39,level:12,rank:0,datasize:505,operation:Residual
Time:0.00029836,bytes:2320,bandwidth:7.77584e+06
cr:22.5243,iter:39,level:13,rank:0,datasize:290,operation:Pre-Smoothing
Time:0.00057823,bytes:2320,bandwidth:4.01224e+06
cr:1.69591,iter:39,level:13,rank:0,datasize:290,operation:Residual
Time:0.000111447,bytes:1160,bandwidth:1.04085e+07
cr:10.5455,iter:39,level:14,rank:0,datasize:145,operation:Pre-Smoothing
Time:0.000185966,bytes:1160,bandwidth:6.2377e+06
cr:1.78462,iter:39,level:14,rank:0,datasize:145,operation:Residual
Time:8.2504e-05,bytes:464,bandwidth:5.62397e+06
cr:4.21818,iter:39,level:15,rank:0,datasize:58,operation:Pre-Smoothing
Time:0.000124771,bytes:464,bandwidth:3.71881e+06
cr:1.44548,iter:39,level:15,rank:0,datasize:58,operation:Residual
Time:6.0968e-05,bytes:56,bandwidth:918515
cr:0.495575,iter:39,level:16,rank:0,datasize:7,operation:Interpolation
Time:0.000125824,bytes:464,bandwidth:3.68769e+06
cr:1.22751,iter:39,level:16,rank:0,datasize:58,operation:Post-smoothing
Time:7.6979e-05,bytes:200,bandwidth:2.59811e+06
cr:0.77821,iter:39,level:16,rank:0,datasize:25,operation:Interpolation
Time:0.00018073,bytes:1160,bandwidth:6.41841e+06
cr:1.72619,iter:39,level:16,rank:0,datasize:145,operation:Post-smoothing
Time:0.000144409,bytes:264,bandwidth:1.82814e+06
cr:0.846154,iter:39,level:16,rank:0,datasize:33,operation:Interpolation
Time:0.000608472,bytes:2320,bandwidth:3.81283e+06
cr:1.47489,iter:39,level:16,rank:0,datasize:290,operation:Post-smoothing
Time:0.000158694,bytes:440,bandwidth:2.77263e+06
cr:0.944206,iter:39,level:16,rank:0,datasize:55,operation:Interpolation
Time:0.000847808,bytes:4040,bandwidth:4.76523e+06
cr:1.4804,iter:39,level:16,rank:0,datasize:505,operation:Post-smoothing
Time:0.000226171,bytes:728,bandwidth:3.2188e+06
cr:1.03262,iter:39,level:16,rank:0,datasize:91,operation:Interpolation
Time:0.00116697,bytes:6616,bandwidth:5.6694e+06
cr:1.44014,iter:39,level:16,rank:0,datasize:827,operation:Post-smoothing
Time:0.00027643,bytes:1136,bandwidth:4.10954e+06
cr:0.961897,iter:39,level:16,rank:0,datasize:142,operation:Interpolation
Time:0.00152844,bytes:10424,bandwidth:6.82003e+06
cr:1.57177,iter:39,level:16,rank:0,datasize:1303,operation:Post-smoothing
Time:0.000639735,bytes:1744,bandwidth:2.72613e+06
cr:0.979225,iter:39,level:16,rank:0,datasize:218,operation:Interpolation
Time:0.00186612,bytes:15480,bandwidth:8.29528e+06
cr:1.93283,iter:39,level:16,rank:0,datasize:1935,operation:Post-smoothing
Time:0.000770952,bytes:2672,bandwidth:3.46584e+06
cr:1.12695,iter:39,level:16,rank:0,datasize:334,operation:Interpolation
Time:0.00227793,bytes:22464,bandwidth:9.86161e+06
cr:1.98165,iter:39,level:16,rank:0,datasize:2808,operation:Post-smoothing
Time:0.000976559,bytes:3768,bandwidth:3.85845e+06
cr:1.07565,iter:39,level:16,rank:0,datasize:471,operation:Interpolation
Time:0.00300811,bytes:30080,bandwidth:9.99963e+06
cr:2.14489,iter:39,level:16,rank:0,datasize:3760,operation:Post-smoothing
SZ is downgraded to lossless mode.
SZ is downgraded to lossless mode.
Time:0.000895245,bytes:4936,bandwidth:5.51357e+06
cr:1.01334,iter:39,level:16,rank:0,datasize:617,operation:Interpolation
Time:0.00458163,bytes:38856,bandwidth:8.48082e+06
cr:2.36035,iter:39,level:16,rank:0,datasize:4857,operation:Post-smoothing
SZ is downgraded to lossless mode.
Time:0.00103584,bytes:6584,bandwidth:6.35617e+06
cr:1.01904,iter:39,level:16,rank:0,datasize:823,operation:Interpolation
SZ is downgraded to lossless mode.
Time:0.0043884,bytes:49304,bandwidth:1.12351e+07
cr:2.63461,iter:39,level:16,rank:0,datasize:6163,operation:Post-smoothing
SZ is downgraded to lossless mode.
Time:0.00121543,bytes:9280,bandwidth:7.63515e+06
cr:1.0244,iter:39,level:16,rank:0,datasize:1160,operation:Interpolation
SZ is downgraded to lossless mode.
Time:0.00484392,bytes:61032,bandwidth:1.25997e+07
cr:3.40352,iter:39,level:16,rank:0,datasize:7629,operation:Post-smoothing
Time:0.00154694,bytes:12120,bandwidth:7.83484e+06
cr:1.55365,iter:39,level:16,rank:0,datasize:1515,operation:Interpolation
Time:0.0052579,bytes:70008,bandwidth:1.33148e+07
cr:3.25286,iter:39,level:16,rank:0,datasize:8751,operation:Post-smoothing
Time:0.00173987,bytes:16832,bandwidth:9.67426e+06
cr:2.26024,iter:39,level:16,rank:0,datasize:2104,operation:Interpolation
Time:0.00460451,bytes:64032,bandwidth:1.39064e+07
cr:4.3189,iter:39,level:16,rank:0,datasize:8004,operation:Post-smoothing
Time:0.00234565,bytes:21296,bandwidth:9.07891e+06
cr:2.23956,iter:39,level:16,rank:0,datasize:2662,operation:Interpolation
Time:0.00431546,bytes:50808,bandwidth:1.17735e+07
cr:3.89542,iter:39,level:16,rank:0,datasize:6351,operation:Post-smoothing
Time:0.00165806,bytes:19664,bandwidth:1.18597e+07
cr:3.50642,iter:39,level:16,rank:0,datasize:2458,operation:Interpolation
Time:0.00525118,bytes:40000,bandwidth:7.61734e+06
cr:1.06216,iter:39,level:16,rank:0,datasize:5000,operation:Post-smoothing
Time:0.00322882,bytes:40000,bandwidth:1.23884e+07
cr:1.06239,iter:39,level:16,rank:0,datasize:5000,operation:Residual-Norm
Time:0.00309333,bytes:40000,bandwidth:1.2931e+07
cr:1.06239,iter:40,level:0,rank:0,datasize:5000,operation:Pre-Smoothing
Time:0.00317405,bytes:40000,bandwidth:1.26022e+07
cr:1.0625,iter:40,level:0,rank:0,datasize:5000,operation:Residual
Time:0.00246014,bytes:50808,bandwidth:2.06525e+07
cr:390.831,iter:40,level:1,rank:0,datasize:6351,operation:Pre-Smoothing
Time:0.00288893,bytes:50808,bandwidth:1.75871e+07
cr:51.1147,iter:40,level:1,rank:0,datasize:6351,operation:Residual
Time:0.00289307,bytes:64032,bandwidth:2.21329e+07
cr:492.554,iter:40,level:2,rank:0,datasize:8004,operation:Pre-Smoothing
Time:0.00329631,bytes:64032,bandwidth:1.94253e+07
cr:34.2234,iter:40,level:2,rank:0,datasize:8004,operation:Residual
Time:0.00293126,bytes:70008,bandwidth:2.38833e+07
cr:534.412,iter:40,level:3,rank:0,datasize:8751,operation:Pre-Smoothing
Time:0.00304191,bytes:70008,bandwidth:2.30145e+07
cr:23.3127,iter:40,level:3,rank:0,datasize:8751,operation:Residual
Time:0.00258918,bytes:61032,bandwidth:2.3572e+07
cr:469.477,iter:40,level:4,rank:0,datasize:7629,operation:Pre-Smoothing
Time:0.00329233,bytes:61032,bandwidth:1.85376e+07
cr:15.9561,iter:40,level:4,rank:0,datasize:7629,operation:Residual
Time:0.00246065,bytes:49304,bandwidth:2.0037e+07
cr:379.262,iter:40,level:5,rank:0,datasize:6163,operation:Pre-Smoothing
Time:0.00268511,bytes:49304,bandwidth:1.8362e+07
cr:11.5683,iter:40,level:5,rank:0,datasize:6163,operation:Residual
Time:0.00194233,bytes:38856,bandwidth:2.00048e+07
cr:303.562,iter:40,level:6,rank:0,datasize:4857,operation:Pre-Smoothing
Time:0.00247397,bytes:38856,bandwidth:1.57059e+07
cr:8.9716,iter:40,level:6,rank:0,datasize:4857,operation:Residual
Time:0.000835215,bytes:30080,bandwidth:3.60147e+07
cr:281.121,iter:40,level:7,rank:0,datasize:3760,operation:Pre-Smoothing
Time:0.00155048,bytes:30080,bandwidth:1.94004e+07
cr:6.91018,iter:40,level:7,rank:0,datasize:3760,operation:Residual
Time:0.000621128,bytes:22464,bandwidth:3.61665e+07
cr:209.944,iter:40,level:8,rank:0,datasize:2808,operation:Pre-Smoothing
Time:0.00135446,bytes:22464,bandwidth:1.65852e+07
cr:4.8,iter:40,level:8,rank:0,datasize:2808,operation:Residual
Time:0.0005616,bytes:15480,bandwidth:2.75641e+07
cr:144.673,iter:40,level:9,rank:0,datasize:1935,operation:Pre-Smoothing
Time:0.00128782,bytes:15480,bandwidth:1.20203e+07
cr:3.60251,iter:40,level:9,rank:0,datasize:1935,operation:Residual
Time:0.000440017,bytes:10424,bandwidth:2.369e+07
cr:97.4206,iter:40,level:10,rank:0,datasize:1303,operation:Pre-Smoothing
Time:0.00102814,bytes:10424,bandwidth:1.01387e+07
cr:2.87876,iter:40,level:10,rank:0,datasize:1303,operation:Residual
Time:0.000392308,bytes:6616,bandwidth:1.68643e+07
cr:61.8318,iter:40,level:11,rank:0,datasize:827,operation:Pre-Smoothing
Time:0.000902593,bytes:6616,bandwidth:7.32999e+06
cr:2.24957,iter:40,level:11,rank:0,datasize:827,operation:Residual
Time:0.000319482,bytes:4040,bandwidth:1.26455e+07
cr:39.2233,iter:40,level:12,rank:0,datasize:505,operation:Pre-Smoothing
Time:0.000721721,bytes:4040,bandwidth:5.59773e+06
cr:2.03117,iter:40,level:12,rank:0,datasize:505,operation:Residual
Time:0.000295713,bytes:2320,bandwidth:7.84544e+06
cr:22.5243,iter:40,level:13,rank:0,datasize:290,operation:Pre-Smoothing
Time:0.000563996,bytes:2320,bandwidth:4.1135e+06
cr:1.73913,iter:40,level:13,rank:0,datasize:290,operation:Residual
Time:0.000103499,bytes:1160,bandwidth:1.12078e+07
cr:10.5455,iter:40,level:14,rank:0,datasize:145,operation:Pre-Smoothing
Time:0.000194114,bytes:1160,bandwidth:5.97587e+06
cr:1.7737,iter:40,level:14,rank:0,datasize:145,operation:Residual
Time:8.6952e-05,bytes:464,bandwidth:5.33628e+06
cr:4.21818,iter:40,level:15,rank:0,datasize:58,operation:Pre-Smoothing
Time:0.000125005,bytes:464,bandwidth:3.71185e+06
cr:1.42331,iter:40,level:15,rank:0,datasize:58,operation:Residual
Time:7.1738e-05,bytes:56,bandwidth:780618
cr:0.495575,iter:40,level:16,rank:0,datasize:7,operation:Interpolation
Time:0.000123035,bytes:464,bandwidth:3.77128e+06
cr:1.39339,iter:40,level:16,rank:0,datasize:58,operation:Post-smoothing
Time:7.5122e-05,bytes:200,bandwidth:2.66234e+06
cr:0.77821,iter:40,level:16,rank:0,datasize:25,operation:Interpolation
Time:0.000184873,bytes:1160,bandwidth:6.27458e+06
cr:1.63842,iter:40,level:16,rank:0,datasize:145,operation:Post-smoothing
Time:0.000119428,bytes:264,bandwidth:2.21054e+06
cr:0.825,iter:40,level:16,rank:0,datasize:33,operation:Interpolation
Time:0.000597495,bytes:2320,bandwidth:3.88288e+06
cr:1.55809,iter:40,level:16,rank:0,datasize:290,operation:Post-smoothing
Time:0.000154727,bytes:440,bandwidth:2.84372e+06
cr:0.98434,iter:40,level:16,rank:0,datasize:55,operation:Interpolation
Time:0.000789367,bytes:4040,bandwidth:5.11802e+06
cr:1.52223,iter:40,level:16,rank:0,datasize:505,operation:Post-smoothing
Time:0.000218244,bytes:728,bandwidth:3.33572e+06
cr:1.0566,iter:40,level:16,rank:0,datasize:91,operation:Interpolation
Time:0.00112465,bytes:6616,bandwidth:5.88272e+06
cr:1.50569,iter:40,level:16,rank:0,datasize:827,operation:Post-smoothing
Time:0.000270502,bytes:1136,bandwidth:4.1996e+06
cr:0.970111,iter:40,level:16,rank:0,datasize:142,operation:Interpolation
Time:0.00139725,bytes:10424,bandwidth:7.46036e+06
cr:1.61587,iter:40,level:16,rank:0,datasize:1303,operation:Post-smoothing
Time:0.000632908,bytes:1744,bandwidth:2.75553e+06
cr:0.993732,iter:40,level:16,rank:0,datasize:218,operation:Interpolation
Time:0.00172438,bytes:15480,bandwidth:8.97714e+06
cr:2.04249,iter:40,level:16,rank:0,datasize:1935,operation:Post-smoothing
Time:0.000821162,bytes:2672,bandwidth:3.25393e+06
cr:1.08354,iter:40,level:16,rank:0,datasize:334,operation:Interpolation
Time:0.0020069,bytes:22464,bandwidth:1.11934e+07
cr:2.28015,iter:40,level:16,rank:0,datasize:2808,operation:Post-smoothing
Time:0.000911493,bytes:3768,bandwidth:4.13388e+06
cr:1.1181,iter:40,level:16,rank:0,datasize:471,operation:Interpolation
Time:0.0027244,bytes:30080,bandwidth:1.1041e+07
cr:2.25843,iter:40,level:16,rank:0,datasize:3760,operation:Post-smoothing
Time:0.00102069,bytes:4936,bandwidth:4.83594e+06
cr:1.19198,iter:40,level:16,rank:0,datasize:617,operation:Interpolation
Time:0.00426609,bytes:38856,bandwidth:9.10811e+06
cr:2.42577,iter:40,level:16,rank:0,datasize:4857,operation:Post-smoothing
SZ is downgraded to lossless mode.
SZ is downgraded to lossless mode.
Time:0.00104247,bytes:6584,bandwidth:6.31579e+06
cr:1.01872,iter:40,level:16,rank:0,datasize:823,operation:Interpolation
Time:0.00422645,bytes:49304,bandwidth:1.16656e+07
cr:2.71887,iter:40,level:16,rank:0,datasize:6163,operation:Post-smoothing
SZ is downgraded to lossless mode.
Time:0.00118402,bytes:9280,bandwidth:7.83773e+06
cr:1.02394,iter:40,level:16,rank:0,datasize:1160,operation:Interpolation
SZ is downgraded to lossless mode.
Time:0.00498943,bytes:61032,bandwidth:1.22323e+07
cr:3.05023,iter:40,level:16,rank:0,datasize:7629,operation:Post-smoothing
Time:0.0014936,bytes:12120,bandwidth:8.1146e+06
cr:1.6605,iter:40,level:16,rank:0,datasize:1515,operation:Interpolation
Time:0.00511887,bytes:70008,bandwidth:1.36765e+07
cr:3.40473,iter:40,level:16,rank:0,datasize:8751,operation:Post-smoothing
Time:0.00183656,bytes:16832,bandwidth:9.16496e+06
cr:2.07291,iter:40,level:16,rank:0,datasize:2104,operation:Interpolation
Time:0.00512175,bytes:64032,bandwidth:1.2502e+07
cr:3.73169,iter:40,level:16,rank:0,datasize:8004,operation:Post-smoothing
Time:0.00182503,bytes:21296,bandwidth:1.16688e+07
cr:3.16528,iter:40,level:16,rank:0,datasize:2662,operation:Interpolation
Time:0.00404951,bytes:50808,bandwidth:1.25467e+07
cr:4.79547,iter:40,level:16,rank:0,datasize:6351,operation:Post-smoothing
Time:0.00163935,bytes:19664,bandwidth:1.1995e+07
cr:3.64148,iter:40,level:16,rank:0,datasize:2458,operation:Interpolation
Time:0.00415083,bytes:40000,bandwidth:9.63664e+06
cr:1.06245,iter:40,level:16,rank:0,datasize:5000,operation:Post-smoothing
Time:0.00331089,bytes:40000,bandwidth:1.20814e+07
cr:1.06267,iter:40,level:16,rank:0,datasize:5000,operation:Residual-Norm
Time:0.00317002,bytes:40000,bandwidth:1.26182e+07
cr:1.06267,iter:41,level:0,rank:0,datasize:5000,operation:Pre-Smoothing
Time:0.00326487,bytes:40000,bandwidth:1.22516e+07
cr:1.06216,iter:41,level:0,rank:0,datasize:5000,operation:Residual
Time:0.00251166,bytes:50808,bandwidth:2.02289e+07
cr:390.831,iter:41,level:1,rank:0,datasize:6351,operation:Pre-Smoothing
Time:0.00286281,bytes:50808,bandwidth:1.77476e+07
cr:61.6602,iter:41,level:1,rank:0,datasize:6351,operation:Residual
Time:0.00290714,bytes:64032,bandwidth:2.20257e+07
cr:492.554,iter:41,level:2,rank:0,datasize:8004,operation:Pre-Smoothing
Time:0.00332427,bytes:64032,bandwidth:1.9262e+07
cr:38.069,iter:41,level:2,rank:0,datasize:8004,operation:Residual
Time:0.00293519,bytes:70008,bandwidth:2.38513e+07
cr:534.412,iter:41,level:3,rank:0,datasize:8751,operation:Pre-Smoothing
Time:0.00309465,bytes:70008,bandwidth:2.26223e+07
cr:25.3102,iter:41,level:3,rank:0,datasize:8751,operation:Residual
Time:0.00257788,bytes:61032,bandwidth:2.36753e+07
cr:469.477,iter:41,level:4,rank:0,datasize:7629,operation:Pre-Smoothing
Time:0.00296958,bytes:61032,bandwidth:2.05524e+07
cr:16.8504,iter:41,level:4,rank:0,datasize:7629,operation:Residual
Time:0.0020749,bytes:49304,bandwidth:2.37621e+07
cr:379.262,iter:41,level:5,rank:0,datasize:6163,operation:Pre-Smoothing
Time:0.00263448,bytes:49304,bandwidth:1.87149e+07
cr:12.043,iter:41,level:5,rank:0,datasize:6163,operation:Residual
Time:0.00195353,bytes:38856,bandwidth:1.98902e+07
cr:303.562,iter:41,level:6,rank:0,datasize:4857,operation:Pre-Smoothing
Time:0.00243654,bytes:38856,bandwidth:1.59472e+07
cr:9.22288,iter:41,level:6,rank:0,datasize:4857,operation:Residual
Time:0.000827364,bytes:30080,bandwidth:3.63564e+07
cr:281.121,iter:41,level:7,rank:0,datasize:3760,operation:Pre-Smoothing
Time:0.00167119,bytes:30080,bandwidth:1.79991e+07
cr:6.39592,iter:41,level:7,rank:0,datasize:3760,operation:Residual
Time:0.000619514,bytes:22464,bandwidth:3.62607e+07
cr:209.944,iter:41,level:8,rank:0,datasize:2808,operation:Pre-Smoothing
Time:0.00131624,bytes:22464,bandwidth:1.70667e+07
cr:5.0379,iter:41,level:8,rank:0,datasize:2808,operation:Residual
Time:0.000585676,bytes:15480,bandwidth:2.6431e+07
cr:144.673,iter:41,level:9,rank:0,datasize:1935,operation:Pre-Smoothing
Time:0.00132473,bytes:15480,bandwidth:1.16854e+07
cr:3.41496,iter:41,level:9,rank:0,datasize:1935,operation:Residual
Time:0.000421137,bytes:10424,bandwidth:2.4752e+07
cr:97.4206,iter:41,level:10,rank:0,datasize:1303,operation:Pre-Smoothing
Time:0.00098645,bytes:10424,bandwidth:1.05672e+07
cr:3.0075,iter:41,level:10,rank:0,datasize:1303,operation:Residual
Time:0.000399904,bytes:6616,bandwidth:1.6544e+07
cr:61.8318,iter:41,level:11,rank:0,datasize:827,operation:Pre-Smoothing
Time:0.000846268,bytes:6616,bandwidth:7.81785e+06
cr:2.35194,iter:41,level:11,rank:0,datasize:827,operation:Residual
Time:0.000323326,bytes:4040,bandwidth:1.24951e+07
cr:39.2233,iter:41,level:12,rank:0,datasize:505,operation:Pre-Smoothing
Time:0.000711937,bytes:4040,bandwidth:5.67466e+06
cr:2.12968,iter:41,level:12,rank:0,datasize:505,operation:Residual
Time:0.000298861,bytes:2320,bandwidth:7.76281e+06
cr:22.5243,iter:41,level:13,rank:0,datasize:290,operation:Pre-Smoothing
Time:0.000539223,bytes:2320,bandwidth:4.30249e+06
cr:2.13235,iter:41,level:13,rank:0,datasize:290,operation:Residual
Time:0.000106867,bytes:1160,bandwidth:1.08546e+07
cr:10.5455,iter:41,level:14,rank:0,datasize:145,operation:Pre-Smoothing
Time:0.000188373,bytes:1160,bandwidth:6.158e+06
cr:1.86196,iter:41,level:14,rank:0,datasize:145,operation:Residual
Time:8.4061e-05,bytes:464,bandwidth:5.5198e+06
cr:4.21818,iter:41,level:15,rank:0,datasize:58,operation:Pre-Smoothing
Time:0.000119016,bytes:464,bandwidth:3.89864e+06
cr:1.52632,iter:41,level:15,rank:0,datasize:58,operation:Residual
Time:7.4742e-05,bytes:56,bandwidth:749244
cr:0.495575,iter:41,level:16,rank:0,datasize:7,operation:Interpolation
Time:0.00014253,bytes:464,bandwidth:3.25545e+06
cr:1.23733,iter:41,level:16,rank:0,datasize:58,operation:Post-smoothing
Time:8.294e-05,bytes:200,bandwidth:2.41138e+06
cr:0.77821,iter:41,level:16,rank:0,datasize:25,operation:Interpolation
Time:0.000188542,bytes:1160,bandwidth:6.15248e+06
cr:1.6315,iter:41,level:16,rank:0,datasize:145,operation:Post-smoothing
Time:9.3167e-05,bytes:264,bandwidth:2.83362e+06
cr:0.819876,iter:41,level:16,rank:0,datasize:33,operation:Interpolation
Time:0.000573541,bytes:2320,bandwidth:4.04505e+06
cr:1.57931,iter:41,level:16,rank:0,datasize:290,operation:Post-smoothing
Time:0.000154636,bytes:440,bandwidth:2.84539e+06
cr:0.938166,iter:41,level:16,rank:0,datasize:55,operation:Interpolation
Time:0.000775338,bytes:4040,bandwidth:5.21063e+06
cr:1.61085,iter:41,level:16,rank:0,datasize:505,operation:Post-smoothing
Time:0.000213222,bytes:728,bandwidth:3.41428e+06
cr:1.08333,iter:41,level:16,rank:0,datasize:91,operation:Interpolation
Time:0.00111079,bytes:6616,bandwidth:5.95615e+06
cr:1.56444,iter:41,level:16,rank:0,datasize:827,operation:Post-smoothing
Time:0.000260018,bytes:1136,bandwidth:4.36893e+06
cr:1.16393,iter:41,level:16,rank:0,datasize:142,operation:Interpolation
Time:0.00140373,bytes:10424,bandwidth:7.42595e+06
cr:1.73994,iter:41,level:16,rank:0,datasize:1303,operation:Post-smoothing
Time:0.000613732,bytes:1744,bandwidth:2.84163e+06
cr:1.0839,iter:41,level:16,rank:0,datasize:218,operation:Interpolation
Time:0.00179848,bytes:15480,bandwidth:8.60728e+06
cr:1.89497,iter:41,level:16,rank:0,datasize:1935,operation:Post-smoothing
Time:0.000774315,bytes:2672,bandwidth:3.45079e+06
cr:1.09374,iter:41,level:16,rank:0,datasize:334,operation:Interpolation
Time:0.00217629,bytes:22464,bandwidth:1.03222e+07
cr:2.04274,iter:41,level:16,rank:0,datasize:2808,operation:Post-smoothing
Time:0.000888663,bytes:3768,bandwidth:4.24008e+06
cr:1.14078,iter:41,level:16,rank:0,datasize:471,operation:Interpolation
Time:0.00247416,bytes:30080,bandwidth:1.21577e+07
cr:2.72439,iter:41,level:16,rank:0,datasize:3760,operation:Post-smoothing
Time:0.000968366,bytes:4936,bandwidth:5.09725e+06
cr:1.28676,iter:41,level:16,rank:0,datasize:617,operation:Interpolation
SZ is downgraded to lossless mode.
Time:0.00420828,bytes:38856,bandwidth:9.23322e+06
cr:2.54927,iter:41,level:16,rank:0,datasize:4857,operation:Post-smoothing
SZ is downgraded to lossless mode.
Time:0.000997621,bytes:6584,bandwidth:6.5997e+06
cr:1.01951,iter:41,level:16,rank:0,datasize:823,operation:Interpolation
Time:0.00417772,bytes:49304,bandwidth:1.18016e+07
cr:2.84124,iter:41,level:16,rank:0,datasize:6163,operation:Post-smoothing
SZ is downgraded to lossless mode.
Time:0.00116977,bytes:9280,bandwidth:7.9332e+06
cr:1.02304,iter:41,level:16,rank:0,datasize:1160,operation:Interpolation
Time:0.00867823,bytes:61032,bandwidth:7.03277e+06
cr:3.23897,iter:41,level:16,rank:0,datasize:7629,operation:Post-smoothing
Time:0.0013892,bytes:12120,bandwidth:8.72445e+06
cr:1.91409,iter:41,level:16,rank:0,datasize:1515,operation:Interpolation
Time:0.00494204,bytes:70008,bandwidth:1.41658e+07
cr:3.59107,iter:41,level:16,rank:0,datasize:8751,operation:Post-smoothing
Time:0.00177327,bytes:16832,bandwidth:9.49205e+06
cr:2.15381,iter:41,level:16,rank:0,datasize:2104,operation:Interpolation
Time:0.00474931,bytes:64032,bandwidth:1.34824e+07
cr:3.85781,iter:41,level:16,rank:0,datasize:8004,operation:Post-smoothing
Time:0.00176629,bytes:21296,bandwidth:1.20569e+07
cr:3.31868,iter:41,level:16,rank:0,datasize:2662,operation:Interpolation
Time:0.00405856,bytes:50808,bandwidth:1.25187e+07
cr:4.98264,iter:41,level:16,rank:0,datasize:6351,operation:Post-smoothing
Time:0.00178836,bytes:19664,bandwidth:1.09955e+07
cr:4.31607,iter:41,level:16,rank:0,datasize:2458,operation:Interpolation
Time:0.004095,bytes:40000,bandwidth:9.768e+06
cr:1.06202,iter:41,level:16,rank:0,datasize:5000,operation:Post-smoothing
Time:0.0034888,bytes:40000,bandwidth:1.14653e+07
cr:1.06199,iter:41,level:16,rank:0,datasize:5000,operation:Residual-Norm
Time:0.00321495,bytes:40000,bandwidth:1.24419e+07
cr:1.06199,iter:42,level:0,rank:0,datasize:5000,operation:Pre-Smoothing
Time:0.00328187,bytes:40000,bandwidth:1.21882e+07
cr:1.06163,iter:42,level:0,rank:0,datasize:5000,operation:Residual
Time:0.0025036,bytes:50808,bandwidth:2.0294e+07
cr:390.831,iter:42,level:1,rank:0,datasize:6351,operation:Pre-Smoothing
Time:0.00303117,bytes:50808,bandwidth:1.67619e+07
cr:56.1414,iter:42,level:1,rank:0,datasize:6351,operation:Residual
Time:0.00495605,bytes:64032,bandwidth:1.292e+07
cr:492.554,iter:42,level:2,rank:0,datasize:8004,operation:Pre-Smoothing
Time:0.00336658,bytes:64032,bandwidth:1.90199e+07
cr:39.5015,iter:42,level:2,rank:0,datasize:8004,operation:Residual
Time:0.00296602,bytes:70008,bandwidth:2.36033e+07
cr:534.412,iter:42,level:3,rank:0,datasize:8751,operation:Pre-Smoothing
Time:0.00315,bytes:70008,bandwidth:2.22247e+07
cr:26.3386,iter:42,level:3,rank:0,datasize:8751,operation:Residual
Time:0.00255608,bytes:61032,bandwidth:2.38772e+07
cr:469.477,iter:42,level:4,rank:0,datasize:7629,operation:Pre-Smoothing
Time:0.00310237,bytes:61032,bandwidth:1.96727e+07
cr:15.8979,iter:42,level:4,rank:0,datasize:7629,operation:Residual
Time:0.00205755,bytes:49304,bandwidth:2.39625e+07
cr:379.262,iter:42,level:5,rank:0,datasize:6163,operation:Pre-Smoothing
Time:0.00269122,bytes:49304,bandwidth:1.83203e+07
cr:11.3343,iter:42,level:5,rank:0,datasize:6163,operation:Residual
Time:0.00196438,bytes:38856,bandwidth:1.97803e+07
cr:303.562,iter:42,level:6,rank:0,datasize:4857,operation:Pre-Smoothing
Time:0.00255696,bytes:38856,bandwidth:1.51962e+07
cr:8.57938,iter:42,level:6,rank:0,datasize:4857,operation:Residual
Time:0.000839389,bytes:30080,bandwidth:3.58356e+07
cr:281.121,iter:42,level:7,rank:0,datasize:3760,operation:Pre-Smoothing
Time:0.00166367,bytes:30080,bandwidth:1.80805e+07
cr:6.78854,iter:42,level:7,rank:0,datasize:3760,operation:Residual
Time:0.000648616,bytes:22464,bandwidth:3.46337e+07
cr:209.944,iter:42,level:8,rank:0,datasize:2808,operation:Pre-Smoothing
Time:0.00134991,bytes:22464,bandwidth:1.6641e+07
cr:5.14757,iter:42,level:8,rank:0,datasize:2808,operation:Residual
Time:0.000570533,bytes:15480,bandwidth:2.71325e+07
cr:144.673,iter:42,level:9,rank:0,datasize:1935,operation:Pre-Smoothing
Time:0.00139601,bytes:15480,bandwidth:1.10888e+07
cr:4.02915,iter:42,level:9,rank:0,datasize:1935,operation:Residual
Time:0.000452735,bytes:10424,bandwidth:2.30245e+07
cr:97.4206,iter:42,level:10,rank:0,datasize:1303,operation:Pre-Smoothing
Time:0.0010344,bytes:10424,bandwidth:1.00773e+07
cr:3.19853,iter:42,level:10,rank:0,datasize:1303,operation:Residual
Time:0.000387312,bytes:6616,bandwidth:1.70818e+07
cr:61.8318,iter:42,level:11,rank:0,datasize:827,operation:Pre-Smoothing
Time:0.000935083,bytes:6616,bandwidth:7.07531e+06
cr:2.41901,iter:42,level:11,rank:0,datasize:827,operation:Residual
Time:0.000342232,bytes:4040,bandwidth:1.18049e+07
cr:39.2233,iter:42,level:12,rank:0,datasize:505,operation:Pre-Smoothing
Time:0.00070938,bytes:4040,bandwidth:5.69511e+06
cr:2.27477,iter:42,level:12,rank:0,datasize:505,operation:Residual
Time:0.000304324,bytes:2320,bandwidth:7.62345e+06
cr:22.5243,iter:42,level:13,rank:0,datasize:290,operation:Pre-Smoothing
Time:0.000567871,bytes:2320,bandwidth:4.08543e+06
cr:2.17432,iter:42,level:13,rank:0,datasize:290,operation:Residual
Time:0.000114085,bytes:1160,bandwidth:1.01679e+07
cr:10.5455,iter:42,level:14,rank:0,datasize:145,operation:Pre-Smoothing
Time:0.000178963,bytes:1160,bandwidth:6.48179e+06
cr:1.91419,iter:42,level:14,rank:0,datasize:145,operation:Residual
Time:8.4751e-05,bytes:464,bandwidth:5.47486e+06
cr:4.21818,iter:42,level:15,rank:0,datasize:58,operation:Pre-Smoothing
Time:0.000118765,bytes:464,bandwidth:3.90687e+06
cr:1.53642,iter:42,level:15,rank:0,datasize:58,operation:Residual
Time:6.8706e-05,bytes:56,bandwidth:815067
cr:0.495575,iter:42,level:16,rank:0,datasize:7,operation:Interpolation
Time:0.000123701,bytes:464,bandwidth:3.75098e+06
cr:1.31818,iter:42,level:16,rank:0,datasize:58,operation:Post-smoothing
Time:8.2451e-05,bytes:200,bandwidth:2.42568e+06
cr:0.77821,iter:42,level:16,rank:0,datasize:25,operation:Interpolation
Time:0.000185548,bytes:1160,bandwidth:6.25175e+06
cr:1.82965,iter:42,level:16,rank:0,datasize:145,operation:Post-smoothing
Time:0.000124711,bytes:264,bandwidth:2.11689e+06
cr:0.819876,iter:42,level:16,rank:0,datasize:33,operation:Interpolation
Time:0.00059631,bytes:2320,bandwidth:3.89059e+06
cr:1.64422,iter:42,level:16,rank:0,datasize:290,operation:Post-smoothing
Time:0.000153919,bytes:440,bandwidth:2.85865e+06
cr:0.958606,iter:42,level:16,rank:0,datasize:55,operation:Interpolation
Time:0.000764054,bytes:4040,bandwidth:5.28758e+06
cr:1.70034,iter:42,level:16,rank:0,datasize:505,operation:Post-smoothing
Time:0.000215868,bytes:728,bandwidth:3.37243e+06
cr:1.06589,iter:42,level:16,rank:0,datasize:91,operation:Interpolation
Time:0.001133,bytes:6616,bandwidth:5.83939e+06
cr:1.58924,iter:42,level:16,rank:0,datasize:827,operation:Post-smoothing
Time:0.00026441,bytes:1136,bandwidth:4.29636e+06
cr:1.18457,iter:42,level:16,rank:0,datasize:142,operation:Interpolation
Time:0.00145249,bytes:10424,bandwidth:7.17664e+06
cr:1.72669,iter:42,level:16,rank:0,datasize:1303,operation:Post-smoothing
Time:0.00061759,bytes:1744,bandwidth:2.82388e+06
cr:1.07389,iter:42,level:16,rank:0,datasize:218,operation:Interpolation
Time:0.00182815,bytes:15480,bandwidth:8.46758e+06
cr:1.95776,iter:42,level:16,rank:0,datasize:1935,operation:Post-smoothing
Time:0.000706944,bytes:2672,bandwidth:3.77965e+06
cr:1.19553,iter:42,level:16,rank:0,datasize:334,operation:Interpolation
Time:0.0021268,bytes:22464,bandwidth:1.05624e+07
cr:2.20842,iter:42,level:16,rank:0,datasize:2808,operation:Post-smoothing
Time:0.000888387,bytes:3768,bandwidth:4.24139e+06
cr:1.15229,iter:42,level:16,rank:0,datasize:471,operation:Interpolation
Time:0.0025734,bytes:30080,bandwidth:1.16888e+07
cr:2.49151,iter:42,level:16,rank:0,datasize:3760,operation:Post-smoothing
Time:0.000985169,bytes:4936,bandwidth:5.01031e+06
cr:1.27611,iter:42,level:16,rank:0,datasize:617,operation:Interpolation
Time:0.00443576,bytes:38856,bandwidth:8.75972e+06
cr:2.6718,iter:42,level:16,rank:0,datasize:4857,operation:Post-smoothing
Time:0.0010951,bytes:6584,bandwidth:6.01221e+06
cr:1.39197,iter:42,level:16,rank:0,datasize:823,operation:Interpolation
Time:0.0039201,bytes:49304,bandwidth:1.25772e+07
cr:3.44422,iter:42,level:16,rank:0,datasize:6163,operation:Post-smoothing
Time:0.00138734,bytes:9280,bandwidth:6.68905e+06
cr:1.50283,iter:42,level:16,rank:0,datasize:1160,operation:Interpolation
Time:0.00487575,bytes:61032,bandwidth:1.25175e+07
cr:3.32527,iter:42,level:16,rank:0,datasize:7629,operation:Post-smoothing
Time:0.00144184,bytes:12120,bandwidth:8.40594e+06
cr:1.79104,iter:42,level:16,rank:0,datasize:1515,operation:Interpolation
Time:0.00488484,bytes:70008,bandwidth:1.43317e+07
cr:3.73217,iter:42,level:16,rank:0,datasize:8751,operation:Post-smoothing
Time:0.00173619,bytes:16832,bandwidth:9.69478e+06
cr:2.27798,iter:42,level:16,rank:0,datasize:2104,operation:Interpolation
Time:0.00439482,bytes:64032,bandwidth:1.45699e+07
cr:4.8764,iter:42,level:16,rank:0,datasize:8004,operation:Post-smoothing
Time:0.00194832,bytes:21296,bandwidth:1.09304e+07
cr:2.91566,iter:42,level:16,rank:0,datasize:2662,operation:Interpolation
Time:0.00427546,bytes:50808,bandwidth:1.18836e+07
cr:4.27137,iter:42,level:16,rank:0,datasize:6351,operation:Post-smoothing
Time:0.00175026,bytes:19664,bandwidth:1.12349e+07
cr:3.13321,iter:42,level:16,rank:0,datasize:2458,operation:Interpolation
Time:0.00535345,bytes:40000,bandwidth:7.47182e+06
cr:1.06166,iter:42,level:16,rank:0,datasize:5000,operation:Post-smoothing
Time:0.00341744,bytes:40000,bandwidth:1.17047e+07
cr:1.06194,iter:42,level:16,rank:0,datasize:5000,operation:Residual-Norm
Total iterations is: 43
Total iterations is: 43
Res[0] = 1.000000e+00
Res[1] = 1.150177e-01
Res[2] = 2.040375e-02
Res[3] = 4.736603e-03
Res[4] = 1.591132e-03
Res[5] = 7.125780e-04
Res[6] = 3.716617e-04
Res[7] = 2.121449e-04
Res[8] = 1.291623e-04
Res[9] = 8.271323e-05
Res[10] = 5.519060e-05
Res[11] = 3.810555e-05
Res[12] = 2.707767e-05
Res[13] = 1.971892e-05
Res[14] = 1.466595e-05
Res[15] = 1.110886e-05
Res[16] = 8.549671e-06
Res[17] = 6.672739e-06
Res[18] = 5.272546e-06
Res[19] = 4.212049e-06
Res[20] = 3.397866e-06
Res[21] = 2.765130e-06
Res[22] = 2.267976e-06
Res[23] = 1.873451e-06
Res[24] = 1.557546e-06
Res[25] = 1.302513e-06
Res[26] = 1.095077e-06
Res[27] = 9.251973e-07
Res[28] = 7.851956e-07
Res[29] = 6.691555e-07
Res[30] = 5.724514e-07
Res[31] = 4.914751e-07
Res[32] = 4.233512e-07
Res[33] = 3.657938e-07
Res[34] = 3.169698e-07
Res[35] = 2.754043e-07
Res[36] = 2.398938e-07
Res[37] = 2.094569e-07
Res[38] = 1.832840e-07
Res[39] = 1.607217e-07
Res[40] = 1.412067e-07
Res[41] = 1.242967e-07
Res[42] = 1.096070e-07
Res[43] = 9.681120e-08
Raptor AMG Matrix Grid Time: 7.257137e+01
Raptor AMG Setup Time: 5.911795e+02
Raptor AMG Solve Time: 9.204335e+02
