-- Configuring done (3.1s)
-- Generating done (9.2s)
-- Build files have been written to: /home/bigyang/amg-compress/raptor-compress/build
[  1%] Built target gtest
[  2%] Building CXX object raptor/CMakeFiles/raptor.dir/core/comm_data.cpp.o
[  2%] Building CXX object raptor/CMakeFiles/raptor.dir/core/comm_pkg.cpp.o
[  4%] Building CXX object raptor/CMakeFiles/raptor.dir/core/par_matrix.cpp.o
[  4%] Building CXX object raptor/CMakeFiles/raptor.dir/core/comm_mat.cpp.o
[  4%] Building CXX object raptor/CMakeFiles/raptor.dir/core/tap_comm.cpp.o
[  4%] Building CXX object raptor/CMakeFiles/raptor.dir/gallery/par_stencil.cpp.o
[  4%] Building CXX object raptor/CMakeFiles/raptor.dir/gallery/par_matrix_IO.cpp.o
[  6%] Building CXX object raptor/CMakeFiles/raptor.dir/gallery/par_random.cpp.o
[  6%] Building CXX object raptor/CMakeFiles/raptor.dir/gallery/par_matrix_market.cpp.o
[  6%] Building CXX object raptor/CMakeFiles/raptor.dir/util/linalg/par_spmv.cpp.o
[  6%] Building CXX object raptor/CMakeFiles/raptor.dir/util/linalg/par_matmult.cpp.o
[  7%] Building CXX object raptor/CMakeFiles/raptor.dir/util/linalg/par_diag_scale.cpp.o
[  7%] Building CXX object raptor/CMakeFiles/raptor.dir/util/linalg/par_relax.cpp.o
[ 10%] Building CXX object raptor/CMakeFiles/raptor.dir/krylov/par_cg.cpp.o
[ 10%] Building CXX object raptor/CMakeFiles/raptor.dir/par_strength.cpp.o
[ 10%] Building CXX object raptor/CMakeFiles/raptor.dir/ruge_stuben/par_interpolation.cpp.o
[ 10%] Building CXX object raptor/CMakeFiles/raptor.dir/util/linalg/repartition.cpp.o
[ 10%] Building CXX object raptor/CMakeFiles/raptor.dir/util/linalg/par_add.cpp.o
[ 10%] Building CXX object raptor/CMakeFiles/raptor.dir/aggregation/par_mis.cpp.o
[ 13%] Building CXX object raptor/CMakeFiles/raptor.dir/profiling/profile_comm.cpp.o
[ 10%] Building CXX object raptor/CMakeFiles/raptor.dir/aggregation/par_candidates.cpp.o
[ 13%] Building CXX object raptor/CMakeFiles/raptor.dir/aggregation/par_prolongation.cpp.o
[ 13%] Building CXX object raptor/CMakeFiles/raptor.dir/aggregation/par_aggregate.cpp.o
[ 13%] Building CXX object raptor/CMakeFiles/raptor.dir/ruge_stuben/par_cf_splitting.cpp.o
[ 13%] Building CXX object raptor/CMakeFiles/raptor.dir/krylov/par_bicgstab.cpp.o
[ 14%] Built target gtest_main
[ 14%] Built target gmock
[ 15%] Built target gmock_main
[ 16%] Linking CXX shared library ../lib/libraptor.so
[ 26%] Built target raptor
[ 32%] Building CXX object raptor/util/tests/CMakeFiles/test_spmv_laplacian.dir/test_spmv_laplacian.cpp.o
[ 32%] Building CXX object raptor/util/tests/CMakeFiles/test_spmv_aniso.dir/test_spmv_aniso.cpp.o
[ 42%] Building CXX object raptor/ruge_stuben/tests/CMakeFiles/test_ruge_stuben.dir/test_ruge_stuben.cpp.o
[ 42%] Building CXX object raptor/ruge_stuben/tests/CMakeFiles/test_par_splitting.dir/test_par_splitting.cpp.o
[ 42%] Building CXX object raptor/ruge_stuben/tests/CMakeFiles/test_rap.dir/test_rap.cpp.o
[ 32%] Building CXX object raptor/ruge_stuben/tests/CMakeFiles/test_tap_splitting.dir/test_tap_splitting.cpp.o
[ 32%] Building CXX object raptor/core/tests/CMakeFiles/test_transpose.dir/test_transpose.cpp.o
[ 32%] Building CXX object raptor/core/tests/CMakeFiles/test_par_transpose.dir/test_par_transpose.cpp.o
[ 32%] Building CXX object raptor/ruge_stuben/tests/CMakeFiles/test_tap_rap.dir/test_tap_rap.cpp.o
[ 32%] Building CXX object raptor/util/tests/CMakeFiles/test_par_scale_aniso.dir/test_par_scale_aniso.cpp.o
[ 42%] Building CXX object raptor/core/tests/CMakeFiles/test_tap_comm.dir/test_tap_comm.cpp.o
[ 42%] Building CXX object raptor/ruge_stuben/tests/CMakeFiles/test_interpolation.dir/test_interpolation.cpp.o
[ 32%] Building CXX object raptor/util/tests/CMakeFiles/test_repartition.dir/test_repartition.cpp.o
[ 42%] Building CXX object raptor/core/tests/CMakeFiles/test_matrix.dir/test_matrix.cpp.o
[ 32%] Building CXX object raptor/core/tests/CMakeFiles/test_par_vector.dir/test_par_vector.cpp.o
[ 32%] Building CXX object raptor/tests/CMakeFiles/test_par_strength.dir/test_par_strength.cpp.o
[ 42%] Building CXX object raptor/ruge_stuben/tests/CMakeFiles/test_par_interpolation.dir/test_par_interpolation.cpp.o
[ 32%] Building CXX object raptor/util/tests/CMakeFiles/test_spmv_random.dir/test_spmv_random.cpp.o
[ 32%] Building CXX object raptor/tests/CMakeFiles/test_strength.dir/test_strength.cpp.o
[ 42%] Building CXX object raptor/core/tests/CMakeFiles/test_par_comm.dir/test_par_comm.cpp.o
[ 42%] Building CXX object raptor/core/tests/CMakeFiles/test_par_block_conversion.dir/test_par_block_conversion.cpp.o
[ 32%] Building CXX object raptor/util/tests/CMakeFiles/test_par_add.dir/test_par_add.cpp.o
[ 42%] Building CXX object raptor/ruge_stuben/tests/CMakeFiles/test_splitting.dir/test_splitting.cpp.o
[ 32%] Building CXX object raptor/core/tests/CMakeFiles/test_par_matrix.dir/test_par_matrix.cpp.o
[ 42%] Building CXX object raptor/core/tests/CMakeFiles/test_par_block_matrix.dir/test_par_block_matrix.cpp.o
[ 32%] Building CXX object raptor/ruge_stuben/tests/CMakeFiles/test_par_rap.dir/test_par_rap.cpp.o
[ 32%] Building CXX object raptor/util/tests/CMakeFiles/test_tap_spmv_laplacian.dir/test_tap_spmv_laplacian.cpp.o
[ 32%] Building CXX object raptor/util/tests/CMakeFiles/test_par_spmv_laplacian.dir/test_par_spmv_laplacian.cpp.o
[ 32%] Building CXX object raptor/util/tests/CMakeFiles/test_tap_spmv_aniso.dir/test_tap_spmv_aniso.cpp.o
[ 32%] Building CXX object raptor/util/tests/CMakeFiles/test_par_spmv_random.dir/test_par_spmv_random.cpp.o
[ 42%] Building CXX object raptor/util/tests/CMakeFiles/test_par_spmv_aniso.dir/test_par_spmv_aniso.cpp.o
[ 32%] Building CXX object raptor/util/tests/CMakeFiles/test_tap_spmv_random.dir/test_tap_spmv_random.cpp.o
[ 44%] Linking CXX executable test_transpose
[ 44%] Linking CXX executable test_par_matrix
[ 45%] Linking CXX executable test_matrix
[ 46%] Linking CXX executable test_par_strength
[ 46%] Linking CXX executable test_par_vector
[ 46%] Linking CXX executable test_rap
[ 46%] Linking CXX executable test_par_spmv_aniso
[ 46%] Linking CXX executable test_par_interpolation
[ 47%] Linking CXX executable test_interpolation
[ 47%] Linking CXX executable test_tap_splitting
[ 50%] Linking CXX executable test_spmv_random
[ 50%] Linking CXX executable test_spmv_laplacian
[ 51%] Linking CXX executable test_strength
[ 51%] Linking CXX executable test_par_add
[ 50%] Linking CXX executable test_spmv_aniso
[ 51%] Linking CXX executable test_par_splitting
[ 51%] Linking CXX executable test_par_rap
[ 54%] Linking CXX executable test_par_transpose
[ 54%] Linking CXX executable test_splitting
[ 54%] Linking CXX executable test_tap_comm
[ 54%] Linking CXX executable test_par_spmv_random
[ 54%] Linking CXX executable test_par_comm
[ 54%] Linking CXX executable test_ruge_stuben
[ 54%] Linking CXX executable test_par_spmv_laplacian
[ 54%] Linking CXX executable test_par_block_conversion
[ 54%] Built target test_transpose
[ 54%] Built target test_par_matrix
[ 54%] Built target test_matrix
[ 54%] Built target test_par_spmv_aniso
[ 54%] Built target test_rap
[ 54%] Built target test_par_interpolation
[ 54%] Built target test_par_vector
[ 56%] Building CXX object raptor/ruge_stuben/tests/CMakeFiles/test_tap_interpolation.dir/test_tap_interpolation.cpp.o
[ 56%] Built target test_interpolation
[ 56%] Building CXX object raptor/ruge_stuben/tests/CMakeFiles/test_par_ruge_stuben.dir/test_par_ruge_stuben.cpp.o
[ 56%] Built target test_par_strength
[ 56%] Building CXX object raptor/ruge_stuben/tests/CMakeFiles/test_tap_ruge_stuben.dir/test_tap_ruge_stuben.cpp.o
[ 56%] Built target test_strength
[ 56%] Built target test_tap_splitting
[ 56%] Building CXX object raptor/aggregation/tests/CMakeFiles/test_mis.dir/test_mis.cpp.o
[ 56%] Building CXX object raptor/aggregation/tests/CMakeFiles/test_aggregate.dir/test_aggregate.cpp.o
[ 56%] Built target test_par_splitting
[ 56%] Building CXX object raptor/aggregation/tests/CMakeFiles/test_candidates.dir/test_candidates.cpp.o
[ 56%] Building CXX object raptor/aggregation/tests/CMakeFiles/test_prolongation.dir/test_prolongation.cpp.o
[ 56%] Built target test_spmv_laplacian
[ 56%] Built target test_par_add
[ 56%] Built target test_spmv_random
[ 56%] Building CXX object raptor/aggregation/tests/CMakeFiles/test_par_mis.dir/test_par_mis.cpp.o
[ 58%] Building CXX object raptor/aggregation/tests/CMakeFiles/test_tap_mis.dir/test_tap_mis.cpp.o
[ 58%] Building CXX object raptor/aggregation/tests/CMakeFiles/test_tap_aggregate.dir/test_tap_aggregate.cpp.o
[ 58%] Building CXX object raptor/aggregation/tests/CMakeFiles/test_par_aggregate.dir/test_par_aggregate.cpp.o
[ 58%] Built target test_par_transpose
[ 58%] Built target test_par_rap
[ 58%] Built target test_ruge_stuben
[ 58%] Building CXX object raptor/aggregation/tests/CMakeFiles/test_smoothed_aggregation.dir/test_smoothed_aggregation.cpp.o
[ 58%] Built target test_par_spmv_laplacian
[ 58%] Built target test_par_spmv_random
[ 58%] Built target test_spmv_aniso
[ 58%] Built target test_splitting
[ 58%] Built target test_par_comm
[ 58%] Built target test_par_block_conversion
[ 58%] Built target test_tap_comm
[ 59%] Building CXX object raptor/aggregation/tests/CMakeFiles/test_tap_candidates.dir/test_tap_candidates.cpp.o
[ 59%] Building CXX object raptor/aggregation/tests/CMakeFiles/test_par_candidates.dir/test_par_candidates.cpp.o
[ 59%] Linking CXX executable test_tap_rap
[ 59%] Building CXX object raptor/aggregation/tests/CMakeFiles/test_par_prolongation.dir/test_par_prolongation.cpp.o
[ 60%] Building CXX object raptor/aggregation/tests/CMakeFiles/test_par_smoothed_aggregation.dir/test_par_smoothed_aggregation.cpp.o
[ 60%] Linking CXX executable test_repartition
[ 64%] Building CXX object raptor/gallery/tests/CMakeFiles/test_par_aniso.dir/test_par_aniso.cpp.o
[ 64%] Linking CXX executable test_tap_spmv_laplacian
[ 64%] Building CXX object raptor/multilevel/tests/CMakeFiles/test_amg.dir/test_amg.cpp.o
[ 64%] Building CXX object raptor/gallery/tests/CMakeFiles/test_matrix_market.dir/test_matrix_market.cpp.o
[ 64%] Building CXX object raptor/aggregation/tests/CMakeFiles/test_tap_prolongation.dir/test_tap_prolongation.cpp.o
[ 64%] Building CXX object raptor/multilevel/tests/CMakeFiles/test_par_amg.dir/test_par_amg.cpp.o
[ 64%] Building CXX object raptor/gallery/tests/CMakeFiles/test_laplacian.dir/test_laplacian.cpp.o
[ 61%] Building CXX object raptor/gallery/tests/CMakeFiles/test_stencil.dir/test_stencil.cpp.o
[ 61%] Building CXX object raptor/gallery/tests/CMakeFiles/test_aniso.dir/test_aniso.cpp.o
[ 64%] Building CXX object raptor/gallery/tests/CMakeFiles/test_par_laplacian.dir/test_par_laplacian.cpp.o
[ 66%] Linking CXX executable test_tap_spmv_aniso
[ 66%] Linking CXX executable test_tap_spmv_random
[ 66%] Linking CXX executable test_par_block_matrix
[ 66%] Built target test_tap_rap
[ 66%] Linking CXX executable test_par_scale_aniso
[ 66%] Built target test_repartition
[ 66%] Built target test_tap_spmv_laplacian
[ 66%] Building CXX object raptor/gallery/tests/CMakeFiles/test_par_matrix_market.dir/test_par_matrix_market.cpp.o
[ 66%] Built target test_tap_spmv_random
[ 67%] Building CXX object raptor/krylov/tests/CMakeFiles/test_cg.dir/test_cg.cpp.o
[ 67%] Building CXX object raptor/krylov/tests/CMakeFiles/test_bicgstab.dir/test_bicgstab.cpp.o
[ 67%] Built target test_tap_spmv_aniso
[ 67%] Built target test_par_block_matrix
[ 68%] Building CXX object raptor/krylov/tests/CMakeFiles/test_par_cg.dir/test_par_cg.cpp.o
[ 68%] Built target test_par_scale_aniso
[ 68%] Building CXX object raptor/krylov/tests/CMakeFiles/test_par_bicgstab.dir/test_par_bicgstab.cpp.o
[ 68%] Linking CXX executable benchmark_spmv
[ 68%] Building CXX object examples/CMakeFiles/example.dir/example.cpp.o
[ 69%] Built target benchmark_spmv
[ 70%] Building CXX object examples/CMakeFiles/matop_example.dir/matop_example.cpp.o
[ 71%] Linking CXX executable test_mis
[ 72%] Linking CXX executable test_aggregate
[ 72%] Linking CXX executable test_prolongation
[ 72%] Linking CXX executable test_tap_interpolation
[ 74%] Linking CXX executable test_par_mis
[ 74%] Linking CXX executable test_candidates
[ 74%] Linking CXX executable test_par_aggregate
[ 74%] Linking CXX executable test_laplacian
[ 74%] Built target test_mis
[ 74%] Linking CXX executable test_smoothed_aggregation
[ 75%] Linking CXX executable test_par_prolongation
[ 77%] Building CXX object examples/CMakeFiles/benchmark_setup.dir/benchmark_setup.cpp.o
[ 77%] Built target test_prolongation
[ 77%] Linking CXX executable test_aniso
[ 77%] Built target test_aggregate
[ 77%] Linking CXX executable test_matrix_market
[ 77%] Linking CXX executable test_par_ruge_stuben
[ 79%] Linking CXX executable test_par_laplacian
[ 79%] Linking CXX executable test_par_aniso
[ 79%] Linking CXX executable test_par_candidates
[ 81%] Linking CXX executable test_stencil
[ 81%] Linking CXX executable test_tap_ruge_stuben
[ 81%] Building CXX object examples/CMakeFiles/csr_example.dir/csr_example.cpp.o
[ 81%] Built target test_tap_interpolation
[ 81%] Building CXX object examples/CMakeFiles/coo_example.dir/coo_example.cpp.o
[ 81%] Linking CXX executable test_tap_prolongation
[ 81%] Built target test_par_mis
[ 81%] Built target test_par_aggregate
[ 81%] Built target test_candidates
[ 81%] Built target test_laplacian
[ 82%] Building CXX object examples/CMakeFiles/benchmark_solve.dir/benchmark_solve.cpp.o
[ 84%] Building CXX object examples/CMakeFiles/benchmark_reader.dir/benchmark_reader.cpp.o
[ 84%] Linking CXX executable test_tap_aggregate
[ 84%] Building CXX object examples/CMakeFiles/benchmark_tap_spgemm.dir/benchmark_tap_spgemm.cpp.o
[ 85%] Building CXX object examples/CMakeFiles/benchmark_tap_spmv.dir/benchmark_tap_spmv.cpp.o
[ 85%] Linking CXX executable test_amg
[ 85%] Built target test_smoothed_aggregation
[ 85%] Building CXX object examples/CMakeFiles/profile_tap_spgemm.dir/profile_tap_spgemm.cpp.o
[ 85%] Built target test_par_prolongation
[ 85%] Built target test_matrix_market
[ 85%] Built target test_aniso
[ 85%] Building CXX object examples/CMakeFiles/benchmark_amg.dir/benchmark_amg.cpp.o
[ 85%] Built target test_par_candidates
[ 85%] Linking CXX executable test_tap_candidates
[ 85%] Linking CXX executable test_tap_mis
[ 86%] Built target test_par_aniso
[ 86%] Building CXX object examples/CMakeFiles/benchmark_setup_sweeps.dir/benchmark_setup_sweeps.cpp.o
[ 86%] Built target test_stencil
[ 86%] Built target test_par_laplacian
[ 86%] Built target test_tap_prolongation
[ 86%] Built target test_par_ruge_stuben
[ 86%] Building CXX object examples/CMakeFiles/profile_tap_sas.dir/profile_tap_sas.cpp.o
[ 86%] Built target test_tap_ruge_stuben
[ 86%] Linking CXX executable test_par_smoothed_aggregation
[ 86%] Building CXX object examples/CMakeFiles/profile_tap_rss.dir/profile_tap_rss.cpp.o
[ 87%] Building CXX object examples/CMakeFiles/profile_tap_amg.dir/profile_tap_amg.cpp.o
[ 87%] Linking CXX executable test_par_matrix_market
[ 87%] Building CXX object examples/CMakeFiles/profile_tap_steps.dir/profile_tap_steps.cpp.o
[ 88%] Building CXX object examples/CMakeFiles/model_tap_steps.dir/model_tap_steps.cpp.o
[ 88%] Linking CXX executable test_par_cg
[ 88%] Built target test_tap_aggregate
[ 89%] Linking CXX executable matop_example
[ 89%] Linking CXX executable test_bicgstab
[ 89%] Built target test_amg
[ 89%] Linking CXX executable test_par_bicgstab
[ 89%] Linking CXX executable test_cg
[ 89%] Built target test_tap_candidates
[ 89%] Built target test_tap_mis
[ 89%] Built target test_par_smoothed_aggregation
[ 89%] Built target test_par_matrix_market
[ 89%] Built target test_par_cg
[ 89%] Built target matop_example
[ 90%] Linking CXX executable example
[ 90%] Built target test_bicgstab
[ 90%] Built target test_par_bicgstab
[ 91%] Linking CXX executable test_par_amg
[ 91%] Built target test_cg
[ 91%] Built target example
[ 91%] Built target test_par_amg
[ 92%] Linking CXX executable csr_example
[ 93%] Linking CXX executable coo_example
[ 93%] Built target csr_example
[ 93%] Built target coo_example
[ 94%] Linking CXX executable benchmark_tap_spmv
[ 94%] Linking CXX executable benchmark_reader
[ 94%] Linking CXX executable benchmark_setup
[ 95%] Linking CXX executable profile_tap_spgemm
[ 96%] Linking CXX executable benchmark_tap_spgemm
[ 96%] Built target benchmark_tap_spmv
[ 96%] Built target benchmark_reader
[ 96%] Linking CXX executable benchmark_solve
[ 96%] Built target benchmark_setup
[ 96%] Linking CXX executable benchmark_amg
[ 97%] Linking CXX executable profile_tap_rss
[ 98%] Linking CXX executable profile_tap_sas
[ 99%] Linking CXX executable benchmark_setup_sweeps
[ 99%] Linking CXX executable profile_tap_amg
[ 99%] Built target profile_tap_spgemm
[100%] Linking CXX executable model_tap_steps
[100%] Linking CXX executable profile_tap_steps
[100%] Built target benchmark_tap_spgemm
[100%] Built target benchmark_solve
[100%] Built target benchmark_amg
[100%] Built target profile_tap_rss
[100%] Built target profile_tap_sas
[100%] Built target benchmark_setup_sweeps
[100%] Built target profile_tap_amg
[100%] Built target profile_tap_steps
[100%] Built target model_tap_steps
  argv[1] = 1e-7
  argv[2] = 1e-7
  argv[3] = 1
  argv[4] = 500
  argv[1] = 1e-7
  argv[2] = 1e-7
  argv[3] = 1
  argv[4] = 500
N is>>>>>500N is>>>>>500

Level	NumRows	NNZ
-----	-------	---
0	250000	2244004
1	151641	2258935
2	88990	2208782
3	42624	1408926
4	20508	779566
5	9665	393875
6	4531	188931
7	2070	85460
8	928	35556
9	399	13419
10	159	3969
11	60	902
12	19	135
Time:0.00754584,bytes:4000,gbps:0.00424075
cr:38.835,iter:0,level:0,rank:0,datasize:500,operation:
Time:0.000307327,bytes:4000,gbps:0.104124
cr:38.835,iter:0,level:0,rank:0,datasize:500,operation:Pre-Smoothing
Time:0.00452191,bytes:4000,gbps:0.00707666
cr:1.02171,iter:0,level:0,rank:0,datasize:500,operation:Residual
Time:0.000291583,bytes:5088,gbps:0.139597
cr:47.5514,iter:0,level:1,rank:0,datasize:636,operation:Pre-Smoothing
Time:0.00202444,bytes:5088,gbps:0.0201063
cr:1.02871,iter:0,level:1,rank:0,datasize:636,operation:Residual
Time:0.000295331,bytes:6328,gbps:0.171414
cr:59.1402,iter:0,level:2,rank:0,datasize:791,operation:Pre-Smoothing
Time:0.00199073,bytes:6328,gbps:0.0254299
cr:1.0323,iter:0,level:2,rank:0,datasize:791,operation:Residual
Time:0.000300778,bytes:7000,gbps:0.186184
cr:65.4206,iter:0,level:3,rank:0,datasize:875,operation:Pre-Smoothing
Time:0.00324971,bytes:7000,gbps:0.0172323
cr:1.03352,iter:0,level:3,rank:0,datasize:875,operation:Residual
Time:0.000288087,bytes:5880,gbps:0.163284
cr:54.9533,iter:0,level:4,rank:0,datasize:735,operation:Pre-Smoothing
Time:0.00584633,bytes:5880,gbps:0.00804607
cr:1.02923,iter:0,level:4,rank:0,datasize:735,operation:Residual
Time:0.000270819,bytes:4664,gbps:0.137775
cr:43.5888,iter:0,level:5,rank:0,datasize:583,operation:Pre-Smoothing
Time:0.00844355,bytes:4664,gbps:0.00441899
cr:1.02438,iter:0,level:5,rank:0,datasize:583,operation:Residual
Time:0.000259369,bytes:3832,gbps:0.118195
cr:37.2039,iter:0,level:6,rank:0,datasize:479,operation:Pre-Smoothing
Time:0.00760828,bytes:3832,gbps:0.00402929
cr:1.01969,iter:0,level:6,rank:0,datasize:479,operation:Residual
Time:0.000278691,bytes:2944,gbps:0.0845094
cr:28.5825,iter:0,level:7,rank:0,datasize:368,operation:Pre-Smoothing
Time:0.00424196,bytes:2944,gbps:0.00555215
cr:1.00891,iter:0,level:7,rank:0,datasize:368,operation:Residual
Time:0.000254951,bytes:2176,gbps:0.0682798
cr:21.1262,iter:0,level:8,rank:0,datasize:272,operation:Pre-Smoothing
Time:0.00587756,bytes:2176,gbps:0.00296177
cr:0.999541,iter:0,level:8,rank:0,datasize:272,operation:Residual
Time:7.9528e-05,bytes:1312,gbps:0.131979
cr:11.9273,iter:0,level:9,rank:0,datasize:164,operation:Pre-Smoothing
Time:0.00114545,bytes:1312,gbps:0.00916324
cr:0.984985,iter:0,level:9,rank:0,datasize:164,operation:Residual
Time:6.6799e-05,bytes:584,gbps:0.0699412
cr:5.30909,iter:0,level:10,rank:0,datasize:73,operation:Pre-Smoothing
Time:0.00100071,bytes:584,gbps:0.00466869
cr:0.909657,iter:0,level:10,rank:0,datasize:73,operation:Residual
Time:5.6223e-05,bytes:216,gbps:0.0307348
cr:1.96364,iter:0,level:11,rank:0,datasize:27,operation:Pre-Smoothing
Time:0.000918117,bytes:216,gbps:0.00188211
cr:0.791209,iter:0,level:11,rank:0,datasize:27,operation:Residual
Time:6.5593e-05,bytes:64,gbps:0.00780571
cr:0.528926,iter:0,level:12,rank:0,datasize:8,operation:Interpolation
Time:0.000467687,bytes:216,gbps:0.00369478
cr:0.791209,iter:0,level:12,rank:0,datasize:27,operation:Post-smoothing
Time:5.7156e-05,bytes:64,gbps:0.00895794
cr:0.528926,iter:0,level:12,rank:0,datasize:8,operation:Interpolation
Time:0.0010209,bytes:584,gbps:0.00457634
cr:0.909657,iter:0,level:12,rank:0,datasize:73,operation:Post-smoothing
Time:0.00109364,bytes:176,gbps:0.00128745
cr:0.755365,iter:0,level:12,rank:0,datasize:22,operation:Interpolation
Time:0.00115362,bytes:1312,gbps:0.00909829
cr:0.992436,iter:0,level:12,rank:0,datasize:164,operation:Post-smoothing
Time:0.00126567,bytes:256,gbps:0.00161812
cr:0.815287,iter:0,level:12,rank:0,datasize:32,operation:Interpolation
Time:0.00215396,bytes:2176,gbps:0.00808185
cr:1.02982,iter:0,level:12,rank:0,datasize:272,operation:Post-smoothing
Time:0.0011044,bytes:368,gbps:0.0026657
cr:0.86385,iter:0,level:12,rank:0,datasize:46,operation:Interpolation
Time:0.00740113,bytes:2944,gbps:0.00318222
cr:1.04657,iter:0,level:12,rank:0,datasize:368,operation:Post-smoothing
Time:0.00107492,bytes:560,gbps:0.00416774
cr:0.906149,iter:0,level:12,rank:0,datasize:70,operation:Interpolation
Time:0.00147481,bytes:3832,gbps:0.0207864
cr:1.05217,iter:0,level:12,rank:0,datasize:479,operation:Post-smoothing
Time:0.00094676,bytes:592,gbps:0.00500232
cr:0.910769,iter:0,level:12,rank:0,datasize:74,operation:Interpolation
Time:0.00199971,bytes:4664,gbps:0.0186587
cr:1.05688,iter:0,level:12,rank:0,datasize:583,operation:Post-smoothing
Time:0.00108874,bytes:896,gbps:0.00658373
cr:0.956243,iter:0,level:12,rank:0,datasize:112,operation:Interpolation
Time:0.00347679,bytes:5880,gbps:0.0135297
cr:1.05641,iter:0,level:12,rank:0,datasize:735,operation:Post-smoothing
Time:0.00110698,bytes:1184,gbps:0.00855661
cr:0.979322,iter:0,level:12,rank:0,datasize:148,operation:Interpolation
Time:0.0015006,bytes:7000,gbps:0.0373183
cr:1.0574,iter:0,level:12,rank:0,datasize:875,operation:Post-smoothing
Time:0.00128672,bytes:1600,gbps:0.0099478
cr:1.00313,iter:0,level:12,rank:0,datasize:200,operation:Interpolation
Time:0.0014858,bytes:6328,gbps:0.0340718
cr:1.05309,iter:0,level:12,rank:0,datasize:791,operation:Post-smoothing
Time:0.00547724,bytes:1848,gbps:0.00269917
cr:1.01427,iter:0,level:12,rank:0,datasize:231,operation:Interpolation
Time:0.00225042,bytes:5088,gbps:0.0180873
cr:1.04476,iter:0,level:12,rank:0,datasize:636,operation:Post-smoothing
Time:0.00142289,bytes:1688,gbps:0.00949054
cr:0.998817,iter:0,level:12,rank:0,datasize:211,operation:Interpolation
Time:0.00120546,bytes:4000,gbps:0.026546
cr:1.02801,iter:0,level:12,rank:0,datasize:500,operation:Post-smoothing
Time:0.00139268,bytes:4000,gbps:0.0229772
cr:1.0296,iter:0,level:12,rank:0,datasize:500,operation:Residual-Norm
Time:0.00188672,bytes:4000,gbps:0.0169607
cr:1.0296,iter:1,level:0,rank:0,datasize:500,operation:Pre-Smoothing
Time:0.00159522,bytes:4000,gbps:0.02006
cr:1.0296,iter:1,level:0,rank:0,datasize:500,operation:Residual
Time:0.000284719,bytes:5088,gbps:0.142962
cr:47.5514,iter:1,level:1,rank:0,datasize:636,operation:Pre-Smoothing
Time:0.00940009,bytes:5088,gbps:0.00433017
cr:1.02746,iter:1,level:1,rank:0,datasize:636,operation:Residual
Time:0.000304307,bytes:6328,gbps:0.166358
cr:59.1402,iter:1,level:2,rank:0,datasize:791,operation:Pre-Smoothing
Time:0.00786829,bytes:6328,gbps:0.00643393
cr:1.03079,iter:1,level:2,rank:0,datasize:791,operation:Residual
Time:0.000299666,bytes:7000,gbps:0.186875
cr:65.4206,iter:1,level:3,rank:0,datasize:875,operation:Pre-Smoothing
Time:0.00819132,bytes:7000,gbps:0.00683651
cr:1.03321,iter:1,level:3,rank:0,datasize:875,operation:Residual
Time:0.000285415,bytes:5880,gbps:0.164813
cr:54.9533,iter:1,level:4,rank:0,datasize:735,operation:Pre-Smoothing
Time:0.00844169,bytes:5880,gbps:0.00557234
cr:1.03267,iter:1,level:4,rank:0,datasize:735,operation:Residual
Time:0.000273348,bytes:4664,gbps:0.1365
cr:43.5888,iter:1,level:5,rank:0,datasize:583,operation:Pre-Smoothing
Time:0.00716372,bytes:4664,gbps:0.00520847
cr:1.02505,iter:1,level:5,rank:0,datasize:583,operation:Residual
Time:0.00025908,bytes:3832,gbps:0.118326
cr:37.2039,iter:1,level:6,rank:0,datasize:479,operation:Pre-Smoothing
Time:0.00769917,bytes:3832,gbps:0.00398173
cr:1.01942,iter:1,level:6,rank:0,datasize:479,operation:Residual
Time:0.000270449,bytes:2944,gbps:0.0870848
cr:28.5825,iter:1,level:7,rank:0,datasize:368,operation:Pre-Smoothing
Time:0.007821,bytes:2944,gbps:0.00301138
cr:1.00787,iter:1,level:7,rank:0,datasize:368,operation:Residual
Time:0.000249803,bytes:2176,gbps:0.0696869
cr:21.1262,iter:1,level:8,rank:0,datasize:272,operation:Pre-Smoothing
Time:0.00718995,bytes:2176,gbps:0.00242116
cr:0.998623,iter:1,level:8,rank:0,datasize:272,operation:Residual
Time:8.0024e-05,bytes:1312,gbps:0.131161
cr:11.9273,iter:1,level:9,rank:0,datasize:164,operation:Pre-Smoothing
Time:0.00120826,bytes:1312,gbps:0.00868691
cr:0.980568,iter:1,level:9,rank:0,datasize:164,operation:Residual
Time:6.7171e-05,bytes:584,gbps:0.0695538
cr:5.30909,iter:1,level:10,rank:0,datasize:73,operation:Pre-Smoothing
Time:0.00107509,bytes:584,gbps:0.00434568
cr:0.909657,iter:1,level:10,rank:0,datasize:73,operation:Residual
Time:5.6846e-05,bytes:216,gbps:0.0303979
cr:1.96364,iter:1,level:11,rank:0,datasize:27,operation:Pre-Smoothing
Time:0.00109935,bytes:216,gbps:0.00157184
cr:0.791209,iter:1,level:11,rank:0,datasize:27,operation:Residual
Time:0.000986041,bytes:64,gbps:0.000519248
cr:0.528926,iter:1,level:12,rank:0,datasize:8,operation:Interpolation
Time:0.00118858,bytes:216,gbps:0.00145383
cr:0.791209,iter:1,level:12,rank:0,datasize:27,operation:Post-smoothing
Time:0.000952889,bytes:64,gbps:0.000537313
cr:0.528926,iter:1,level:12,rank:0,datasize:8,operation:Interpolation
Time:0.00120811,bytes:584,gbps:0.00386721
cr:0.909657,iter:1,level:12,rank:0,datasize:73,operation:Post-smoothing
Time:0.00113947,bytes:176,gbps:0.00123566
cr:0.755365,iter:1,level:12,rank:0,datasize:22,operation:Interpolation
Time:0.00147058,bytes:1312,gbps:0.00713731
cr:0.988696,iter:1,level:12,rank:0,datasize:164,operation:Post-smoothing
Time:0.00113087,bytes:256,gbps:0.00181099
cr:0.815287,iter:1,level:12,rank:0,datasize:32,operation:Interpolation
Time:0.00725833,bytes:2176,gbps:0.00239835
cr:1.02112,iter:1,level:12,rank:0,datasize:272,operation:Post-smoothing
Time:0.00112779,bytes:368,gbps:0.00261042
cr:0.86385,iter:1,level:12,rank:0,datasize:46,operation:Interpolation
Time:0.00344212,bytes:2944,gbps:0.00684229
cr:1.03443,iter:1,level:12,rank:0,datasize:368,operation:Post-smoothing
Time:0.00105838,bytes:560,gbps:0.00423289
cr:0.906149,iter:1,level:12,rank:0,datasize:70,operation:Interpolation
Time:0.00341815,bytes:3832,gbps:0.00896859
cr:1.04357,iter:1,level:12,rank:0,datasize:479,operation:Post-smoothing
Time:0.00111222,bytes:592,gbps:0.00425814
cr:0.910769,iter:1,level:12,rank:0,datasize:74,operation:Interpolation
Time:0.00693247,bytes:4664,gbps:0.00538221
cr:1.04715,iter:1,level:12,rank:0,datasize:583,operation:Post-smoothing
Time:0.00113405,bytes:896,gbps:0.0063207
cr:0.939203,iter:1,level:12,rank:0,datasize:112,operation:Interpolation
Time:0.00250927,bytes:5880,gbps:0.0187465
cr:1.05094,iter:1,level:12,rank:0,datasize:735,operation:Post-smoothing
Time:0.00103478,bytes:1184,gbps:0.00915365
cr:0.975288,iter:1,level:12,rank:0,datasize:148,operation:Interpolation
Time:0.0072668,bytes:7000,gbps:0.00770628
cr:1.05232,iter:1,level:12,rank:0,datasize:875,operation:Post-smoothing
Time:0.00233345,bytes:1600,gbps:0.00548543
cr:0.996264,iter:1,level:12,rank:0,datasize:200,operation:Interpolation
Time:0.00250126,bytes:6328,gbps:0.0202394
cr:1.05064,iter:1,level:12,rank:0,datasize:791,operation:Post-smoothing
Time:0.00142823,bytes:1848,gbps:0.0103513
cr:1.00435,iter:1,level:12,rank:0,datasize:231,operation:Interpolation
Time:0.00589951,bytes:5088,gbps:0.00689955
cr:1.04348,iter:1,level:12,rank:0,datasize:636,operation:Post-smoothing
Time:0.00372215,bytes:1688,gbps:0.00362801
cr:0.997636,iter:1,level:12,rank:0,datasize:211,operation:Interpolation
Time:0.00133019,bytes:4000,gbps:0.0240568
cr:1.03306,iter:1,level:12,rank:0,datasize:500,operation:Post-smoothing
Time:0.00138665,bytes:4000,gbps:0.0230772
cr:1.03306,iter:1,level:12,rank:0,datasize:500,operation:Residual-Norm
Time:0.00195487,bytes:4000,gbps:0.0163694
cr:1.03306,iter:2,level:0,rank:0,datasize:500,operation:Pre-Smoothing
Time:0.00162919,bytes:4000,gbps:0.0196417
cr:1.03413,iter:2,level:0,rank:0,datasize:500,operation:Residual
Time:0.00027462,bytes:5088,gbps:0.148219
cr:47.5514,iter:2,level:1,rank:0,datasize:636,operation:Pre-Smoothing
SZ is downgraded to lossless mode.
SZ is downgraded to lossless mode.
Time:0.00941272,bytes:5088,gbps:0.00432436
cr:1.02788,iter:2,level:1,rank:0,datasize:636,operation:Residual
Time:0.000291738,bytes:6328,gbps:0.173526
cr:59.1402,iter:2,level:2,rank:0,datasize:791,operation:Pre-Smoothing
SZ is downgraded to lossless mode.
SZ is downgraded to lossless mode.
Time:0.00863731,bytes:6328,gbps:0.00586108
cr:1.03432,iter:2,level:2,rank:0,datasize:791,operation:Residual
Time:0.000303599,bytes:7000,gbps:0.184454
cr:65.4206,iter:2,level:3,rank:0,datasize:875,operation:Pre-Smoothing
SZ is downgraded to lossless mode.
SZ is downgraded to lossless mode.
Time:0.008819,bytes:7000,gbps:0.00634993
cr:1.03321,iter:2,level:3,rank:0,datasize:875,operation:Residual
Time:0.000288682,bytes:5880,gbps:0.162947
cr:54.9533,iter:2,level:4,rank:0,datasize:735,operation:Pre-Smoothing
SZ is downgraded to lossless mode.
SZ is downgraded to lossless mode.
Time:0.00754678,bytes:5880,gbps:0.00623313
cr:1.03049,iter:2,level:4,rank:0,datasize:735,operation:Residual
Time:0.000269822,bytes:4664,gbps:0.138284
cr:43.5888,iter:2,level:5,rank:0,datasize:583,operation:Pre-Smoothing
SZ is downgraded to lossless mode.
SZ is downgraded to lossless mode.
Time:0.00808493,bytes:4664,gbps:0.00461501
cr:1.02596,iter:2,level:5,rank:0,datasize:583,operation:Residual
Time:0.000254978,bytes:3832,gbps:0.12023
cr:37.2039,iter:2,level:6,rank:0,datasize:479,operation:Pre-Smoothing
SZ is downgraded to lossless mode.
SZ is downgraded to lossless mode.
Time:0.00804152,bytes:3832,gbps:0.00381221
cr:1.01942,iter:2,level:6,rank:0,datasize:479,operation:Residual
Time:0.000271941,bytes:2944,gbps:0.086607
cr:28.5825,iter:2,level:7,rank:0,datasize:368,operation:Pre-Smoothing
Time:0.0080122,bytes:2944,gbps:0.00293952
cr:1.00581,iter:2,level:7,rank:0,datasize:368,operation:Residual
Time:0.000248943,bytes:2176,gbps:0.0699277
cr:21.1262,iter:2,level:8,rank:0,datasize:272,operation:Pre-Smoothing
Time:0.00660418,bytes:2176,gbps:0.00263591
cr:0.993154,iter:2,level:8,rank:0,datasize:272,operation:Residual
Time:7.8965e-05,bytes:1312,gbps:0.13292
cr:11.9273,iter:2,level:9,rank:0,datasize:164,operation:Pre-Smoothing
Time:0.0012398,bytes:1312,gbps:0.00846587
cr:0.957664,iter:2,level:9,rank:0,datasize:164,operation:Residual
Time:6.6195e-05,bytes:584,gbps:0.0705793
cr:5.30909,iter:2,level:10,rank:0,datasize:73,operation:Pre-Smoothing
Time:0.00116138,bytes:584,gbps:0.00402278
cr:0.909657,iter:2,level:10,rank:0,datasize:73,operation:Residual
Time:5.7232e-05,bytes:216,gbps:0.0301929
cr:1.96364,iter:2,level:11,rank:0,datasize:27,operation:Pre-Smoothing
Time:0.00100032,bytes:216,gbps:0.00172745
cr:0.791209,iter:2,level:11,rank:0,datasize:27,operation:Residual
Time:0.00112447,bytes:64,gbps:0.000455324
cr:0.528926,iter:2,level:12,rank:0,datasize:8,operation:Interpolation
Time:0.00103957,bytes:216,gbps:0.00166222
cr:0.791209,iter:2,level:12,rank:0,datasize:27,operation:Post-smoothing
Time:0.000960033,bytes:64,gbps:0.000533315
cr:0.528926,iter:2,level:12,rank:0,datasize:8,operation:Interpolation
Time:0.00118308,bytes:584,gbps:0.00394901
cr:0.909657,iter:2,level:12,rank:0,datasize:73,operation:Post-smoothing
Time:0.000896688,bytes:176,gbps:0.00157022
cr:0.755365,iter:2,level:12,rank:0,datasize:22,operation:Interpolation
Time:0.00118561,bytes:1312,gbps:0.0088528
cr:0.982772,iter:2,level:12,rank:0,datasize:164,operation:Post-smoothing
Time:0.00112334,bytes:256,gbps:0.00182314
cr:0.815287,iter:2,level:12,rank:0,datasize:32,operation:Interpolation
Time:0.00571863,bytes:2176,gbps:0.00304408
cr:1.01398,iter:2,level:12,rank:0,datasize:272,operation:Post-smoothing
Time:0.00109718,bytes:368,gbps:0.00268324
cr:0.86385,iter:2,level:12,rank:0,datasize:46,operation:Interpolation
Time:0.00724913,bytes:2944,gbps:0.00324894
cr:1.02937,iter:2,level:12,rank:0,datasize:368,operation:Post-smoothing
Time:0.00107316,bytes:560,gbps:0.00417459
cr:0.906149,iter:2,level:12,rank:0,datasize:70,operation:Interpolation
Time:0.00566401,bytes:3832,gbps:0.00541242
cr:1.03764,iter:2,level:12,rank:0,datasize:479,operation:Post-smoothing
Time:0.0010578,bytes:592,gbps:0.00447722
cr:0.910769,iter:2,level:12,rank:0,datasize:74,operation:Interpolation
Time:0.00689622,bytes:4664,gbps:0.0054105
cr:1.04247,iter:2,level:12,rank:0,datasize:583,operation:Post-smoothing
Time:0.00110925,bytes:896,gbps:0.00646202
cr:0.939203,iter:2,level:12,rank:0,datasize:112,operation:Interpolation
Time:0.00664705,bytes:5880,gbps:0.00707682
cr:1.04329,iter:2,level:12,rank:0,datasize:735,operation:Post-smoothing
Time:0.00114417,bytes:1184,gbps:0.0082785
cr:0.953301,iter:2,level:12,rank:0,datasize:148,operation:Interpolation
Time:0.00790796,bytes:7000,gbps:0.00708147
cr:1.04369,iter:2,level:12,rank:0,datasize:875,operation:Post-smoothing
Time:0.00391035,bytes:1600,gbps:0.00327337
cr:0.990712,iter:2,level:12,rank:0,datasize:200,operation:Interpolation
Time:0.00637948,bytes:6328,gbps:0.00793544
cr:1.03857,iter:2,level:12,rank:0,datasize:791,operation:Post-smoothing
Time:0.00146854,bytes:1848,gbps:0.0100672
cr:0.998919,iter:2,level:12,rank:0,datasize:231,operation:Interpolation
Time:0.00608464,bytes:5088,gbps:0.00668963
cr:1.03184,iter:2,level:12,rank:0,datasize:636,operation:Post-smoothing
Time:0.00781409,bytes:1688,gbps:0.00172816
cr:0.992941,iter:2,level:12,rank:0,datasize:211,operation:Interpolation
Time:0.000569489,bytes:4000,gbps:0.0561907
cr:1.03439,iter:2,level:12,rank:0,datasize:500,operation:Post-smoothing
Time:0.00129414,bytes:4000,gbps:0.0247268
cr:1.03546,iter:2,level:12,rank:0,datasize:500,operation:Residual-Norm
Time:0.00172793,bytes:4000,gbps:0.0185193
cr:1.03546,iter:3,level:0,rank:0,datasize:500,operation:Pre-Smoothing
Time:0.00178878,bytes:4000,gbps:0.0178893
cr:1.03413,iter:3,level:0,rank:0,datasize:500,operation:Residual
Time:0.000273982,bytes:5088,gbps:0.148565
cr:47.5514,iter:3,level:1,rank:0,datasize:636,operation:Pre-Smoothing
SZ is downgraded to lossless mode.
SZ is downgraded to lossless mode.
Time:0.00778703,bytes:5088,gbps:0.00522715
cr:1.02809,iter:3,level:1,rank:0,datasize:636,operation:Residual
Time:0.000296026,bytes:6328,gbps:0.171012
cr:59.1402,iter:3,level:2,rank:0,datasize:791,operation:Pre-Smoothing
SZ is downgraded to lossless mode.
SZ is downgraded to lossless mode.
Time:0.00737268,bytes:6328,gbps:0.00686643
cr:1.03045,iter:3,level:2,rank:0,datasize:791,operation:Residual
Time:0.000296753,bytes:7000,gbps:0.188709
cr:65.4206,iter:3,level:3,rank:0,datasize:875,operation:Pre-Smoothing
SZ is downgraded to lossless mode.
SZ is downgraded to lossless mode.
Time:0.00817704,bytes:7000,gbps:0.00684845
cr:1.03291,iter:3,level:3,rank:0,datasize:875,operation:Residual
Time:0.000289676,bytes:5880,gbps:0.162388
cr:54.9533,iter:3,level:4,rank:0,datasize:735,operation:Pre-Smoothing
SZ is downgraded to lossless mode.
SZ is downgraded to lossless mode.
Time:0.00756545,bytes:5880,gbps:0.00621774
cr:1.03031,iter:3,level:4,rank:0,datasize:735,operation:Residual
Time:0.000269635,bytes:4664,gbps:0.13838
cr:43.5888,iter:3,level:5,rank:0,datasize:583,operation:Pre-Smoothing
SZ is downgraded to lossless mode.
SZ is downgraded to lossless mode.
Time:0.00709437,bytes:4664,gbps:0.00525938
cr:1.02573,iter:3,level:5,rank:0,datasize:583,operation:Residual
Time:0.000257093,bytes:3832,gbps:0.119241
cr:37.2039,iter:3,level:6,rank:0,datasize:479,operation:Pre-Smoothing
SZ is downgraded to lossless mode.
SZ is downgraded to lossless mode.
Time:0.00445672,bytes:3832,gbps:0.0068786
cr:1.02023,iter:3,level:6,rank:0,datasize:479,operation:Residual
Time:0.000262954,bytes:2944,gbps:0.089567
cr:28.5825,iter:3,level:7,rank:0,datasize:368,operation:Pre-Smoothing
Time:0.00476195,bytes:2944,gbps:0.00494587
cr:1.0096,iter:3,level:7,rank:0,datasize:368,operation:Residual
Time:0.000252574,bytes:2176,gbps:0.0689224
cr:21.1262,iter:3,level:8,rank:0,datasize:272,operation:Pre-Smoothing
Time:0.00557074,bytes:2176,gbps:0.0031249
cr:0.994516,iter:3,level:8,rank:0,datasize:272,operation:Residual
Time:7.7424e-05,bytes:1312,gbps:0.135565
cr:11.9273,iter:3,level:9,rank:0,datasize:164,operation:Pre-Smoothing
Time:0.00107866,bytes:1312,gbps:0.00973061
cr:0.957664,iter:3,level:9,rank:0,datasize:164,operation:Residual
Time:6.4882e-05,bytes:584,gbps:0.0720076
cr:5.30909,iter:3,level:10,rank:0,datasize:73,operation:Pre-Smoothing
Time:0.00075781,bytes:584,gbps:0.00616513
cr:0.909657,iter:3,level:10,rank:0,datasize:73,operation:Residual
Time:5.4539e-05,bytes:216,gbps:0.0316837
cr:1.96364,iter:3,level:11,rank:0,datasize:27,operation:Pre-Smoothing
Time:0.000626216,bytes:216,gbps:0.00275943
cr:0.791209,iter:3,level:11,rank:0,datasize:27,operation:Residual
Time:0.000655068,bytes:64,gbps:0.000781598
cr:0.528926,iter:3,level:12,rank:0,datasize:8,operation:Interpolation
Time:0.00110226,bytes:216,gbps:0.00156769
cr:0.791209,iter:3,level:12,rank:0,datasize:27,operation:Post-smoothing
Time:0.000811283,bytes:64,gbps:0.000631099
cr:0.528926,iter:3,level:12,rank:0,datasize:8,operation:Interpolation
Time:0.00112107,bytes:584,gbps:0.00416743
cr:0.909657,iter:3,level:12,rank:0,datasize:73,operation:Post-smoothing
Time:0.00111566,bytes:176,gbps:0.00126204
cr:0.755365,iter:3,level:12,rank:0,datasize:22,operation:Interpolation
Time:0.00129059,bytes:1312,gbps:0.00813269
cr:0.982772,iter:3,level:12,rank:0,datasize:164,operation:Post-smoothing
Time:0.00113928,bytes:256,gbps:0.00179763
cr:0.815287,iter:3,level:12,rank:0,datasize:32,operation:Interpolation
Time:0.00830016,bytes:2176,gbps:0.00209731
cr:1.00601,iter:3,level:12,rank:0,datasize:272,operation:Post-smoothing
Time:0.00112912,bytes:368,gbps:0.00260735
cr:0.86385,iter:3,level:12,rank:0,datasize:46,operation:Interpolation
Time:0.00766289,bytes:2944,gbps:0.00307351
cr:1.02116,iter:3,level:12,rank:0,datasize:368,operation:Post-smoothing
Time:0.00111453,bytes:560,gbps:0.00401964
cr:0.906149,iter:3,level:12,rank:0,datasize:70,operation:Interpolation
Time:0.00808254,bytes:3832,gbps:0.00379287
cr:1.02762,iter:3,level:12,rank:0,datasize:479,operation:Post-smoothing
Time:0.00110839,bytes:592,gbps:0.00427286
cr:0.910769,iter:3,level:12,rank:0,datasize:74,operation:Interpolation
Time:0.00864147,bytes:4664,gbps:0.00431778
cr:1.033,iter:3,level:12,rank:0,datasize:583,operation:Post-smoothing
Time:0.00113398,bytes:896,gbps:0.0063211
cr:0.939203,iter:3,level:12,rank:0,datasize:112,operation:Interpolation
SZ is downgraded to lossless mode.
Time:0.0085474,bytes:5880,gbps:0.00550343
cr:1.03394,iter:3,level:12,rank:0,datasize:735,operation:Post-smoothing
Time:0.0011455,bytes:1184,gbps:0.00826891
cr:0.953301,iter:3,level:12,rank:0,datasize:148,operation:Interpolation
Time:0.00774351,bytes:7000,gbps:0.00723186
cr:1.0352,iter:3,level:12,rank:0,datasize:875,operation:Post-smoothing
Time:0.00344403,bytes:1600,gbps:0.00371658
cr:0.983405,iter:3,level:12,rank:0,datasize:200,operation:Interpolation
SZ is downgraded to lossless mode.
SZ is downgraded to lossless mode.
Time:0.00756411,bytes:6328,gbps:0.00669265
cr:1.03045,iter:3,level:12,rank:0,datasize:791,operation:Post-smoothing
Time:0.00629494,bytes:1848,gbps:0.00234855
cr:0.988764,iter:3,level:12,rank:0,datasize:231,operation:Interpolation
Time:0.00743847,bytes:5088,gbps:0.00547209
cr:1.02767,iter:3,level:12,rank:0,datasize:636,operation:Post-smoothing
Time:0.00731987,bytes:1688,gbps:0.00184484
cr:0.984257,iter:3,level:12,rank:0,datasize:211,operation:Interpolation
Time:0.00132871,bytes:4000,gbps:0.0240835
cr:1.03815,iter:3,level:12,rank:0,datasize:500,operation:Post-smoothing
Time:0.00138961,bytes:4000,gbps:0.0230281
cr:1.03627,iter:3,level:12,rank:0,datasize:500,operation:Residual-Norm
Time:0.00190275,bytes:4000,gbps:0.0168177
cr:1.03627,iter:4,level:0,rank:0,datasize:500,operation:Pre-Smoothing
Time:0.00164873,bytes:4000,gbps:0.0194089
cr:1.03573,iter:4,level:0,rank:0,datasize:500,operation:Residual
Time:0.000271844,bytes:5088,gbps:0.149733
cr:47.5514,iter:4,level:1,rank:0,datasize:636,operation:Pre-Smoothing
SZ is downgraded to lossless mode.
SZ is downgraded to lossless mode.
Time:0.00415127,bytes:5088,gbps:0.00980519
cr:1.02477,iter:4,level:1,rank:0,datasize:636,operation:Residual
Time:0.000291505,bytes:6328,gbps:0.173664
cr:59.1402,iter:4,level:2,rank:0,datasize:791,operation:Pre-Smoothing
SZ is downgraded to lossless mode.
SZ is downgraded to lossless mode.
Time:0.00440036,bytes:6328,gbps:0.0115045
cr:1.03045,iter:4,level:2,rank:0,datasize:791,operation:Residual
Time:0.000301285,bytes:7000,gbps:0.185871
cr:65.4206,iter:4,level:3,rank:0,datasize:875,operation:Pre-Smoothing
SZ is downgraded to lossless mode.
SZ is downgraded to lossless mode.
Time:0.00539902,bytes:7000,gbps:0.0103723
cr:1.03336,iter:4,level:3,rank:0,datasize:875,operation:Residual
Time:0.000286018,bytes:5880,gbps:0.164465
cr:54.9533,iter:4,level:4,rank:0,datasize:735,operation:Pre-Smoothing
SZ is downgraded to lossless mode.
SZ is downgraded to lossless mode.
Time:0.00514378,bytes:5880,gbps:0.00914502
cr:1.02941,iter:4,level:4,rank:0,datasize:735,operation:Residual
Time:0.000264714,bytes:4664,gbps:0.140952
cr:43.5888,iter:4,level:5,rank:0,datasize:583,operation:Pre-Smoothing
SZ is downgraded to lossless mode.
SZ is downgraded to lossless mode.
Time:0.00591619,bytes:4664,gbps:0.00630677
cr:1.02528,iter:4,level:5,rank:0,datasize:583,operation:Residual
Time:0.000253136,bytes:3832,gbps:0.121105
cr:37.2039,iter:4,level:6,rank:0,datasize:479,operation:Pre-Smoothing
SZ is downgraded to lossless mode.
SZ is downgraded to lossless mode.
Time:0.00371137,bytes:3832,gbps:0.00826003
cr:1.02051,iter:4,level:6,rank:0,datasize:479,operation:Residual
Time:0.000258095,bytes:2944,gbps:0.0912532
cr:28.5825,iter:4,level:7,rank:0,datasize:368,operation:Pre-Smoothing
SZ is downgraded to lossless mode.
Time:0.00383229,bytes:2944,gbps:0.00614567
cr:1.0103,iter:4,level:7,rank:0,datasize:368,operation:Residual
Time:0.000242803,bytes:2176,gbps:0.071696
cr:21.1262,iter:4,level:8,rank:0,datasize:272,operation:Pre-Smoothing
Time:0.00436253,bytes:2176,gbps:0.00399034
cr:0.992701,iter:4,level:8,rank:0,datasize:272,operation:Residual
Time:7.7363e-05,bytes:1312,gbps:0.135672
cr:11.9273,iter:4,level:9,rank:0,datasize:164,operation:Pre-Smoothing
Time:0.00146469,bytes:1312,gbps:0.00716604
cr:0.957664,iter:4,level:9,rank:0,datasize:164,operation:Residual
Time:6.1728e-05,bytes:584,gbps:0.0756869
cr:5.30909,iter:4,level:10,rank:0,datasize:73,operation:Pre-Smoothing
Time:0.000538715,bytes:584,gbps:0.00867249
cr:0.909657,iter:4,level:10,rank:0,datasize:73,operation:Residual
Time:5.0949e-05,bytes:216,gbps:0.0339163
cr:1.96364,iter:4,level:11,rank:0,datasize:27,operation:Pre-Smoothing
Time:0.000360344,bytes:216,gbps:0.00479542
cr:0.791209,iter:4,level:11,rank:0,datasize:27,operation:Residual
Time:0.000267222,bytes:64,gbps:0.00191601
cr:0.528926,iter:4,level:12,rank:0,datasize:8,operation:Interpolation
Time:0.000737745,bytes:216,gbps:0.00234227
cr:0.791209,iter:4,level:12,rank:0,datasize:27,operation:Post-smoothing
Time:0.000332299,bytes:64,gbps:0.00154078
cr:0.528926,iter:4,level:12,rank:0,datasize:8,operation:Interpolation
Time:0.000722618,bytes:584,gbps:0.00646538
cr:0.909657,iter:4,level:12,rank:0,datasize:73,operation:Post-smoothing
Time:0.000810632,bytes:176,gbps:0.00173692
cr:0.755365,iter:4,level:12,rank:0,datasize:22,operation:Interpolation
Time:0.00150615,bytes:1312,gbps:0.00696878
cr:0.975465,iter:4,level:12,rank:0,datasize:164,operation:Post-smoothing
Time:0.00105587,bytes:256,gbps:0.00193963
cr:0.815287,iter:4,level:12,rank:0,datasize:32,operation:Interpolation
Time:0.00755079,bytes:2176,gbps:0.00230545
cr:0.99725,iter:4,level:12,rank:0,datasize:272,operation:Post-smoothing
Time:0.00110749,bytes:368,gbps:0.00265827
cr:0.86385,iter:4,level:12,rank:0,datasize:46,operation:Interpolation
Time:0.00699997,bytes:2944,gbps:0.00336458
cr:1.01308,iter:4,level:12,rank:0,datasize:368,operation:Post-smoothing
Time:0.00114002,bytes:560,gbps:0.00392976
cr:0.906149,iter:4,level:12,rank:0,datasize:70,operation:Interpolation
SZ is downgraded to lossless mode.
Time:0.00788227,bytes:3832,gbps:0.00388924
cr:1.01915,iter:4,level:12,rank:0,datasize:479,operation:Post-smoothing
Time:0.00101206,bytes:592,gbps:0.00467955
cr:0.910769,iter:4,level:12,rank:0,datasize:74,operation:Interpolation
SZ is downgraded to lossless mode.
SZ is downgraded to lossless mode.
Time:0.00766257,bytes:4664,gbps:0.00486938
cr:1.02415,iter:4,level:12,rank:0,datasize:583,operation:Post-smoothing
Time:0.00113562,bytes:896,gbps:0.00631196
cr:0.939203,iter:4,level:12,rank:0,datasize:112,operation:Interpolation
SZ is downgraded to lossless mode.
SZ is downgraded to lossless mode.
Time:0.00836741,bytes:5880,gbps:0.00562181
cr:1.03104,iter:4,level:12,rank:0,datasize:735,operation:Post-smoothing
Time:0.0011804,bytes:1184,gbps:0.00802437
cr:0.953301,iter:4,level:12,rank:0,datasize:148,operation:Interpolation
SZ is downgraded to lossless mode.
SZ is downgraded to lossless mode.
Time:0.00759999,bytes:7000,gbps:0.00736843
cr:1.03336,iter:4,level:12,rank:0,datasize:875,operation:Post-smoothing
Time:0.00795304,bytes:1600,gbps:0.00160945
cr:0.965018,iter:4,level:12,rank:0,datasize:200,operation:Interpolation
SZ is downgraded to lossless mode.
SZ is downgraded to lossless mode.
Time:0.00670265,bytes:6328,gbps:0.00755284
cr:1.03146,iter:4,level:12,rank:0,datasize:791,operation:Post-smoothing
Time:0.00823082,bytes:1848,gbps:0.00179618
cr:0.989293,iter:4,level:12,rank:0,datasize:231,operation:Interpolation
SZ is downgraded to lossless mode.
SZ is downgraded to lossless mode.
Time:0.00781418,bytes:5088,gbps:0.00520899
cr:1.02829,iter:4,level:12,rank:0,datasize:636,operation:Post-smoothing
Time:0.00699979,bytes:1688,gbps:0.0019292
cr:0.984257,iter:4,level:12,rank:0,datasize:211,operation:Interpolation
Time:0.00140178,bytes:4000,gbps:0.0228281
cr:1.03681,iter:4,level:12,rank:0,datasize:500,operation:Post-smoothing
Time:0.00135915,bytes:4000,gbps:0.0235442
cr:1.03708,iter:4,level:12,rank:0,datasize:500,operation:Residual-Norm
Time:0.00183544,bytes:4000,gbps:0.0174345
cr:1.03708,iter:5,level:0,rank:0,datasize:500,operation:Pre-Smoothing
Time:0.00168932,bytes:4000,gbps:0.0189425
cr:1.03815,iter:5,level:0,rank:0,datasize:500,operation:Residual
Time:0.000276911,bytes:5088,gbps:0.146993
cr:47.5514,iter:5,level:1,rank:0,datasize:636,operation:Pre-Smoothing
SZ is downgraded to lossless mode.
SZ is downgraded to lossless mode.
Time:0.0020404,bytes:5088,gbps:0.019949
cr:1.02312,iter:5,level:1,rank:0,datasize:636,operation:Residual
Time:0.000285496,bytes:6328,gbps:0.177319
cr:59.1402,iter:5,level:2,rank:0,datasize:791,operation:Pre-Smoothing
SZ is downgraded to lossless mode.
SZ is downgraded to lossless mode.
Time:0.00267362,bytes:6328,gbps:0.0189347
cr:1.03129,iter:5,level:2,rank:0,datasize:791,operation:Residual
Time:0.000292851,bytes:7000,gbps:0.191224
cr:65.4206,iter:5,level:3,rank:0,datasize:875,operation:Pre-Smoothing
SZ is downgraded to lossless mode.
SZ is downgraded to lossless mode.
Time:0.00438965,bytes:7000,gbps:0.0127573
cr:1.03199,iter:5,level:3,rank:0,datasize:875,operation:Residual
Time:0.00028345,bytes:5880,gbps:0.165955
cr:54.9533,iter:5,level:4,rank:0,datasize:735,operation:Pre-Smoothing
SZ is downgraded to lossless mode.
SZ is downgraded to lossless mode.
Time:0.00418049,bytes:5880,gbps:0.0112523
cr:1.02815,iter:5,level:4,rank:0,datasize:735,operation:Residual
Time:0.000303611,bytes:4664,gbps:0.122894
cr:43.5888,iter:5,level:5,rank:0,datasize:583,operation:Pre-Smoothing
SZ is downgraded to lossless mode.
SZ is downgraded to lossless mode.
Time:0.00631308,bytes:4664,gbps:0.00591027
cr:1.0246,iter:5,level:5,rank:0,datasize:583,operation:Residual
Time:0.000267562,bytes:3832,gbps:0.114575
cr:37.2039,iter:5,level:6,rank:0,datasize:479,operation:Pre-Smoothing
SZ is downgraded to lossless mode.
SZ is downgraded to lossless mode.
Time:0.00334267,bytes:3832,gbps:0.00917111
cr:1.01969,iter:5,level:6,rank:0,datasize:479,operation:Residual
Time:0.000262618,bytes:2944,gbps:0.0896816
cr:28.5825,iter:5,level:7,rank:0,datasize:368,operation:Pre-Smoothing
SZ is downgraded to lossless mode.
Time:0.00336708,bytes:2944,gbps:0.00699479
cr:1.0096,iter:5,level:7,rank:0,datasize:368,operation:Residual
Time:0.000241134,bytes:2176,gbps:0.0721922
cr:21.1262,iter:5,level:8,rank:0,datasize:272,operation:Pre-Smoothing
Time:0.00377983,bytes:2176,gbps:0.0046055
cr:0.991796,iter:5,level:8,rank:0,datasize:272,operation:Residual
Time:7.4108e-05,bytes:1312,gbps:0.141631
cr:11.9273,iter:5,level:9,rank:0,datasize:164,operation:Pre-Smoothing
Time:0.000713374,bytes:1312,gbps:0.0147132
cr:0.957664,iter:5,level:9,rank:0,datasize:164,operation:Residual
Time:6.1221e-05,bytes:584,gbps:0.0763137
cr:5.30909,iter:5,level:10,rank:0,datasize:73,operation:Pre-Smoothing
Time:0.000414142,bytes:584,gbps:0.0112812
cr:0.909657,iter:5,level:10,rank:0,datasize:73,operation:Residual
Time:4.8112e-05,bytes:216,gbps:0.0359162
cr:1.96364,iter:5,level:11,rank:0,datasize:27,operation:Pre-Smoothing
Time:0.000223608,bytes:216,gbps:0.00772781
cr:0.791209,iter:5,level:11,rank:0,datasize:27,operation:Residual
Time:0.00012826,bytes:64,gbps:0.00399189
cr:0.528926,iter:5,level:12,rank:0,datasize:8,operation:Interpolation
Time:0.000330865,bytes:216,gbps:0.00522267
cr:0.791209,iter:5,level:12,rank:0,datasize:27,operation:Post-smoothing
Time:0.000201835,bytes:64,gbps:0.00253673
cr:0.528926,iter:5,level:12,rank:0,datasize:8,operation:Interpolation
Time:0.000492233,bytes:584,gbps:0.00949144
cr:0.909657,iter:5,level:12,rank:0,datasize:73,operation:Post-smoothing
Time:0.000452398,bytes:176,gbps:0.0031123
cr:0.755365,iter:5,level:12,rank:0,datasize:22,operation:Interpolation
Time:0.000925987,bytes:1312,gbps:0.0113349
cr:0.957664,iter:5,level:12,rank:0,datasize:164,operation:Post-smoothing
Time:0.00106318,bytes:256,gbps:0.00192629
cr:0.815287,iter:5,level:12,rank:0,datasize:32,operation:Interpolation
Time:0.0061912,bytes:2176,gbps:0.00281173
cr:0.993607,iter:5,level:12,rank:0,datasize:272,operation:Post-smoothing
Time:0.00113687,bytes:368,gbps:0.00258957
cr:0.86385,iter:5,level:12,rank:0,datasize:46,operation:Interpolation
Time:0.00545108,bytes:2944,gbps:0.00432061
cr:1.00891,iter:5,level:12,rank:0,datasize:368,operation:Post-smoothing
Time:0.00112505,bytes:560,gbps:0.00398205
cr:0.906149,iter:5,level:12,rank:0,datasize:70,operation:Interpolation
SZ is downgraded to lossless mode.
SZ is downgraded to lossless mode.
Time:0.00767737,bytes:3832,gbps:0.00399303
cr:1.01915,iter:5,level:12,rank:0,datasize:479,operation:Post-smoothing
Time:0.00114201,bytes:592,gbps:0.00414708
cr:0.910769,iter:5,level:12,rank:0,datasize:74,operation:Interpolation
SZ is downgraded to lossless mode.
SZ is downgraded to lossless mode.
Time:0.00804021,bytes:4664,gbps:0.00464068
cr:1.02573,iter:5,level:12,rank:0,datasize:583,operation:Post-smoothing
Time:0.00116871,bytes:896,gbps:0.00613324
cr:0.939203,iter:5,level:12,rank:0,datasize:112,operation:Interpolation
SZ is downgraded to lossless mode.
SZ is downgraded to lossless mode.
Time:0.00781714,bytes:5880,gbps:0.00601755
cr:1.03267,iter:5,level:12,rank:0,datasize:735,operation:Post-smoothing
Time:0.00118091,bytes:1184,gbps:0.00802092
cr:0.953301,iter:5,level:12,rank:0,datasize:148,operation:Interpolation
SZ is downgraded to lossless mode.
SZ is downgraded to lossless mode.
Time:0.00793452,bytes:7000,gbps:0.00705777
cr:1.03291,iter:5,level:12,rank:0,datasize:875,operation:Post-smoothing
Time:0.00840745,bytes:1600,gbps:0.00152246
cr:0.965018,iter:5,level:12,rank:0,datasize:200,operation:Interpolation
SZ is downgraded to lossless mode.
SZ is downgraded to lossless mode.
Time:0.00776418,bytes:6328,gbps:0.0065202
cr:1.03095,iter:5,level:12,rank:0,datasize:791,operation:Post-smoothing
Time:0.0071561,bytes:1848,gbps:0.00206593
cr:0.988764,iter:5,level:12,rank:0,datasize:231,operation:Interpolation
SZ is downgraded to lossless mode.
SZ is downgraded to lossless mode.
Time:0.00732799,bytes:5088,gbps:0.0055546
cr:1.02788,iter:5,level:12,rank:0,datasize:636,operation:Post-smoothing
Time:0.0075588,bytes:1688,gbps:0.00178653
cr:0.984831,iter:5,level:12,rank:0,datasize:211,operation:Interpolation
Time:0.0014104,bytes:4000,gbps:0.0226886
cr:1.03734,iter:5,level:12,rank:0,datasize:500,operation:Post-smoothing
Time:0.00136557,bytes:4000,gbps:0.0234334
cr:1.03788,iter:5,level:12,rank:0,datasize:500,operation:Residual-Norm
Time:0.00183648,bytes:4000,gbps:0.0174246
cr:1.03788,iter:6,level:0,rank:0,datasize:500,operation:Pre-Smoothing
Time:0.00164131,bytes:4000,gbps:0.0194966
cr:1.03681,iter:6,level:0,rank:0,datasize:500,operation:Residual
Time:0.000268981,bytes:5088,gbps:0.151327
cr:47.5514,iter:6,level:1,rank:0,datasize:636,operation:Pre-Smoothing
SZ is downgraded to lossless mode.
SZ is downgraded to lossless mode.
Time:0.00135744,bytes:5088,gbps:0.0299859
cr:1.02148,iter:6,level:1,rank:0,datasize:636,operation:Residual
Time:0.000291605,bytes:6328,gbps:0.173605
cr:59.1402,iter:6,level:2,rank:0,datasize:791,operation:Pre-Smoothing
SZ is downgraded to lossless mode.
SZ is downgraded to lossless mode.
Time:0.00159874,bytes:6328,gbps:0.031665
cr:1.02744,iter:6,level:2,rank:0,datasize:791,operation:Residual
Time:0.000292649,bytes:7000,gbps:0.191356
cr:65.4206,iter:6,level:3,rank:0,datasize:875,operation:Pre-Smoothing
SZ is downgraded to lossless mode.
SZ is downgraded to lossless mode.
Time:0.00303206,bytes:7000,gbps:0.0184693
cr:1.03062,iter:6,level:3,rank:0,datasize:875,operation:Residual
Time:0.000277553,bytes:5880,gbps:0.169481
cr:54.9533,iter:6,level:4,rank:0,datasize:735,operation:Pre-Smoothing
SZ is downgraded to lossless mode.
SZ is downgraded to lossless mode.
Time:0.00383117,bytes:5880,gbps:0.0122782
cr:1.02815,iter:6,level:4,rank:0,datasize:735,operation:Residual
Time:0.000268839,bytes:4664,gbps:0.138789
cr:43.5888,iter:6,level:5,rank:0,datasize:583,operation:Pre-Smoothing
SZ is downgraded to lossless mode.
SZ is downgraded to lossless mode.
Time:0.00429137,bytes:4664,gbps:0.00869466
cr:1.02393,iter:6,level:5,rank:0,datasize:583,operation:Residual
Time:0.000253021,bytes:3832,gbps:0.12116
cr:37.2039,iter:6,level:6,rank:0,datasize:479,operation:Pre-Smoothing
SZ is downgraded to lossless mode.
SZ is downgraded to lossless mode.
Time:0.00302197,bytes:3832,gbps:0.0101444
cr:1.01699,iter:6,level:6,rank:0,datasize:479,operation:Residual
Time:0.000266122,bytes:2944,gbps:0.0885008
cr:28.5825,iter:6,level:7,rank:0,datasize:368,operation:Pre-Smoothing
SZ is downgraded to lossless mode.
Time:0.00359542,bytes:2944,gbps:0.00655056
cr:1.00891,iter:6,level:7,rank:0,datasize:368,operation:Residual
Time:0.000240717,bytes:2176,gbps:0.0723173
cr:21.1262,iter:6,level:8,rank:0,datasize:272,operation:Pre-Smoothing
Time:0.0029392,bytes:2176,gbps:0.00592271
cr:0.994516,iter:6,level:8,rank:0,datasize:272,operation:Residual
Time:7.6632e-05,bytes:1312,gbps:0.136966
cr:11.9273,iter:6,level:9,rank:0,datasize:164,operation:Pre-Smoothing
Time:0.000615671,bytes:1312,gbps:0.0170481
cr:0.957664,iter:6,level:9,rank:0,datasize:164,operation:Residual
Time:5.9803e-05,bytes:584,gbps:0.0781232
cr:5.30909,iter:6,level:10,rank:0,datasize:73,operation:Pre-Smoothing
Time:0.000342262,bytes:584,gbps:0.0136504
cr:0.909657,iter:6,level:10,rank:0,datasize:73,operation:Residual
Time:4.8257e-05,bytes:216,gbps:0.0358083
cr:1.96364,iter:6,level:11,rank:0,datasize:27,operation:Pre-Smoothing
Time:0.000163092,bytes:216,gbps:0.0105952
cr:0.791209,iter:6,level:11,rank:0,datasize:27,operation:Residual
Time:7.8376e-05,bytes:64,gbps:0.00653261
cr:0.528926,iter:6,level:12,rank:0,datasize:8,operation:Interpolation
Time:0.000226029,bytes:216,gbps:0.00764504
cr:0.791209,iter:6,level:12,rank:0,datasize:27,operation:Post-smoothing
Time:0.000135004,bytes:64,gbps:0.00379248
cr:0.528926,iter:6,level:12,rank:0,datasize:8,operation:Interpolation
Time:0.000456595,bytes:584,gbps:0.0102323
cr:0.909657,iter:6,level:12,rank:0,datasize:73,operation:Post-smoothing
Time:0.000316457,bytes:176,gbps:0.00444926
cr:0.755365,iter:6,level:12,rank:0,datasize:22,operation:Interpolation
Time:0.000718605,bytes:1312,gbps:0.0146061
cr:0.957664,iter:6,level:12,rank:0,datasize:164,operation:Post-smoothing
Time:0.000731255,bytes:256,gbps:0.00280066
cr:0.815287,iter:6,level:12,rank:0,datasize:32,operation:Interpolation
Time:0.00518356,bytes:2176,gbps:0.00335831
cr:0.991344,iter:6,level:12,rank:0,datasize:272,operation:Post-smoothing
Time:0.000988698,bytes:368,gbps:0.00297765
cr:0.86385,iter:6,level:12,rank:0,datasize:46,operation:Interpolation
SZ is downgraded to lossless mode.
Time:0.00407409,bytes:2944,gbps:0.00578092
cr:1.00891,iter:6,level:12,rank:0,datasize:368,operation:Post-smoothing
Time:0.0011606,bytes:560,gbps:0.00386007
cr:0.906149,iter:6,level:12,rank:0,datasize:70,operation:Interpolation
SZ is downgraded to lossless mode.
SZ is downgraded to lossless mode.
Time:0.00655123,bytes:3832,gbps:0.00467942
cr:1.02023,iter:6,level:12,rank:0,datasize:479,operation:Post-smoothing
Time:0.00109859,bytes:592,gbps:0.004311
cr:0.910769,iter:6,level:12,rank:0,datasize:74,operation:Interpolation
SZ is downgraded to lossless mode.
SZ is downgraded to lossless mode.
Time:0.00722613,bytes:4664,gbps:0.00516348
cr:1.02371,iter:6,level:12,rank:0,datasize:583,operation:Post-smoothing
Time:0.00117142,bytes:896,gbps:0.00611905
cr:0.956243,iter:6,level:12,rank:0,datasize:112,operation:Interpolation
SZ is downgraded to lossless mode.
SZ is downgraded to lossless mode.
Time:0.00795779,bytes:5880,gbps:0.00591119
cr:1.03086,iter:6,level:12,rank:0,datasize:735,operation:Post-smoothing
Time:0.00110483,bytes:1184,gbps:0.00857326
cr:0.957929,iter:6,level:12,rank:0,datasize:148,operation:Interpolation
SZ is downgraded to lossless mode.
SZ is downgraded to lossless mode.
Time:0.00803905,bytes:7000,gbps:0.006966
cr:1.03275,iter:6,level:12,rank:0,datasize:875,operation:Post-smoothing
Time:0.00756214,bytes:1600,gbps:0.00169264
cr:0.965018,iter:6,level:12,rank:0,datasize:200,operation:Interpolation
SZ is downgraded to lossless mode.
SZ is downgraded to lossless mode.
Time:0.0077994,bytes:6328,gbps:0.00649075
cr:1.03314,iter:6,level:12,rank:0,datasize:791,operation:Post-smoothing
Time:0.00545267,bytes:1848,gbps:0.00271133
cr:0.991948,iter:6,level:12,rank:0,datasize:231,operation:Interpolation
SZ is downgraded to lossless mode.
SZ is downgraded to lossless mode.
Time:0.00695348,bytes:5088,gbps:0.00585376
cr:1.02746,iter:6,level:12,rank:0,datasize:636,operation:Post-smoothing
Time:0.00664077,bytes:1688,gbps:0.0020335
cr:0.984831,iter:6,level:12,rank:0,datasize:211,operation:Interpolation
Time:0.00136806,bytes:4000,gbps:0.0233908
cr:1.03815,iter:6,level:12,rank:0,datasize:500,operation:Post-smoothing
Time:0.00134441,bytes:4000,gbps:0.0238023
cr:1.03896,iter:6,level:12,rank:0,datasize:500,operation:Residual-Norm
Time:0.00186819,bytes:4000,gbps:0.0171289
cr:1.03896,iter:7,level:0,rank:0,datasize:500,operation:Pre-Smoothing
Time:0.0016852,bytes:4000,gbps:0.0189888
cr:1.03734,iter:7,level:0,rank:0,datasize:500,operation:Residual
Time:0.00027124,bytes:5088,gbps:0.150066
cr:47.5514,iter:7,level:1,rank:0,datasize:636,operation:Pre-Smoothing
SZ is downgraded to lossless mode.
SZ is downgraded to lossless mode.
Time:0.00102423,bytes:5088,gbps:0.0397412
cr:1.01375,iter:7,level:1,rank:0,datasize:636,operation:Residual
Time:0.000286922,bytes:6328,gbps:0.176438
cr:59.1402,iter:7,level:2,rank:0,datasize:791,operation:Pre-Smoothing
SZ is downgraded to lossless mode.
SZ is downgraded to lossless mode.
Time:0.0013756,bytes:6328,gbps:0.0368013
cr:1.02345,iter:7,level:2,rank:0,datasize:791,operation:Residual
Time:0.000291477,bytes:7000,gbps:0.192125
cr:65.4206,iter:7,level:3,rank:0,datasize:875,operation:Pre-Smoothing
SZ is downgraded to lossless mode.
SZ is downgraded to lossless mode.
Time:0.00265287,bytes:7000,gbps:0.0211092
cr:1.02881,iter:7,level:3,rank:0,datasize:875,operation:Residual
Time:0.000281093,bytes:5880,gbps:0.167347
cr:54.9533,iter:7,level:4,rank:0,datasize:735,operation:Pre-Smoothing
SZ is downgraded to lossless mode.
SZ is downgraded to lossless mode.
Time:0.0024695,bytes:5880,gbps:0.0190484
cr:1.02654,iter:7,level:4,rank:0,datasize:735,operation:Residual
Time:0.000271827,bytes:4664,gbps:0.137264
cr:43.5888,iter:7,level:5,rank:0,datasize:583,operation:Pre-Smoothing
SZ is downgraded to lossless mode.
SZ is downgraded to lossless mode.
Time:0.00298561,bytes:4664,gbps:0.0124973
cr:1.02057,iter:7,level:5,rank:0,datasize:583,operation:Residual
Time:0.00025189,bytes:3832,gbps:0.121704
cr:37.2039,iter:7,level:6,rank:0,datasize:479,operation:Pre-Smoothing
SZ is downgraded to lossless mode.
SZ is downgraded to lossless mode.
Time:0.0022795,bytes:3832,gbps:0.0134486
cr:1.01726,iter:7,level:6,rank:0,datasize:479,operation:Residual
Time:0.000263883,bytes:2944,gbps:0.0892517
cr:28.5825,iter:7,level:7,rank:0,datasize:368,operation:Pre-Smoothing
SZ is downgraded to lossless mode.
Time:0.00319416,bytes:2944,gbps:0.00737345
cr:1.0096,iter:7,level:7,rank:0,datasize:368,operation:Residual
Time:0.000242599,bytes:2176,gbps:0.0717563
cr:21.1262,iter:7,level:8,rank:0,datasize:272,operation:Pre-Smoothing
Time:0.00238808,bytes:2176,gbps:0.00728954
cr:0.992248,iter:7,level:8,rank:0,datasize:272,operation:Residual
Time:7.9884e-05,bytes:1312,gbps:0.131391
cr:11.9273,iter:7,level:9,rank:0,datasize:164,operation:Pre-Smoothing
Time:0.00051247,bytes:1312,gbps:0.0204812
cr:0.957664,iter:7,level:9,rank:0,datasize:164,operation:Residual
Time:6.4918e-05,bytes:584,gbps:0.0719677
cr:5.30909,iter:7,level:10,rank:0,datasize:73,operation:Pre-Smoothing
Time:0.000284167,bytes:584,gbps:0.016441
cr:0.909657,iter:7,level:10,rank:0,datasize:73,operation:Residual
Time:4.6641e-05,bytes:216,gbps:0.0370489
cr:1.96364,iter:7,level:11,rank:0,datasize:27,operation:Pre-Smoothing
Time:0.000132197,bytes:216,gbps:0.0130714
cr:0.791209,iter:7,level:11,rank:0,datasize:27,operation:Residual
Time:6.1867e-05,bytes:64,gbps:0.00827582
cr:0.528926,iter:7,level:12,rank:0,datasize:8,operation:Interpolation
Time:0.000168794,bytes:216,gbps:0.0102373
cr:0.791209,iter:7,level:12,rank:0,datasize:27,operation:Post-smoothing
Time:0.000110825,bytes:64,gbps:0.0046199
cr:0.528926,iter:7,level:12,rank:0,datasize:8,operation:Interpolation
Time:0.000406839,bytes:584,gbps:0.0114837
cr:0.909657,iter:7,level:12,rank:0,datasize:73,operation:Post-smoothing
Time:0.000233965,bytes:176,gbps:0.00601799
cr:0.755365,iter:7,level:12,rank:0,datasize:22,operation:Interpolation
Time:0.000609271,bytes:1312,gbps:0.0172271
cr:0.957664,iter:7,level:12,rank:0,datasize:164,operation:Post-smoothing
Time:0.000579812,bytes:256,gbps:0.00353218
cr:0.815287,iter:7,level:12,rank:0,datasize:32,operation:Interpolation
Time:0.00441684,bytes:2176,gbps:0.00394128
cr:0.993154,iter:7,level:12,rank:0,datasize:272,operation:Post-smoothing
Time:0.0010305,bytes:368,gbps:0.00285687
cr:0.86385,iter:7,level:12,rank:0,datasize:46,operation:Interpolation
SZ is downgraded to lossless mode.
Time:0.00375546,bytes:2944,gbps:0.00627141
cr:1.00856,iter:7,level:12,rank:0,datasize:368,operation:Post-smoothing
Time:0.00117372,bytes:560,gbps:0.00381692
cr:0.906149,iter:7,level:12,rank:0,datasize:70,operation:Interpolation
SZ is downgraded to lossless mode.
SZ is downgraded to lossless mode.
Time:0.00568863,bytes:3832,gbps:0.005389
cr:1.01834,iter:7,level:12,rank:0,datasize:479,operation:Post-smoothing
Time:0.000976925,bytes:592,gbps:0.00484786
cr:0.910769,iter:7,level:12,rank:0,datasize:74,operation:Interpolation
SZ is downgraded to lossless mode.
SZ is downgraded to lossless mode.
Time:0.00635042,bytes:4664,gbps:0.00587551
cr:1.02551,iter:7,level:12,rank:0,datasize:583,operation:Post-smoothing
Time:0.00116564,bytes:896,gbps:0.00614941
cr:0.972856,iter:7,level:12,rank:0,datasize:112,operation:Interpolation
SZ is downgraded to lossless mode.
SZ is downgraded to lossless mode.
Time:0.00753987,bytes:5880,gbps:0.00623883
cr:1.03031,iter:7,level:12,rank:0,datasize:735,operation:Post-smoothing
Time:0.00118725,bytes:1184,gbps:0.00797811
cr:0.953301,iter:7,level:12,rank:0,datasize:148,operation:Interpolation
SZ is downgraded to lossless mode.
SZ is downgraded to lossless mode.
Time:0.00821782,bytes:7000,gbps:0.00681446
cr:1.03321,iter:7,level:12,rank:0,datasize:875,operation:Post-smoothing
Time:0.00699985,bytes:1600,gbps:0.00182861
cr:0.965018,iter:7,level:12,rank:0,datasize:200,operation:Interpolation
SZ is downgraded to lossless mode.
SZ is downgraded to lossless mode.
Time:0.00743977,bytes:6328,gbps:0.00680451
cr:1.03112,iter:7,level:12,rank:0,datasize:791,operation:Post-smoothing
Time:0.00398687,bytes:1848,gbps:0.00370817
cr:0.989823,iter:7,level:12,rank:0,datasize:231,operation:Interpolation
SZ is downgraded to lossless mode.
SZ is downgraded to lossless mode.
Time:0.0058353,bytes:5088,gbps:0.00697548
cr:1.02663,iter:7,level:12,rank:0,datasize:636,operation:Post-smoothing
Time:0.00579424,bytes:1688,gbps:0.00233059
cr:0.983683,iter:7,level:12,rank:0,datasize:211,operation:Interpolation
Time:0.0013963,bytes:4000,gbps:0.0229177
cr:1.03761,iter:7,level:12,rank:0,datasize:500,operation:Post-smoothing
Time:0.00142907,bytes:4000,gbps:0.0223922
cr:1.03761,iter:7,level:12,rank:0,datasize:500,operation:Residual-Norm
Time:0.0018984,bytes:4000,gbps:0.0168563
cr:1.03761,iter:8,level:0,rank:0,datasize:500,operation:Pre-Smoothing
Time:0.00162889,bytes:4000,gbps:0.0196453
cr:1.03681,iter:8,level:0,rank:0,datasize:500,operation:Residual
Time:0.000270414,bytes:5088,gbps:0.150525
cr:47.5514,iter:8,level:1,rank:0,datasize:636,operation:Pre-Smoothing
SZ is downgraded to lossless mode.
SZ is downgraded to lossless mode.
Time:0.00126914,bytes:5088,gbps:0.0320721
cr:1.01334,iter:8,level:1,rank:0,datasize:636,operation:Residual
Time:0.000309964,bytes:6328,gbps:0.163322
cr:59.1402,iter:8,level:2,rank:0,datasize:791,operation:Pre-Smoothing
SZ is downgraded to lossless mode.
SZ is downgraded to lossless mode.
Time:0.00130075,bytes:6328,gbps:0.0389192
cr:1.01949,iter:8,level:2,rank:0,datasize:791,operation:Residual
Time:0.000298235,bytes:7000,gbps:0.187771
cr:65.4206,iter:8,level:3,rank:0,datasize:875,operation:Pre-Smoothing
SZ is downgraded to lossless mode.
SZ is downgraded to lossless mode.
Time:0.00167457,bytes:7000,gbps:0.0334413
cr:1.02519,iter:8,level:3,rank:0,datasize:875,operation:Residual
Time:0.000282707,bytes:5880,gbps:0.166391
cr:54.9533,iter:8,level:4,rank:0,datasize:735,operation:Pre-Smoothing
SZ is downgraded to lossless mode.
SZ is downgraded to lossless mode.
Time:0.00180559,bytes:5880,gbps:0.0260524
cr:1.02475,iter:8,level:4,rank:0,datasize:735,operation:Residual
Time:0.000276233,bytes:4664,gbps:0.135074
cr:43.5888,iter:8,level:5,rank:0,datasize:583,operation:Pre-Smoothing
SZ is downgraded to lossless mode.
SZ is downgraded to lossless mode.
Time:0.00235015,bytes:4664,gbps:0.0158764
cr:1.02102,iter:8,level:5,rank:0,datasize:583,operation:Residual
Time:0.000255223,bytes:3832,gbps:0.120115
cr:37.2039,iter:8,level:6,rank:0,datasize:479,operation:Pre-Smoothing
SZ is downgraded to lossless mode.
SZ is downgraded to lossless mode.
Time:0.00204105,bytes:3832,gbps:0.0150197
cr:1.01942,iter:8,level:6,rank:0,datasize:479,operation:Residual
Time:0.000256945,bytes:2944,gbps:0.0916616
cr:28.5825,iter:8,level:7,rank:0,datasize:368,operation:Pre-Smoothing
SZ is downgraded to lossless mode.
Time:0.00202656,bytes:2944,gbps:0.0116217
cr:1.0065,iter:8,level:7,rank:0,datasize:368,operation:Residual
Time:0.000251861,bytes:2176,gbps:0.0691175
cr:21.1262,iter:8,level:8,rank:0,datasize:272,operation:Pre-Smoothing
Time:0.00201088,bytes:2176,gbps:0.00865691
cr:0.993154,iter:8,level:8,rank:0,datasize:272,operation:Residual
Time:7.7263e-05,bytes:1312,gbps:0.135848
cr:11.9273,iter:8,level:9,rank:0,datasize:164,operation:Pre-Smoothing
Time:0.000450833,bytes:1312,gbps:0.0232813
cr:0.957664,iter:8,level:9,rank:0,datasize:164,operation:Residual
Time:6.0533e-05,bytes:584,gbps:0.077181
cr:5.30909,iter:8,level:10,rank:0,datasize:73,operation:Pre-Smoothing
Time:0.000243445,bytes:584,gbps:0.0191912
cr:0.909657,iter:8,level:10,rank:0,datasize:73,operation:Residual
Time:4.6705e-05,bytes:216,gbps:0.0369982
cr:1.96364,iter:8,level:11,rank:0,datasize:27,operation:Pre-Smoothing
Time:0.000119262,bytes:216,gbps:0.0144891
cr:0.791209,iter:8,level:11,rank:0,datasize:27,operation:Residual
Time:6.3673e-05,bytes:64,gbps:0.00804108
cr:0.528926,iter:8,level:12,rank:0,datasize:8,operation:Interpolation
Time:0.000150972,bytes:216,gbps:0.0114458
cr:0.791209,iter:8,level:12,rank:0,datasize:27,operation:Post-smoothing
Time:9.1191e-05,bytes:64,gbps:0.00561459
cr:0.528926,iter:8,level:12,rank:0,datasize:8,operation:Interpolation
Time:0.000362202,bytes:584,gbps:0.0128989
cr:0.909657,iter:8,level:12,rank:0,datasize:73,operation:Post-smoothing
Time:0.000214559,bytes:176,gbps:0.0065623
cr:0.755365,iter:8,level:12,rank:0,datasize:22,operation:Interpolation
Time:0.000523991,bytes:1312,gbps:0.0200309
cr:0.957664,iter:8,level:12,rank:0,datasize:164,operation:Post-smoothing
Time:0.000514652,bytes:256,gbps:0.00397939
cr:0.815287,iter:8,level:12,rank:0,datasize:32,operation:Interpolation
Time:0.00446993,bytes:2176,gbps:0.00389447
cr:0.990893,iter:8,level:12,rank:0,datasize:272,operation:Post-smoothing
Time:0.00102066,bytes:368,gbps:0.0028844
cr:0.86385,iter:8,level:12,rank:0,datasize:46,operation:Interpolation
SZ is downgraded to lossless mode.
Time:0.00339601,bytes:2944,gbps:0.00693519
cr:1.0103,iter:8,level:12,rank:0,datasize:368,operation:Post-smoothing
Time:0.00223029,bytes:560,gbps:0.00200871
cr:0.906149,iter:8,level:12,rank:0,datasize:70,operation:Interpolation
SZ is downgraded to lossless mode.
SZ is downgraded to lossless mode.
Time:0.00529872,bytes:3832,gbps:0.00578555
cr:1.01861,iter:8,level:12,rank:0,datasize:479,operation:Post-smoothing
Time:0.000970056,bytes:592,gbps:0.00488219
cr:0.910769,iter:8,level:12,rank:0,datasize:74,operation:Interpolation
SZ is downgraded to lossless mode.
SZ is downgraded to lossless mode.
Time:0.00525929,bytes:4664,gbps:0.0070945
cr:1.02393,iter:8,level:12,rank:0,datasize:583,operation:Post-smoothing
Time:0.00109171,bytes:896,gbps:0.00656582
cr:0.979235,iter:8,level:12,rank:0,datasize:112,operation:Interpolation
SZ is downgraded to lossless mode.
SZ is downgraded to lossless mode.
Time:0.0066843,bytes:5880,gbps:0.00703739
cr:1.03067,iter:8,level:12,rank:0,datasize:735,operation:Post-smoothing
Time:0.00116663,bytes:1184,gbps:0.00811911
cr:0.953301,iter:8,level:12,rank:0,datasize:148,operation:Interpolation
SZ is downgraded to lossless mode.
SZ is downgraded to lossless mode.
Time:0.00719363,bytes:7000,gbps:0.00778467
cr:1.03245,iter:8,level:12,rank:0,datasize:875,operation:Post-smoothing
Time:0.0062633,bytes:1600,gbps:0.00204365
cr:0.965018,iter:8,level:12,rank:0,datasize:200,operation:Interpolation
SZ is downgraded to lossless mode.
SZ is downgraded to lossless mode.
Time:0.0068815,bytes:6328,gbps:0.00735654
cr:1.03129,iter:8,level:12,rank:0,datasize:791,operation:Post-smoothing
Time:0.0032021,bytes:1848,gbps:0.00461696
cr:0.988764,iter:8,level:12,rank:0,datasize:231,operation:Interpolation
SZ is downgraded to lossless mode.
SZ is downgraded to lossless mode.
Time:0.00498125,bytes:5088,gbps:0.00817145
cr:1.0285,iter:8,level:12,rank:0,datasize:636,operation:Post-smoothing
Time:0.00499353,bytes:1688,gbps:0.0027043
cr:0.987712,iter:8,level:12,rank:0,datasize:211,operation:Interpolation
Time:0.00133589,bytes:4000,gbps:0.0239541
cr:1.03734,iter:8,level:12,rank:0,datasize:500,operation:Post-smoothing
Time:0.00132747,bytes:4000,gbps:0.024106
cr:1.03681,iter:8,level:12,rank:0,datasize:500,operation:Residual-Norm
Time:0.00185249,bytes:4000,gbps:0.0172741
cr:1.03681,iter:9,level:0,rank:0,datasize:500,operation:Pre-Smoothing
Time:0.00156619,bytes:4000,gbps:0.0204317
cr:1.03815,iter:9,level:0,rank:0,datasize:500,operation:Residual
Time:0.000280477,bytes:5088,gbps:0.145124
cr:47.5514,iter:9,level:1,rank:0,datasize:636,operation:Pre-Smoothing
Time:0.000811908,bytes:5088,gbps:0.0501338
cr:1.20312,iter:9,level:1,rank:0,datasize:636,operation:Residual
Time:0.000289536,bytes:6328,gbps:0.174845
cr:59.1402,iter:9,level:2,rank:0,datasize:791,operation:Pre-Smoothing
SZ is downgraded to lossless mode.
SZ is downgraded to lossless mode.
Time:0.00105471,bytes:6328,gbps:0.047998
cr:1.01785,iter:9,level:2,rank:0,datasize:791,operation:Residual
Time:0.000297364,bytes:7000,gbps:0.188321
cr:65.4206,iter:9,level:3,rank:0,datasize:875,operation:Pre-Smoothing
SZ is downgraded to lossless mode.
SZ is downgraded to lossless mode.
Time:0.00154769,bytes:7000,gbps:0.0361829
cr:1.0216,iter:9,level:3,rank:0,datasize:875,operation:Residual
Time:0.000285167,bytes:5880,gbps:0.164956
cr:54.9533,iter:9,level:4,rank:0,datasize:735,operation:Pre-Smoothing
SZ is downgraded to lossless mode.
SZ is downgraded to lossless mode.
Time:0.00162577,bytes:5880,gbps:0.0289339
cr:1.02101,iter:9,level:4,rank:0,datasize:735,operation:Residual
Time:0.000273911,bytes:4664,gbps:0.136219
cr:43.5888,iter:9,level:5,rank:0,datasize:583,operation:Pre-Smoothing
SZ is downgraded to lossless mode.
SZ is downgraded to lossless mode.
Time:0.00196578,bytes:4664,gbps:0.0189807
cr:1.01901,iter:9,level:5,rank:0,datasize:583,operation:Residual
Time:0.000254891,bytes:3832,gbps:0.120271
cr:37.2039,iter:9,level:6,rank:0,datasize:479,operation:Pre-Smoothing
SZ is downgraded to lossless mode.
SZ is downgraded to lossless mode.
Time:0.00172106,bytes:3832,gbps:0.0178122
cr:1.01591,iter:9,level:6,rank:0,datasize:479,operation:Residual
Time:0.000266585,bytes:2944,gbps:0.0883471
cr:28.5825,iter:9,level:7,rank:0,datasize:368,operation:Pre-Smoothing
Time:0.00201031,bytes:2944,gbps:0.0117156
cr:1.00615,iter:9,level:7,rank:0,datasize:368,operation:Residual
Time:0.000243695,bytes:2176,gbps:0.0714336
cr:21.1262,iter:9,level:8,rank:0,datasize:272,operation:Pre-Smoothing
Time:0.0016971,bytes:2176,gbps:0.0102575
cr:0.973602,iter:9,level:8,rank:0,datasize:272,operation:Residual
Time:7.5221e-05,bytes:1312,gbps:0.139536
cr:11.9273,iter:9,level:9,rank:0,datasize:164,operation:Pre-Smoothing
Time:0.00041441,bytes:1312,gbps:0.0253276
cr:0.957664,iter:9,level:9,rank:0,datasize:164,operation:Residual
Time:5.9422e-05,bytes:584,gbps:0.0786241
cr:5.30909,iter:9,level:10,rank:0,datasize:73,operation:Pre-Smoothing
Time:0.000210482,bytes:584,gbps:0.0221967
cr:0.909657,iter:9,level:10,rank:0,datasize:73,operation:Residual
Time:4.5046e-05,bytes:216,gbps:0.0383608
cr:1.96364,iter:9,level:11,rank:0,datasize:27,operation:Pre-Smoothing
Time:0.000104154,bytes:216,gbps:0.0165908
cr:0.791209,iter:9,level:11,rank:0,datasize:27,operation:Residual
Time:5.9297e-05,bytes:64,gbps:0.0086345
cr:0.528926,iter:9,level:12,rank:0,datasize:8,operation:Interpolation
Time:0.000119246,bytes:216,gbps:0.0144911
cr:0.791209,iter:9,level:12,rank:0,datasize:27,operation:Post-smoothing
Time:7.7465e-05,bytes:64,gbps:0.00660944
cr:0.528926,iter:9,level:12,rank:0,datasize:8,operation:Interpolation
Time:0.000315158,bytes:584,gbps:0.0148243
cr:0.909657,iter:9,level:12,rank:0,datasize:73,operation:Post-smoothing
Time:0.000176884,bytes:176,gbps:0.00796002
cr:0.755365,iter:9,level:12,rank:0,datasize:22,operation:Interpolation
Time:0.00045297,bytes:1312,gbps:0.0231715
cr:0.957664,iter:9,level:12,rank:0,datasize:164,operation:Post-smoothing
Time:0.000408975,bytes:256,gbps:0.00500764
cr:0.815287,iter:9,level:12,rank:0,datasize:32,operation:Interpolation
Time:0.00212787,bytes:2176,gbps:0.00818097
cr:0.995425,iter:9,level:12,rank:0,datasize:272,operation:Post-smoothing
Time:0.000776554,bytes:368,gbps:0.00379111
cr:0.86385,iter:9,level:12,rank:0,datasize:46,operation:Interpolation
Time:0.00331846,bytes:2944,gbps:0.00709727
cr:1.00718,iter:9,level:12,rank:0,datasize:368,operation:Post-smoothing
Time:0.000888366,bytes:560,gbps:0.00504297
cr:0.906149,iter:9,level:12,rank:0,datasize:70,operation:Interpolation
SZ is downgraded to lossless mode.
SZ is downgraded to lossless mode.
Time:0.00463352,bytes:3832,gbps:0.00661614
cr:1.01942,iter:9,level:12,rank:0,datasize:479,operation:Post-smoothing
Time:0.000659275,bytes:592,gbps:0.00718365
cr:0.910769,iter:9,level:12,rank:0,datasize:74,operation:Interpolation
SZ is downgraded to lossless mode.
SZ is downgraded to lossless mode.
Time:0.00456437,bytes:4664,gbps:0.00817462
cr:1.02348,iter:9,level:12,rank:0,datasize:583,operation:Post-smoothing
Time:0.000992604,bytes:896,gbps:0.00722141
cr:0.978166,iter:9,level:12,rank:0,datasize:112,operation:Interpolation
SZ is downgraded to lossless mode.
SZ is downgraded to lossless mode.
Time:0.00596672,bytes:5880,gbps:0.00788373
cr:1.03049,iter:9,level:12,rank:0,datasize:735,operation:Post-smoothing
Time:0.00120478,bytes:1184,gbps:0.00786204
cr:0.953301,iter:9,level:12,rank:0,datasize:148,operation:Interpolation
SZ is downgraded to lossless mode.
SZ is downgraded to lossless mode.
Time:0.00682013,bytes:7000,gbps:0.00821098
cr:1.03458,iter:9,level:12,rank:0,datasize:875,operation:Post-smoothing
Time:0.00597675,bytes:1600,gbps:0.00214163
cr:0.982801,iter:9,level:12,rank:0,datasize:200,operation:Interpolation
SZ is downgraded to lossless mode.
SZ is downgraded to lossless mode.
Time:0.00667362,bytes:6328,gbps:0.00758569
cr:1.0318,iter:9,level:12,rank:0,datasize:791,operation:Post-smoothing
Time:0.0027841,bytes:1848,gbps:0.00531016
cr:0.990885,iter:9,level:12,rank:0,datasize:231,operation:Interpolation
SZ is downgraded to lossless mode.
SZ is downgraded to lossless mode.
Time:0.00409897,bytes:5088,gbps:0.0099303
cr:1.02746,iter:9,level:12,rank:0,datasize:636,operation:Post-smoothing
Time:0.00394091,bytes:1688,gbps:0.00342662
cr:0.985981,iter:9,level:12,rank:0,datasize:211,operation:Interpolation
Time:0.00137215,bytes:4000,gbps:0.023321
cr:1.03842,iter:9,level:12,rank:0,datasize:500,operation:Post-smoothing
Time:0.00132436,bytes:4000,gbps:0.0241627
cr:1.03788,iter:9,level:12,rank:0,datasize:500,operation:Residual-Norm
Time:0.00191156,bytes:4000,gbps:0.0167403
cr:1.03788,iter:10,level:0,rank:0,datasize:500,operation:Pre-Smoothing
Time:0.00159869,bytes:4000,gbps:0.0200164
cr:1.03815,iter:10,level:0,rank:0,datasize:500,operation:Residual
Time:0.000273942,bytes:5088,gbps:0.148586
cr:47.5514,iter:10,level:1,rank:0,datasize:636,operation:Pre-Smoothing
Time:0.000731157,bytes:5088,gbps:0.0556707
cr:1.52655,iter:10,level:1,rank:0,datasize:636,operation:Residual
Time:0.000291352,bytes:6328,gbps:0.173755
cr:59.1402,iter:10,level:2,rank:0,datasize:791,operation:Pre-Smoothing
Time:0.00095917,bytes:6328,gbps:0.052779
cr:1.3034,iter:10,level:2,rank:0,datasize:791,operation:Residual
Time:0.000297228,bytes:7000,gbps:0.188408
cr:65.4206,iter:10,level:3,rank:0,datasize:875,operation:Pre-Smoothing
SZ is downgraded to lossless mode.
SZ is downgraded to lossless mode.
Time:0.00121441,bytes:7000,gbps:0.046113
cr:1.02145,iter:10,level:3,rank:0,datasize:875,operation:Residual
Time:0.000282835,bytes:5880,gbps:0.166316
cr:54.9533,iter:10,level:4,rank:0,datasize:735,operation:Pre-Smoothing
SZ is downgraded to lossless mode.
SZ is downgraded to lossless mode.
Time:0.00149854,bytes:5880,gbps:0.0313907
cr:1.01942,iter:10,level:4,rank:0,datasize:735,operation:Residual
Time:0.000275068,bytes:4664,gbps:0.135646
cr:43.5888,iter:10,level:5,rank:0,datasize:583,operation:Pre-Smoothing
SZ is downgraded to lossless mode.
SZ is downgraded to lossless mode.
Time:0.00166276,bytes:4664,gbps:0.0224398
cr:1.0179,iter:10,level:5,rank:0,datasize:583,operation:Residual
Time:0.000260131,bytes:3832,gbps:0.117848
cr:37.2039,iter:10,level:6,rank:0,datasize:479,operation:Pre-Smoothing
SZ is downgraded to lossless mode.
SZ is downgraded to lossless mode.
Time:0.00156072,bytes:3832,gbps:0.0196422
cr:1.01456,iter:10,level:6,rank:0,datasize:479,operation:Residual
Time:0.00026792,bytes:2944,gbps:0.0879068
cr:28.5825,iter:10,level:7,rank:0,datasize:368,operation:Pre-Smoothing
Time:0.00208057,bytes:2944,gbps:0.01132
cr:1.00409,iter:10,level:7,rank:0,datasize:368,operation:Residual
Time:0.000247724,bytes:2176,gbps:0.0702718
cr:21.1262,iter:10,level:8,rank:0,datasize:272,operation:Pre-Smoothing
Time:0.00147352,bytes:2176,gbps:0.0118139
cr:0.973602,iter:10,level:8,rank:0,datasize:272,operation:Residual
Time:7.4762e-05,bytes:1312,gbps:0.140392
cr:11.9273,iter:10,level:9,rank:0,datasize:164,operation:Pre-Smoothing
Time:0.000370573,bytes:1312,gbps:0.0283237
cr:0.957664,iter:10,level:9,rank:0,datasize:164,operation:Residual
Time:6.0936e-05,bytes:584,gbps:0.0766706
cr:5.30909,iter:10,level:10,rank:0,datasize:73,operation:Pre-Smoothing
Time:0.000198459,bytes:584,gbps:0.0235414
cr:0.915361,iter:10,level:10,rank:0,datasize:73,operation:Residual
Time:4.566e-05,bytes:216,gbps:0.0378449
cr:1.96364,iter:10,level:11,rank:0,datasize:27,operation:Pre-Smoothing
Time:9.8364e-05,bytes:216,gbps:0.0175674
cr:0.791209,iter:10,level:11,rank:0,datasize:27,operation:Residual
Time:5.6289e-05,bytes:64,gbps:0.00909592
cr:0.528926,iter:10,level:12,rank:0,datasize:8,operation:Interpolation
Time:0.000107209,bytes:216,gbps:0.016118
cr:0.791209,iter:10,level:12,rank:0,datasize:27,operation:Post-smoothing
Time:8.057e-05,bytes:64,gbps:0.00635472
cr:0.528926,iter:10,level:12,rank:0,datasize:8,operation:Interpolation
Time:0.000277062,bytes:584,gbps:0.0168627
cr:0.909657,iter:10,level:12,rank:0,datasize:73,operation:Post-smoothing
Time:0.000162629,bytes:176,gbps:0.00865774
cr:0.755365,iter:10,level:12,rank:0,datasize:22,operation:Interpolation
Time:0.000432838,bytes:1312,gbps:0.0242493
cr:0.957664,iter:10,level:12,rank:0,datasize:164,operation:Post-smoothing
Time:0.000355626,bytes:256,gbps:0.00575886
cr:0.815287,iter:10,level:12,rank:0,datasize:32,operation:Interpolation
Time:0.00207054,bytes:2176,gbps:0.00840748
cr:0.994516,iter:10,level:12,rank:0,datasize:272,operation:Post-smoothing
Time:0.000503582,bytes:368,gbps:0.00584612
cr:0.86385,iter:10,level:12,rank:0,datasize:46,operation:Interpolation
SZ is downgraded to lossless mode.
Time:0.00240355,bytes:2944,gbps:0.00979885
cr:1.00753,iter:10,level:12,rank:0,datasize:368,operation:Post-smoothing
Time:0.000781123,bytes:560,gbps:0.00573533
cr:0.906149,iter:10,level:12,rank:0,datasize:70,operation:Interpolation
SZ is downgraded to lossless mode.
SZ is downgraded to lossless mode.
Time:0.00418291,bytes:3832,gbps:0.00732887
cr:1.01942,iter:10,level:12,rank:0,datasize:479,operation:Post-smoothing
Time:0.000536436,bytes:592,gbps:0.00882864
cr:0.910769,iter:10,level:12,rank:0,datasize:74,operation:Interpolation
SZ is downgraded to lossless mode.
SZ is downgraded to lossless mode.
Time:0.00392668,bytes:4664,gbps:0.00950217
cr:1.0246,iter:10,level:12,rank:0,datasize:583,operation:Post-smoothing
Time:0.0013034,bytes:896,gbps:0.00549945
cr:0.980306,iter:10,level:12,rank:0,datasize:112,operation:Interpolation
SZ is downgraded to lossless mode.
SZ is downgraded to lossless mode.
Time:0.00504738,bytes:5880,gbps:0.00931969
cr:1.02959,iter:10,level:12,rank:0,datasize:735,operation:Post-smoothing
Time:0.00115513,bytes:1184,gbps:0.00819991
cr:0.953301,iter:10,level:12,rank:0,datasize:148,operation:Interpolation
SZ is downgraded to lossless mode.
SZ is downgraded to lossless mode.
Time:0.00594506,bytes:7000,gbps:0.00941958
cr:1.03275,iter:10,level:12,rank:0,datasize:875,operation:Post-smoothing
Time:0.00552873,bytes:1600,gbps:0.00231518
cr:0.965018,iter:10,level:12,rank:0,datasize:200,operation:Interpolation
SZ is downgraded to lossless mode.
SZ is downgraded to lossless mode.
Time:0.0060525,bytes:6328,gbps:0.00836414
cr:1.03045,iter:10,level:12,rank:0,datasize:791,operation:Post-smoothing
Time:0.00240649,bytes:1848,gbps:0.0061434
cr:0.989823,iter:10,level:12,rank:0,datasize:231,operation:Interpolation
SZ is downgraded to lossless mode.
SZ is downgraded to lossless mode.
Time:0.00357105,bytes:5088,gbps:0.0113983
cr:1.02601,iter:10,level:12,rank:0,datasize:636,operation:Post-smoothing
Time:0.00365279,bytes:1688,gbps:0.0036969
cr:0.985981,iter:10,level:12,rank:0,datasize:211,operation:Interpolation
Time:0.00134059,bytes:4000,gbps:0.0238701
cr:1.03842,iter:10,level:12,rank:0,datasize:500,operation:Post-smoothing
Time:0.00133496,bytes:4000,gbps:0.0239708
cr:1.03708,iter:10,level:12,rank:0,datasize:500,operation:Residual-Norm
Time:0.00191735,bytes:4000,gbps:0.0166897
cr:1.03708,iter:11,level:0,rank:0,datasize:500,operation:Pre-Smoothing
Time:0.00164589,bytes:4000,gbps:0.0194424
cr:1.03761,iter:11,level:0,rank:0,datasize:500,operation:Residual
Time:0.000273841,bytes:5088,gbps:0.148641
cr:47.5514,iter:11,level:1,rank:0,datasize:636,operation:Pre-Smoothing
Time:0.000748121,bytes:5088,gbps:0.0544083
cr:1.47436,iter:11,level:1,rank:0,datasize:636,operation:Residual
Time:0.000297419,bytes:6328,gbps:0.170211
cr:59.1402,iter:11,level:2,rank:0,datasize:791,operation:Pre-Smoothing
Time:0.000867198,bytes:6328,gbps:0.0583765
cr:1.46312,iter:11,level:2,rank:0,datasize:791,operation:Residual
Time:0.000303393,bytes:7000,gbps:0.184579
cr:65.4206,iter:11,level:3,rank:0,datasize:875,operation:Pre-Smoothing
SZ is downgraded to lossless mode.
SZ is downgraded to lossless mode.
Time:0.00110383,bytes:7000,gbps:0.0507324
cr:1.01966,iter:11,level:3,rank:0,datasize:875,operation:Residual
Time:0.000281954,bytes:5880,gbps:0.166836
cr:54.9533,iter:11,level:4,rank:0,datasize:735,operation:Pre-Smoothing
SZ is downgraded to lossless mode.
SZ is downgraded to lossless mode.
Time:0.00125109,bytes:5880,gbps:0.0375992
cr:1.01783,iter:11,level:4,rank:0,datasize:735,operation:Residual
Time:0.000266576,bytes:4664,gbps:0.139968
cr:43.5888,iter:11,level:5,rank:0,datasize:583,operation:Pre-Smoothing
SZ is downgraded to lossless mode.
SZ is downgraded to lossless mode.
Time:0.00146564,bytes:4664,gbps:0.0254579
cr:1.01745,iter:11,level:5,rank:0,datasize:583,operation:Residual
Time:0.000256046,bytes:3832,gbps:0.119728
cr:37.2039,iter:11,level:6,rank:0,datasize:479,operation:Pre-Smoothing
SZ is downgraded to lossless mode.
SZ is downgraded to lossless mode.
Time:0.00138298,bytes:3832,gbps:0.0221667
cr:1.01402,iter:11,level:6,rank:0,datasize:479,operation:Residual
Time:0.000272059,bytes:2944,gbps:0.0865695
cr:28.5825,iter:11,level:7,rank:0,datasize:368,operation:Pre-Smoothing
Time:0.00177357,bytes:2944,gbps:0.0132794
cr:1.00341,iter:11,level:7,rank:0,datasize:368,operation:Residual
Time:0.000243908,bytes:2176,gbps:0.0713712
cr:21.1262,iter:11,level:8,rank:0,datasize:272,operation:Pre-Smoothing
Time:0.00134933,bytes:2176,gbps:0.0129012
cr:0.973602,iter:11,level:8,rank:0,datasize:272,operation:Residual
Time:7.326e-05,bytes:1312,gbps:0.143271
cr:11.9273,iter:11,level:9,rank:0,datasize:164,operation:Pre-Smoothing
Time:0.000346767,bytes:1312,gbps:0.0302682
cr:0.957664,iter:11,level:9,rank:0,datasize:164,operation:Residual
Time:5.7468e-05,bytes:584,gbps:0.0812974
cr:5.30909,iter:11,level:10,rank:0,datasize:73,operation:Pre-Smoothing
Time:0.000182371,bytes:584,gbps:0.0256181
cr:0.909657,iter:11,level:10,rank:0,datasize:73,operation:Residual
Time:5.148e-05,bytes:216,gbps:0.0335664
cr:1.96364,iter:11,level:11,rank:0,datasize:27,operation:Pre-Smoothing
Time:8.7426e-05,bytes:216,gbps:0.0197653
cr:0.791209,iter:11,level:11,rank:0,datasize:27,operation:Residual
Time:5.1545e-05,bytes:64,gbps:0.00993307
cr:0.528926,iter:11,level:12,rank:0,datasize:8,operation:Interpolation
Time:9.1985e-05,bytes:216,gbps:0.0187857
cr:0.791209,iter:11,level:12,rank:0,datasize:27,operation:Post-smoothing
Time:6.9092e-05,bytes:64,gbps:0.00741041
cr:0.528926,iter:11,level:12,rank:0,datasize:8,operation:Interpolation
Time:0.000243813,bytes:584,gbps:0.0191622
cr:0.909657,iter:11,level:12,rank:0,datasize:73,operation:Post-smoothing
Time:0.000149507,bytes:176,gbps:0.00941762
cr:0.755365,iter:11,level:12,rank:0,datasize:22,operation:Interpolation
Time:0.000374124,bytes:1312,gbps:0.0280549
cr:0.957664,iter:11,level:12,rank:0,datasize:164,operation:Post-smoothing
Time:0.000339203,bytes:256,gbps:0.00603768
cr:0.815287,iter:11,level:12,rank:0,datasize:32,operation:Interpolation
Time:0.00179917,bytes:2176,gbps:0.00967557
cr:0.973602,iter:11,level:12,rank:0,datasize:272,operation:Post-smoothing
Time:0.000451014,bytes:368,gbps:0.00652751
cr:0.86385,iter:11,level:12,rank:0,datasize:46,operation:Interpolation
SZ is downgraded to lossless mode.
Time:0.00197346,bytes:2944,gbps:0.0119344
cr:1.00995,iter:11,level:12,rank:0,datasize:368,operation:Post-smoothing
Time:0.000720978,bytes:560,gbps:0.00621378
cr:0.906149,iter:11,level:12,rank:0,datasize:70,operation:Interpolation
SZ is downgraded to lossless mode.
SZ is downgraded to lossless mode.
Time:0.00340893,bytes:3832,gbps:0.00899285
cr:1.01834,iter:11,level:12,rank:0,datasize:479,operation:Post-smoothing
Time:0.000465092,bytes:592,gbps:0.0101829
cr:0.910769,iter:11,level:12,rank:0,datasize:74,operation:Interpolation
SZ is downgraded to lossless mode.
SZ is downgraded to lossless mode.
Time:0.0032598,bytes:4664,gbps:0.0114461
cr:1.02326,iter:11,level:12,rank:0,datasize:583,operation:Post-smoothing
Time:0.000759893,bytes:896,gbps:0.00943291
cr:0.9718,iter:11,level:12,rank:0,datasize:112,operation:Interpolation
SZ is downgraded to lossless mode.
SZ is downgraded to lossless mode.
Time:0.0045965,bytes:5880,gbps:0.0102339
cr:1.03049,iter:11,level:12,rank:0,datasize:735,operation:Post-smoothing
Time:0.00110917,bytes:1184,gbps:0.00853971
cr:0.953301,iter:11,level:12,rank:0,datasize:148,operation:Interpolation
SZ is downgraded to lossless mode.
SZ is downgraded to lossless mode.
Time:0.00503925,bytes:7000,gbps:0.0111128
cr:1.03138,iter:11,level:12,rank:0,datasize:875,operation:Post-smoothing
Time:0.00502509,bytes:1600,gbps:0.00254722
cr:0.981595,iter:11,level:12,rank:0,datasize:200,operation:Interpolation
SZ is downgraded to lossless mode.
SZ is downgraded to lossless mode.
Time:0.005741,bytes:6328,gbps:0.00881797
cr:1.03028,iter:11,level:12,rank:0,datasize:791,operation:Post-smoothing
Time:0.00218403,bytes:1848,gbps:0.00676914
cr:0.989293,iter:11,level:12,rank:0,datasize:231,operation:Interpolation
SZ is downgraded to lossless mode.
SZ is downgraded to lossless mode.
Time:0.00334508,bytes:5088,gbps:0.0121683
cr:1.02498,iter:11,level:12,rank:0,datasize:636,operation:Post-smoothing
Time:0.00277642,bytes:1688,gbps:0.00486382
cr:0.984831,iter:11,level:12,rank:0,datasize:211,operation:Interpolation
Time:0.00137944,bytes:4000,gbps:0.0231978
cr:1.03708,iter:11,level:12,rank:0,datasize:500,operation:Post-smoothing
Time:0.00132739,bytes:4000,gbps:0.0241074
cr:1.03788,iter:11,level:12,rank:0,datasize:500,operation:Residual-Norm
Time:0.00186202,bytes:4000,gbps:0.0171856
cr:1.03788,iter:12,level:0,rank:0,datasize:500,operation:Pre-Smoothing
Time:0.00154875,bytes:4000,gbps:0.0206618
cr:1.03842,iter:12,level:0,rank:0,datasize:500,operation:Residual
Time:0.000270065,bytes:5088,gbps:0.150719
cr:47.5514,iter:12,level:1,rank:0,datasize:636,operation:Pre-Smoothing
Time:0.000651193,bytes:5088,gbps:0.0625068
cr:1.87957,iter:12,level:1,rank:0,datasize:636,operation:Residual
Time:0.000295471,bytes:6328,gbps:0.171333
cr:59.1402,iter:12,level:2,rank:0,datasize:791,operation:Pre-Smoothing
Time:0.000780888,bytes:6328,gbps:0.0648288
cr:1.67452,iter:12,level:2,rank:0,datasize:791,operation:Residual
Time:0.000298845,bytes:7000,gbps:0.187388
cr:65.4206,iter:12,level:3,rank:0,datasize:875,operation:Pre-Smoothing
Time:0.000948466,bytes:7000,gbps:0.0590427
cr:1.33511,iter:12,level:3,rank:0,datasize:875,operation:Residual
Time:0.000280429,bytes:5880,gbps:0.167743
cr:54.9533,iter:12,level:4,rank:0,datasize:735,operation:Pre-Smoothing
SZ is downgraded to lossless mode.
SZ is downgraded to lossless mode.
Time:0.00122617,bytes:5880,gbps:0.0383633
cr:1.01713,iter:12,level:4,rank:0,datasize:735,operation:Residual
Time:0.000264352,bytes:4664,gbps:0.141145
cr:43.5888,iter:12,level:5,rank:0,datasize:583,operation:Pre-Smoothing
SZ is downgraded to lossless mode.
SZ is downgraded to lossless mode.
Time:0.00128973,bytes:4664,gbps:0.0289301
cr:1.01502,iter:12,level:5,rank:0,datasize:583,operation:Residual
Time:0.000258111,bytes:3832,gbps:0.118771
cr:37.2039,iter:12,level:6,rank:0,datasize:479,operation:Pre-Smoothing
SZ is downgraded to lossless mode.
SZ is downgraded to lossless mode.
Time:0.0012712,bytes:3832,gbps:0.0241158
cr:1.01162,iter:12,level:6,rank:0,datasize:479,operation:Residual
Time:0.000267604,bytes:2944,gbps:0.0880106
cr:28.5825,iter:12,level:7,rank:0,datasize:368,operation:Pre-Smoothing
Time:0.00128101,bytes:2944,gbps:0.0183855
cr:1.00238,iter:12,level:7,rank:0,datasize:368,operation:Residual
Time:0.000241295,bytes:2176,gbps:0.0721441
cr:21.1262,iter:12,level:8,rank:0,datasize:272,operation:Pre-Smoothing
Time:0.00117698,bytes:2176,gbps:0.0147904
cr:0.973602,iter:12,level:8,rank:0,datasize:272,operation:Residual
Time:7.3521e-05,bytes:1312,gbps:0.142762
cr:11.9273,iter:12,level:9,rank:0,datasize:164,operation:Pre-Smoothing
Time:0.000315408,bytes:1312,gbps:0.0332775
cr:0.957664,iter:12,level:9,rank:0,datasize:164,operation:Residual
Time:5.5081e-05,bytes:584,gbps:0.0848205
cr:5.30909,iter:12,level:10,rank:0,datasize:73,operation:Pre-Smoothing
Time:0.000176209,bytes:584,gbps:0.026514
cr:0.909657,iter:12,level:10,rank:0,datasize:73,operation:Residual
Time:4.7662e-05,bytes:216,gbps:0.0362553
cr:1.96364,iter:12,level:11,rank:0,datasize:27,operation:Pre-Smoothing
Time:8.2636e-05,bytes:216,gbps:0.020911
cr:0.791209,iter:12,level:11,rank:0,datasize:27,operation:Residual
Time:5.2456e-05,bytes:64,gbps:0.00976056
cr:0.528926,iter:12,level:12,rank:0,datasize:8,operation:Interpolation
Time:8.8061e-05,bytes:216,gbps:0.0196228
cr:0.791209,iter:12,level:12,rank:0,datasize:27,operation:Post-smoothing
Time:7.034e-05,bytes:64,gbps:0.00727893
cr:0.528926,iter:12,level:12,rank:0,datasize:8,operation:Interpolation
Time:0.000215646,bytes:584,gbps:0.0216651
cr:0.909657,iter:12,level:12,rank:0,datasize:73,operation:Post-smoothing
Time:0.000133552,bytes:176,gbps:0.0105427
cr:0.755365,iter:12,level:12,rank:0,datasize:22,operation:Interpolation
Time:0.000339456,bytes:1312,gbps:0.0309201
cr:0.957664,iter:12,level:12,rank:0,datasize:164,operation:Post-smoothing
Time:0.000276249,bytes:256,gbps:0.0074136
cr:0.815287,iter:12,level:12,rank:0,datasize:32,operation:Interpolation
Time:0.00126921,bytes:2176,gbps:0.0137156
cr:0.973602,iter:12,level:12,rank:0,datasize:272,operation:Post-smoothing
Time:0.000409291,bytes:368,gbps:0.00719293
cr:0.86385,iter:12,level:12,rank:0,datasize:46,operation:Interpolation
Time:0.00190719,bytes:2944,gbps:0.0123491
cr:1.00718,iter:12,level:12,rank:0,datasize:368,operation:Post-smoothing
Time:0.000559116,bytes:560,gbps:0.00801265
cr:0.906149,iter:12,level:12,rank:0,datasize:70,operation:Interpolation
SZ is downgraded to lossless mode.
SZ is downgraded to lossless mode.
Time:0.00309636,bytes:3832,gbps:0.00990066
cr:1.01996,iter:12,level:12,rank:0,datasize:479,operation:Post-smoothing
Time:0.000404138,bytes:592,gbps:0.0117188
cr:0.910769,iter:12,level:12,rank:0,datasize:74,operation:Interpolation
SZ is downgraded to lossless mode.
SZ is downgraded to lossless mode.
Time:0.00284298,bytes:4664,gbps:0.0131242
cr:1.02326,iter:12,level:12,rank:0,datasize:583,operation:Post-smoothing
Time:0.000616656,bytes:896,gbps:0.011624
cr:0.974973,iter:12,level:12,rank:0,datasize:112,operation:Interpolation
SZ is downgraded to lossless mode.
SZ is downgraded to lossless mode.
Time:0.00440149,bytes:5880,gbps:0.0106873
cr:1.02797,iter:12,level:12,rank:0,datasize:735,operation:Post-smoothing
Time:0.00100032,bytes:1184,gbps:0.00946898
cr:0.953301,iter:12,level:12,rank:0,datasize:148,operation:Interpolation
SZ is downgraded to lossless mode.
SZ is downgraded to lossless mode.
Time:0.00409797,bytes:7000,gbps:0.0136653
cr:1.03123,iter:12,level:12,rank:0,datasize:875,operation:Post-smoothing
Time:0.00404591,bytes:1600,gbps:0.00316369
cr:0.965018,iter:12,level:12,rank:0,datasize:200,operation:Interpolation
SZ is downgraded to lossless mode.
SZ is downgraded to lossless mode.
Time:0.00456319,bytes:6328,gbps:0.011094
cr:1.02878,iter:12,level:12,rank:0,datasize:791,operation:Post-smoothing
Time:0.00170454,bytes:1848,gbps:0.00867332
cr:0.989293,iter:12,level:12,rank:0,datasize:231,operation:Interpolation
SZ is downgraded to lossless mode.
SZ is downgraded to lossless mode.
Time:0.00262929,bytes:5088,gbps:0.015481
cr:1.02498,iter:12,level:12,rank:0,datasize:636,operation:Post-smoothing
Time:0.00208999,bytes:1688,gbps:0.00646127
cr:0.98311,iter:12,level:12,rank:0,datasize:211,operation:Interpolation
Time:0.00192239,bytes:4000,gbps:0.016646
cr:1.03681,iter:12,level:12,rank:0,datasize:500,operation:Post-smoothing
Time:0.0014567,bytes:4000,gbps:0.0219674
cr:1.03761,iter:12,level:12,rank:0,datasize:500,operation:Residual-Norm
Time:0.00191018,bytes:4000,gbps:0.0167523
cr:1.03761,iter:13,level:0,rank:0,datasize:500,operation:Pre-Smoothing
Time:0.00170161,bytes:4000,gbps:0.0188057
cr:1.03627,iter:13,level:0,rank:0,datasize:500,operation:Residual
Time:0.000270358,bytes:5088,gbps:0.150556
cr:47.5514,iter:13,level:1,rank:0,datasize:636,operation:Pre-Smoothing
Time:0.000597577,bytes:5088,gbps:0.0681151
cr:2.18275,iter:13,level:1,rank:0,datasize:636,operation:Residual
Time:0.000286774,bytes:6328,gbps:0.176529
cr:59.1402,iter:13,level:2,rank:0,datasize:791,operation:Pre-Smoothing
Time:0.000740824,bytes:6328,gbps:0.0683347
cr:1.89973,iter:13,level:2,rank:0,datasize:791,operation:Residual
Time:0.000293001,bytes:7000,gbps:0.191126
cr:65.4206,iter:13,level:3,rank:0,datasize:875,operation:Pre-Smoothing
Time:0.000854263,bytes:7000,gbps:0.0655536
cr:1.5324,iter:13,level:3,rank:0,datasize:875,operation:Residual
Time:0.000279694,bytes:5880,gbps:0.168184
cr:54.9533,iter:13,level:4,rank:0,datasize:735,operation:Pre-Smoothing
SZ is downgraded to lossless mode.
SZ is downgraded to lossless mode.
Time:0.00111759,bytes:5880,gbps:0.0420904
cr:1.0166,iter:13,level:4,rank:0,datasize:735,operation:Residual
Time:0.000266922,bytes:4664,gbps:0.139786
cr:43.5888,iter:13,level:5,rank:0,datasize:583,operation:Pre-Smoothing
SZ is downgraded to lossless mode.
SZ is downgraded to lossless mode.
Time:0.00127865,bytes:4664,gbps:0.0291808
cr:1.01325,iter:13,level:5,rank:0,datasize:583,operation:Residual
Time:0.000252276,bytes:3832,gbps:0.121518
cr:37.2039,iter:13,level:6,rank:0,datasize:479,operation:Pre-Smoothing
SZ is downgraded to lossless mode.
SZ is downgraded to lossless mode.
Time:0.00111795,bytes:3832,gbps:0.0274216
cr:1.00842,iter:13,level:6,rank:0,datasize:479,operation:Residual
Time:0.000261398,bytes:2944,gbps:0.0901002
cr:28.5825,iter:13,level:7,rank:0,datasize:368,operation:Pre-Smoothing
Time:0.00120012,bytes:2944,gbps:0.0196247
cr:1.00238,iter:13,level:7,rank:0,datasize:368,operation:Residual
Time:0.000248041,bytes:2176,gbps:0.0701819
cr:21.1262,iter:13,level:8,rank:0,datasize:272,operation:Pre-Smoothing
Time:0.00118619,bytes:2176,gbps:0.0146756
cr:0.973602,iter:13,level:8,rank:0,datasize:272,operation:Residual
Time:7.4644e-05,bytes:1312,gbps:0.140614
cr:11.9273,iter:13,level:9,rank:0,datasize:164,operation:Pre-Smoothing
Time:0.000292657,bytes:1312,gbps:0.0358645
cr:0.957664,iter:13,level:9,rank:0,datasize:164,operation:Residual
Time:5.6536e-05,bytes:584,gbps:0.0826376
cr:5.30909,iter:13,level:10,rank:0,datasize:73,operation:Pre-Smoothing
Time:0.000163294,bytes:584,gbps:0.028611
cr:0.909657,iter:13,level:10,rank:0,datasize:73,operation:Residual
Time:4.3385e-05,bytes:216,gbps:0.0398294
cr:1.96364,iter:13,level:11,rank:0,datasize:27,operation:Pre-Smoothing
Time:8.063e-05,bytes:216,gbps:0.0214312
cr:0.791209,iter:13,level:11,rank:0,datasize:27,operation:Residual
Time:5.1127e-05,bytes:64,gbps:0.0100143
cr:0.528926,iter:13,level:12,rank:0,datasize:8,operation:Interpolation
Time:8.6264e-05,bytes:216,gbps:0.0200315
cr:0.791209,iter:13,level:12,rank:0,datasize:27,operation:Post-smoothing
Time:5.8975e-05,bytes:64,gbps:0.00868164
cr:0.528926,iter:13,level:12,rank:0,datasize:8,operation:Interpolation
Time:0.000187645,bytes:584,gbps:0.0248981
cr:0.913928,iter:13,level:12,rank:0,datasize:73,operation:Post-smoothing
Time:0.000125665,bytes:176,gbps:0.0112044
cr:0.755365,iter:13,level:12,rank:0,datasize:22,operation:Interpolation
Time:0.000321564,bytes:1312,gbps:0.0326405
cr:0.957664,iter:13,level:12,rank:0,datasize:164,operation:Post-smoothing
Time:0.000241921,bytes:256,gbps:0.00846557
cr:0.815287,iter:13,level:12,rank:0,datasize:32,operation:Interpolation
Time:0.00129743,bytes:2176,gbps:0.0134173
cr:0.973602,iter:13,level:12,rank:0,datasize:272,operation:Post-smoothing
Time:0.000325488,bytes:368,gbps:0.00904488
cr:0.86385,iter:13,level:12,rank:0,datasize:46,operation:Interpolation
Time:0.00153137,bytes:2944,gbps:0.0153797
cr:1.00684,iter:13,level:12,rank:0,datasize:368,operation:Post-smoothing
Time:0.00053062,bytes:560,gbps:0.00844295
cr:0.906149,iter:13,level:12,rank:0,datasize:70,operation:Interpolation
SZ is downgraded to lossless mode.
SZ is downgraded to lossless mode.
Time:0.00263968,bytes:3832,gbps:0.0116135
cr:1.01753,iter:13,level:12,rank:0,datasize:479,operation:Post-smoothing
Time:0.000351979,bytes:592,gbps:0.0134553
cr:0.910769,iter:13,level:12,rank:0,datasize:74,operation:Interpolation
SZ is downgraded to lossless mode.
SZ is downgraded to lossless mode.
Time:0.00277642,bytes:4664,gbps:0.0134389
cr:1.02393,iter:13,level:12,rank:0,datasize:583,operation:Post-smoothing
Time:0.000535692,bytes:896,gbps:0.0133808
cr:0.979235,iter:13,level:12,rank:0,datasize:112,operation:Interpolation
SZ is downgraded to lossless mode.
SZ is downgraded to lossless mode.
Time:0.00286688,bytes:5880,gbps:0.0164081
cr:1.02815,iter:13,level:12,rank:0,datasize:735,operation:Post-smoothing
Time:0.000692584,bytes:1184,gbps:0.0136763
cr:0.953301,iter:13,level:12,rank:0,datasize:148,operation:Interpolation
SZ is downgraded to lossless mode.
SZ is downgraded to lossless mode.
Time:0.00345793,bytes:7000,gbps:0.0161947
cr:1.03169,iter:13,level:12,rank:0,datasize:875,operation:Post-smoothing
Time:0.00350719,bytes:1600,gbps:0.00364964
cr:0.965018,iter:13,level:12,rank:0,datasize:200,operation:Interpolation
SZ is downgraded to lossless mode.
SZ is downgraded to lossless mode.
Time:0.00397165,bytes:6328,gbps:0.0127463
cr:1.02861,iter:13,level:12,rank:0,datasize:791,operation:Post-smoothing
Time:0.00129197,bytes:1848,gbps:0.011443
cr:0.987707,iter:13,level:12,rank:0,datasize:231,operation:Interpolation
SZ is downgraded to lossless mode.
SZ is downgraded to lossless mode.
Time:0.00226311,bytes:5088,gbps:0.0179859
cr:1.02477,iter:13,level:12,rank:0,datasize:636,operation:Post-smoothing
Time:0.00175057,bytes:1688,gbps:0.00771407
cr:0.98829,iter:13,level:12,rank:0,datasize:211,operation:Interpolation
Time:0.00212887,bytes:4000,gbps:0.0150315
cr:1.03708,iter:13,level:12,rank:0,datasize:500,operation:Post-smoothing
Time:0.0014175,bytes:4000,gbps:0.022575
cr:1.03734,iter:13,level:12,rank:0,datasize:500,operation:Residual-Norm
Time:0.00189972,bytes:4000,gbps:0.0168446
cr:1.03734,iter:14,level:0,rank:0,datasize:500,operation:Pre-Smoothing
Time:0.00149675,bytes:4000,gbps:0.0213796
cr:1.03654,iter:14,level:0,rank:0,datasize:500,operation:Residual
Time:0.000268562,bytes:5088,gbps:0.151563
cr:47.5514,iter:14,level:1,rank:0,datasize:636,operation:Pre-Smoothing
Time:0.000615391,bytes:5088,gbps:0.0661433
cr:2.15502,iter:14,level:1,rank:0,datasize:636,operation:Residual
Time:0.0002883,bytes:6328,gbps:0.175595
cr:59.1402,iter:14,level:2,rank:0,datasize:791,operation:Pre-Smoothing
Time:0.000692473,bytes:6328,gbps:0.0731061
cr:2.18735,iter:14,level:2,rank:0,datasize:791,operation:Residual
Time:0.000294229,bytes:7000,gbps:0.190328
cr:65.4206,iter:14,level:3,rank:0,datasize:875,operation:Pre-Smoothing
Time:0.00081851,bytes:7000,gbps:0.068417
cr:1.69409,iter:14,level:3,rank:0,datasize:875,operation:Residual
Time:0.000285697,bytes:5880,gbps:0.16465
cr:54.9533,iter:14,level:4,rank:0,datasize:735,operation:Pre-Smoothing
SZ is downgraded to lossless mode.
SZ is downgraded to lossless mode.
Time:0.00108756,bytes:5880,gbps:0.0432527
cr:1.01765,iter:14,level:4,rank:0,datasize:735,operation:Residual
Time:0.000296182,bytes:4664,gbps:0.125977
cr:43.5888,iter:14,level:5,rank:0,datasize:583,operation:Pre-Smoothing
SZ is downgraded to lossless mode.
SZ is downgraded to lossless mode.
Time:0.00118302,bytes:4664,gbps:0.0315397
cr:1.01106,iter:14,level:5,rank:0,datasize:583,operation:Residual
Time:0.000260105,bytes:3832,gbps:0.11786
cr:37.2039,iter:14,level:6,rank:0,datasize:479,operation:Pre-Smoothing
SZ is downgraded to lossless mode.
SZ is downgraded to lossless mode.
Time:0.00100572,bytes:3832,gbps:0.0304815
cr:1.00869,iter:14,level:6,rank:0,datasize:479,operation:Residual
Time:0.000265738,bytes:2944,gbps:0.0886286
cr:28.5825,iter:14,level:7,rank:0,datasize:368,operation:Pre-Smoothing
Time:0.00110234,bytes:2944,gbps:0.0213655
cr:1.00034,iter:14,level:7,rank:0,datasize:368,operation:Residual
Time:0.000245212,bytes:2176,gbps:0.0709916
cr:21.1262,iter:14,level:8,rank:0,datasize:272,operation:Pre-Smoothing
Time:0.000945586,bytes:2176,gbps:0.0184097
cr:0.973602,iter:14,level:8,rank:0,datasize:272,operation:Residual
Time:7.3625e-05,bytes:1312,gbps:0.14256
cr:11.9273,iter:14,level:9,rank:0,datasize:164,operation:Pre-Smoothing
Time:0.000279792,bytes:1312,gbps:0.0375136
cr:0.957664,iter:14,level:9,rank:0,datasize:164,operation:Residual
Time:5.6297e-05,bytes:584,gbps:0.0829884
cr:5.30909,iter:14,level:10,rank:0,datasize:73,operation:Pre-Smoothing
Time:0.000177321,bytes:584,gbps:0.0263477
cr:0.909657,iter:14,level:10,rank:0,datasize:73,operation:Residual
Time:4.4552e-05,bytes:216,gbps:0.0387861
cr:1.96364,iter:14,level:11,rank:0,datasize:27,operation:Pre-Smoothing
Time:8.4052e-05,bytes:216,gbps:0.0205587
cr:0.791209,iter:14,level:11,rank:0,datasize:27,operation:Residual
Time:7.1772e-05,bytes:64,gbps:0.0071337
cr:0.528926,iter:14,level:12,rank:0,datasize:8,operation:Interpolation
Time:8.3894e-05,bytes:216,gbps:0.0205974
cr:0.791209,iter:14,level:12,rank:0,datasize:27,operation:Post-smoothing
Time:5.6389e-05,bytes:64,gbps:0.00907979
cr:0.528926,iter:14,level:12,rank:0,datasize:8,operation:Interpolation
Time:0.000179314,bytes:584,gbps:0.0260549
cr:0.909657,iter:14,level:12,rank:0,datasize:73,operation:Post-smoothing
Time:0.00011593,bytes:176,gbps:0.0121453
cr:0.755365,iter:14,level:12,rank:0,datasize:22,operation:Interpolation
Time:0.000319834,bytes:1312,gbps:0.032817
cr:0.957664,iter:14,level:12,rank:0,datasize:164,operation:Post-smoothing
Time:0.0002216,bytes:256,gbps:0.00924188
cr:0.815287,iter:14,level:12,rank:0,datasize:32,operation:Interpolation
Time:0.0011707,bytes:2176,gbps:0.0148698
cr:0.973602,iter:14,level:12,rank:0,datasize:272,operation:Post-smoothing
Time:0.000287618,bytes:368,gbps:0.0102358
cr:0.86385,iter:14,level:12,rank:0,datasize:46,operation:Interpolation
Time:0.00136719,bytes:2944,gbps:0.0172266
cr:1.00581,iter:14,level:12,rank:0,datasize:368,operation:Post-smoothing
Time:0.000491022,bytes:560,gbps:0.00912383
cr:0.906149,iter:14,level:12,rank:0,datasize:70,operation:Interpolation
SZ is downgraded to lossless mode.
SZ is downgraded to lossless mode.
Time:0.0021033,bytes:3832,gbps:0.0145752
cr:1.01726,iter:14,level:12,rank:0,datasize:479,operation:Post-smoothing
Time:0.000314726,bytes:592,gbps:0.015048
cr:0.910769,iter:14,level:12,rank:0,datasize:74,operation:Interpolation
SZ is downgraded to lossless mode.
SZ is downgraded to lossless mode.
Time:0.00219261,bytes:4664,gbps:0.0170172
cr:1.02146,iter:14,level:12,rank:0,datasize:583,operation:Post-smoothing
Time:0.000479225,bytes:896,gbps:0.0149575
cr:0.990055,iter:14,level:12,rank:0,datasize:112,operation:Interpolation
SZ is downgraded to lossless mode.
SZ is downgraded to lossless mode.
Time:0.00283374,bytes:5880,gbps:0.0166
cr:1.02797,iter:14,level:12,rank:0,datasize:735,operation:Post-smoothing
Time:0.000595609,bytes:1184,gbps:0.0159031
cr:0.953301,iter:14,level:12,rank:0,datasize:148,operation:Interpolation
SZ is downgraded to lossless mode.
SZ is downgraded to lossless mode.
Time:0.00297563,bytes:7000,gbps:0.0188196
cr:1.03093,iter:14,level:12,rank:0,datasize:875,operation:Post-smoothing
Time:0.00301261,bytes:1600,gbps:0.00424881
cr:0.965018,iter:14,level:12,rank:0,datasize:200,operation:Interpolation
SZ is downgraded to lossless mode.
SZ is downgraded to lossless mode.
Time:0.00344984,bytes:6328,gbps:0.0146743
cr:1.03012,iter:14,level:12,rank:0,datasize:791,operation:Post-smoothing
Time:0.00127281,bytes:1848,gbps:0.0116153
cr:0.986652,iter:14,level:12,rank:0,datasize:231,operation:Interpolation
SZ is downgraded to lossless mode.
SZ is downgraded to lossless mode.
Time:0.00202386,bytes:5088,gbps:0.0201121
cr:1.02539,iter:14,level:12,rank:0,datasize:636,operation:Post-smoothing
Time:0.00165278,bytes:1688,gbps:0.00817046
cr:0.983683,iter:14,level:12,rank:0,datasize:211,operation:Interpolation
Time:0.00210249,bytes:4000,gbps:0.01522
cr:1.03546,iter:14,level:12,rank:0,datasize:500,operation:Post-smoothing
Time:0.00138879,bytes:4000,gbps:0.0230417
cr:1.03654,iter:14,level:12,rank:0,datasize:500,operation:Residual-Norm
Time:0.00189684,bytes:4000,gbps:0.0168702
cr:1.03654,iter:15,level:0,rank:0,datasize:500,operation:Pre-Smoothing
Time:0.0015573,bytes:4000,gbps:0.0205484
cr:1.036,iter:15,level:0,rank:0,datasize:500,operation:Residual
Time:0.000270684,bytes:5088,gbps:0.150375
cr:47.5514,iter:15,level:1,rank:0,datasize:636,operation:Pre-Smoothing
Time:0.000544322,bytes:5088,gbps:0.0747793
cr:2.8762,iter:15,level:1,rank:0,datasize:636,operation:Residual
Time:0.000285985,bytes:6328,gbps:0.177016
cr:59.1402,iter:15,level:2,rank:0,datasize:791,operation:Pre-Smoothing
Time:0.000647296,bytes:6328,gbps:0.0782084
cr:2.5578,iter:15,level:2,rank:0,datasize:791,operation:Residual
Time:0.000300613,bytes:7000,gbps:0.186286
cr:65.4206,iter:15,level:3,rank:0,datasize:875,operation:Pre-Smoothing
Time:0.000824524,bytes:7000,gbps:0.067918
cr:1.68188,iter:15,level:3,rank:0,datasize:875,operation:Residual
Time:0.00027999,bytes:5880,gbps:0.168006
cr:54.9533,iter:15,level:4,rank:0,datasize:735,operation:Pre-Smoothing
Time:0.000941387,bytes:5880,gbps:0.0499688
cr:1.2524,iter:15,level:4,rank:0,datasize:735,operation:Residual
Time:0.00027107,bytes:4664,gbps:0.137647
cr:43.5888,iter:15,level:5,rank:0,datasize:583,operation:Pre-Smoothing
SZ is downgraded to lossless mode.
SZ is downgraded to lossless mode.
Time:0.00100292,bytes:4664,gbps:0.0372032
cr:1.01325,iter:15,level:5,rank:0,datasize:583,operation:Residual
Time:0.00025633,bytes:3832,gbps:0.119596
cr:37.2039,iter:15,level:6,rank:0,datasize:479,operation:Pre-Smoothing
SZ is downgraded to lossless mode.
SZ is downgraded to lossless mode.
Time:0.000941908,bytes:3832,gbps:0.0325467
cr:1.00419,iter:15,level:6,rank:0,datasize:479,operation:Residual
Time:0.000266938,bytes:2944,gbps:0.0882302
cr:28.5825,iter:15,level:7,rank:0,datasize:368,operation:Pre-Smoothing
Time:0.00106935,bytes:2944,gbps:0.0220246
cr:1.00102,iter:15,level:7,rank:0,datasize:368,operation:Residual
Time:0.000246064,bytes:2176,gbps:0.0707458
cr:21.1262,iter:15,level:8,rank:0,datasize:272,operation:Pre-Smoothing
Time:0.000828081,bytes:2176,gbps:0.0210221
cr:0.973602,iter:15,level:8,rank:0,datasize:272,operation:Residual
Time:7.189e-05,bytes:1312,gbps:0.146001
cr:11.9273,iter:15,level:9,rank:0,datasize:164,operation:Pre-Smoothing
Time:0.000259703,bytes:1312,gbps:0.0404154
cr:0.957664,iter:15,level:9,rank:0,datasize:164,operation:Residual
Time:5.8007e-05,bytes:584,gbps:0.080542
cr:5.30909,iter:15,level:10,rank:0,datasize:73,operation:Pre-Smoothing
Time:0.000152305,bytes:584,gbps:0.0306753
cr:0.909657,iter:15,level:10,rank:0,datasize:73,operation:Residual
Time:4.4407e-05,bytes:216,gbps:0.0389128
cr:1.96364,iter:15,level:11,rank:0,datasize:27,operation:Pre-Smoothing
Time:7.9803e-05,bytes:216,gbps:0.0216533
cr:0.791209,iter:15,level:11,rank:0,datasize:27,operation:Residual
Time:5.4583e-05,bytes:64,gbps:0.00938021
cr:0.528926,iter:15,level:12,rank:0,datasize:8,operation:Interpolation
Time:7.8854e-05,bytes:216,gbps:0.0219139
cr:0.791209,iter:15,level:12,rank:0,datasize:27,operation:Post-smoothing
Time:5.3422e-05,bytes:64,gbps:0.00958407
cr:0.528926,iter:15,level:12,rank:0,datasize:8,operation:Interpolation
Time:0.000165334,bytes:584,gbps:0.028258
cr:0.916797,iter:15,level:12,rank:0,datasize:73,operation:Post-smoothing
Time:0.000109885,bytes:176,gbps:0.0128134
cr:0.755365,iter:15,level:12,rank:0,datasize:22,operation:Interpolation
Time:0.000276912,bytes:1312,gbps:0.0379037
cr:0.957664,iter:15,level:12,rank:0,datasize:164,operation:Post-smoothing
Time:0.000196704,bytes:256,gbps:0.0104116
cr:0.815287,iter:15,level:12,rank:0,datasize:32,operation:Interpolation
Time:0.000839119,bytes:2176,gbps:0.0207456
cr:0.973602,iter:15,level:12,rank:0,datasize:272,operation:Post-smoothing
Time:0.000308836,bytes:368,gbps:0.00953257
cr:0.86385,iter:15,level:12,rank:0,datasize:46,operation:Interpolation
Time:0.00115124,bytes:2944,gbps:0.020458
cr:1.00512,iter:15,level:12,rank:0,datasize:368,operation:Post-smoothing
Time:0.0004486,bytes:560,gbps:0.00998663
cr:0.906149,iter:15,level:12,rank:0,datasize:70,operation:Interpolation
SZ is downgraded to lossless mode.
SZ is downgraded to lossless mode.
Time:0.00175713,bytes:3832,gbps:0.0174466
cr:1.01618,iter:15,level:12,rank:0,datasize:479,operation:Post-smoothing
Time:0.000282851,bytes:592,gbps:0.0167438
cr:0.910769,iter:15,level:12,rank:0,datasize:74,operation:Interpolation
SZ is downgraded to lossless mode.
SZ is downgraded to lossless mode.
Time:0.00196136,bytes:4664,gbps:0.0190235
cr:1.02213,iter:15,level:12,rank:0,datasize:583,operation:Post-smoothing
Time:0.000420364,bytes:896,gbps:0.0170519
cr:0.995556,iter:15,level:12,rank:0,datasize:112,operation:Interpolation
SZ is downgraded to lossless mode.
SZ is downgraded to lossless mode.
Time:0.00199033,bytes:5880,gbps:0.0236343
cr:1.02528,iter:15,level:12,rank:0,datasize:735,operation:Post-smoothing
Time:0.000523889,bytes:1184,gbps:0.0180802
cr:0.953301,iter:15,level:12,rank:0,datasize:148,operation:Interpolation
SZ is downgraded to lossless mode.
SZ is downgraded to lossless mode.
Time:0.00357121,bytes:7000,gbps:0.015681
cr:1.02941,iter:15,level:12,rank:0,datasize:875,operation:Post-smoothing
Time:0.00262499,bytes:1600,gbps:0.00487621
cr:0.965018,iter:15,level:12,rank:0,datasize:200,operation:Interpolation
SZ is downgraded to lossless mode.
SZ is downgraded to lossless mode.
Time:0.00301891,bytes:6328,gbps:0.016769
cr:1.02861,iter:15,level:12,rank:0,datasize:791,operation:Post-smoothing
Time:0.001138,bytes:1848,gbps:0.0129912
cr:0.96957,iter:15,level:12,rank:0,datasize:231,operation:Interpolation
SZ is downgraded to lossless mode.
SZ is downgraded to lossless mode.
Time:0.00147587,bytes:5088,gbps:0.0275797
cr:1.02415,iter:15,level:12,rank:0,datasize:636,operation:Post-smoothing
Time:0.00143958,bytes:1688,gbps:0.0093805
cr:0.98311,iter:15,level:12,rank:0,datasize:211,operation:Interpolation
Time:0.00210126,bytes:4000,gbps:0.015229
cr:1.03761,iter:15,level:12,rank:0,datasize:500,operation:Post-smoothing
Time:0.00145273,bytes:4000,gbps:0.0220275
cr:1.03681,iter:15,level:12,rank:0,datasize:500,operation:Residual-Norm
Time:0.00191183,bytes:4000,gbps:0.0167379
cr:1.03681,iter:16,level:0,rank:0,datasize:500,operation:Pre-Smoothing
Time:0.00154246,bytes:4000,gbps:0.0207461
cr:1.03734,iter:16,level:0,rank:0,datasize:500,operation:Residual
Time:0.000270227,bytes:5088,gbps:0.150629
cr:47.5514,iter:16,level:1,rank:0,datasize:636,operation:Pre-Smoothing
Time:0.000508713,bytes:5088,gbps:0.0800137
cr:3.15437,iter:16,level:1,rank:0,datasize:636,operation:Residual
Time:0.000286157,bytes:6328,gbps:0.17691
cr:59.1402,iter:16,level:2,rank:0,datasize:791,operation:Pre-Smoothing
Time:0.000610213,bytes:6328,gbps:0.0829612
cr:2.88686,iter:16,level:2,rank:0,datasize:791,operation:Residual
Time:0.00029998,bytes:7000,gbps:0.186679
cr:65.4206,iter:16,level:3,rank:0,datasize:875,operation:Pre-Smoothing
Time:0.000754363,bytes:7000,gbps:0.0742348
cr:1.90788,iter:16,level:3,rank:0,datasize:875,operation:Residual
Time:0.000279358,bytes:5880,gbps:0.168386
cr:54.9533,iter:16,level:4,rank:0,datasize:735,operation:Pre-Smoothing
Time:0.000879854,bytes:5880,gbps:0.0534634
cr:1.32283,iter:16,level:4,rank:0,datasize:735,operation:Residual
Time:0.00027997,bytes:4664,gbps:0.133271
cr:43.5888,iter:16,level:5,rank:0,datasize:583,operation:Pre-Smoothing
SZ is downgraded to lossless mode.
SZ is downgraded to lossless mode.
Time:0.000963386,bytes:4664,gbps:0.0387301
cr:1.01193,iter:16,level:5,rank:0,datasize:583,operation:Residual
Time:0.000253712,bytes:3832,gbps:0.12083
cr:37.2039,iter:16,level:6,rank:0,datasize:479,operation:Pre-Smoothing
SZ is downgraded to lossless mode.
SZ is downgraded to lossless mode.
Time:0.000917687,bytes:3832,gbps:0.0334057
cr:1.00604,iter:16,level:6,rank:0,datasize:479,operation:Residual
Time:0.000267444,bytes:2944,gbps:0.0880633
cr:28.5825,iter:16,level:7,rank:0,datasize:368,operation:Pre-Smoothing
Time:0.00099465,bytes:2944,gbps:0.0236787
cr:0.980353,iter:16,level:7,rank:0,datasize:368,operation:Residual
Time:0.000243534,bytes:2176,gbps:0.0714808
cr:21.1262,iter:16,level:8,rank:0,datasize:272,operation:Pre-Smoothing
Time:0.000796123,bytes:2176,gbps:0.021866
cr:0.973602,iter:16,level:8,rank:0,datasize:272,operation:Residual
Time:7.3375e-05,bytes:1312,gbps:0.143046
cr:11.9273,iter:16,level:9,rank:0,datasize:164,operation:Pre-Smoothing
Time:0.000249249,bytes:1312,gbps:0.0421105
cr:0.957664,iter:16,level:9,rank:0,datasize:164,operation:Residual
Time:5.6153e-05,bytes:584,gbps:0.0832013
cr:5.30909,iter:16,level:10,rank:0,datasize:73,operation:Pre-Smoothing
Time:0.000141376,bytes:584,gbps:0.0330466
cr:0.913928,iter:16,level:10,rank:0,datasize:73,operation:Residual
Time:4.6911e-05,bytes:216,gbps:0.0368357
cr:1.96364,iter:16,level:11,rank:0,datasize:27,operation:Pre-Smoothing
Time:7.6658e-05,bytes:216,gbps:0.0225417
cr:0.791209,iter:16,level:11,rank:0,datasize:27,operation:Residual
Time:5.6145e-05,bytes:64,gbps:0.00911924
cr:0.528926,iter:16,level:12,rank:0,datasize:8,operation:Interpolation
Time:7.7556e-05,bytes:216,gbps:0.0222807
cr:0.791209,iter:16,level:12,rank:0,datasize:27,operation:Post-smoothing
Time:5.2369e-05,bytes:64,gbps:0.00977678
cr:0.528926,iter:16,level:12,rank:0,datasize:8,operation:Interpolation
Time:0.000155486,bytes:584,gbps:0.0300477
cr:0.9344,iter:16,level:12,rank:0,datasize:73,operation:Post-smoothing
Time:0.000102522,bytes:176,gbps:0.0137336
cr:0.755365,iter:16,level:12,rank:0,datasize:22,operation:Interpolation
Time:0.000267405,bytes:1312,gbps:0.0392513
cr:0.957664,iter:16,level:12,rank:0,datasize:164,operation:Post-smoothing
Time:0.000174275,bytes:256,gbps:0.0117515
cr:0.815287,iter:16,level:12,rank:0,datasize:32,operation:Interpolation
Time:0.000947585,bytes:2176,gbps:0.0183709
cr:0.973602,iter:16,level:12,rank:0,datasize:272,operation:Post-smoothing
Time:0.000230633,bytes:368,gbps:0.0127649
cr:0.86385,iter:16,level:12,rank:0,datasize:46,operation:Interpolation
Time:0.00123033,bytes:2944,gbps:0.0191428
cr:1.00307,iter:16,level:12,rank:0,datasize:368,operation:Post-smoothing
Time:0.00033064,bytes:560,gbps:0.0135495
cr:0.906149,iter:16,level:12,rank:0,datasize:70,operation:Interpolation
SZ is downgraded to lossless mode.
SZ is downgraded to lossless mode.
Time:0.00148373,bytes:3832,gbps:0.0206615
cr:1.01483,iter:16,level:12,rank:0,datasize:479,operation:Post-smoothing
Time:0.000282678,bytes:592,gbps:0.016754
cr:0.910769,iter:16,level:12,rank:0,datasize:74,operation:Interpolation
SZ is downgraded to lossless mode.
SZ is downgraded to lossless mode.
Time:0.00178569,bytes:4664,gbps:0.020895
cr:1.0199,iter:16,level:12,rank:0,datasize:583,operation:Post-smoothing
Time:0.000368772,bytes:896,gbps:0.0194375
cr:1.01129,iter:16,level:12,rank:0,datasize:112,operation:Interpolation
SZ is downgraded to lossless mode.
SZ is downgraded to lossless mode.
Time:0.00197028,bytes:5880,gbps:0.0238748
cr:1.02332,iter:16,level:12,rank:0,datasize:735,operation:Post-smoothing
Time:0.000485192,bytes:1184,gbps:0.0195222
cr:0.953301,iter:16,level:12,rank:0,datasize:148,operation:Interpolation
SZ is downgraded to lossless mode.
SZ is downgraded to lossless mode.
Time:0.00218676,bytes:7000,gbps:0.0256087
cr:1.02775,iter:16,level:12,rank:0,datasize:875,operation:Post-smoothing
Time:0.00227649,bytes:1600,gbps:0.00562269
cr:0.965018,iter:16,level:12,rank:0,datasize:200,operation:Interpolation
SZ is downgraded to lossless mode.
SZ is downgraded to lossless mode.
Time:0.00250367,bytes:6328,gbps:0.0202199
cr:1.02694,iter:16,level:12,rank:0,datasize:791,operation:Post-smoothing
Time:0.00128122,bytes:1848,gbps:0.011539
cr:0.986126,iter:16,level:12,rank:0,datasize:231,operation:Interpolation
SZ is downgraded to lossless mode.
SZ is downgraded to lossless mode.
Time:0.00169159,bytes:5088,gbps:0.0240626
cr:1.02148,iter:16,level:12,rank:0,datasize:636,operation:Post-smoothing
Time:0.00120627,bytes:1688,gbps:0.0111948
cr:0.966781,iter:16,level:12,rank:0,datasize:211,operation:Interpolation
Time:0.00216313,bytes:4000,gbps:0.0147934
cr:1.03788,iter:16,level:12,rank:0,datasize:500,operation:Post-smoothing
Time:0.00143244,bytes:4000,gbps:0.0223396
cr:1.03734,iter:16,level:12,rank:0,datasize:500,operation:Residual-Norm
Time:0.00183006,bytes:4000,gbps:0.0174857
cr:1.03734,iter:17,level:0,rank:0,datasize:500,operation:Pre-Smoothing
Time:0.00152531,bytes:4000,gbps:0.0209794
cr:1.03788,iter:17,level:0,rank:0,datasize:500,operation:Residual
Time:0.000269579,bytes:5088,gbps:0.150991
cr:47.5514,iter:17,level:1,rank:0,datasize:636,operation:Pre-Smoothing
Time:0.000485075,bytes:5088,gbps:0.0839128
cr:3.59576,iter:17,level:1,rank:0,datasize:636,operation:Residual
Time:0.000304455,bytes:6328,gbps:0.166277
cr:59.1402,iter:17,level:2,rank:0,datasize:791,operation:Pre-Smoothing
Time:0.000611995,bytes:6328,gbps:0.0827196
cr:2.85688,iter:17,level:2,rank:0,datasize:791,operation:Residual
Time:0.000295083,bytes:7000,gbps:0.189777
cr:65.4206,iter:17,level:3,rank:0,datasize:875,operation:Pre-Smoothing
Time:0.000724237,bytes:7000,gbps:0.0773228
cr:2.12314,iter:17,level:3,rank:0,datasize:875,operation:Residual
Time:0.000281548,bytes:5880,gbps:0.167076
cr:54.9533,iter:17,level:4,rank:0,datasize:735,operation:Pre-Smoothing
Time:0.000769992,bytes:5880,gbps:0.0610915
cr:1.61716,iter:17,level:4,rank:0,datasize:735,operation:Residual
Time:0.000310422,bytes:4664,gbps:0.120198
cr:43.5888,iter:17,level:5,rank:0,datasize:583,operation:Pre-Smoothing
SZ is downgraded to lossless mode.
Time:0.000908267,bytes:4664,gbps:0.0410804
cr:1.18106,iter:17,level:5,rank:0,datasize:583,operation:Residual
Time:0.000259129,bytes:3832,gbps:0.118304
cr:37.2039,iter:17,level:6,rank:0,datasize:479,operation:Pre-Smoothing
Time:0.000870058,bytes:3832,gbps:0.0352344
cr:1.06444,iter:17,level:6,rank:0,datasize:479,operation:Residual
Time:0.000255214,bytes:2944,gbps:0.0922833
cr:28.5825,iter:17,level:7,rank:0,datasize:368,operation:Pre-Smoothing
Time:0.000930228,bytes:2944,gbps:0.0253185
cr:0.997628,iter:17,level:7,rank:0,datasize:368,operation:Residual
Time:0.000241693,bytes:2176,gbps:0.0720253
cr:21.1262,iter:17,level:8,rank:0,datasize:272,operation:Pre-Smoothing
Time:0.000726854,bytes:2176,gbps:0.0239498
cr:0.973602,iter:17,level:8,rank:0,datasize:272,operation:Residual
Time:7.2935e-05,bytes:1312,gbps:0.143909
cr:11.9273,iter:17,level:9,rank:0,datasize:164,operation:Pre-Smoothing
Time:0.000238372,bytes:1312,gbps:0.044032
cr:0.957664,iter:17,level:9,rank:0,datasize:164,operation:Residual
Time:5.4654e-05,bytes:584,gbps:0.0854832
cr:5.30909,iter:17,level:10,rank:0,datasize:73,operation:Pre-Smoothing
Time:0.000135423,bytes:584,gbps:0.0344993
cr:0.95114,iter:17,level:10,rank:0,datasize:73,operation:Residual
Time:5.1695e-05,bytes:216,gbps:0.0334268
cr:1.96364,iter:17,level:11,rank:0,datasize:27,operation:Pre-Smoothing
Time:7.7015e-05,bytes:216,gbps:0.0224372
cr:0.791209,iter:17,level:11,rank:0,datasize:27,operation:Residual
Time:5.4376e-05,bytes:64,gbps:0.00941592
cr:0.528926,iter:17,level:12,rank:0,datasize:8,operation:Interpolation
Time:7.8278e-05,bytes:216,gbps:0.0220752
cr:0.791209,iter:17,level:12,rank:0,datasize:27,operation:Post-smoothing
Time:5.5242e-05,bytes:64,gbps:0.00926831
cr:0.528926,iter:17,level:12,rank:0,datasize:8,operation:Interpolation
Time:0.000151123,bytes:584,gbps:0.0309152
cr:0.931419,iter:17,level:12,rank:0,datasize:73,operation:Post-smoothing
Time:9.979e-05,bytes:176,gbps:0.0141096
cr:0.755365,iter:17,level:12,rank:0,datasize:22,operation:Interpolation
Time:0.000253667,bytes:1312,gbps:0.0413771
cr:0.957664,iter:17,level:12,rank:0,datasize:164,operation:Post-smoothing
Time:0.000156379,bytes:256,gbps:0.0130964
cr:0.815287,iter:17,level:12,rank:0,datasize:32,operation:Interpolation
Time:0.000854257,bytes:2176,gbps:0.0203779
cr:0.973602,iter:17,level:12,rank:0,datasize:272,operation:Post-smoothing
Time:0.000209279,bytes:368,gbps:0.0140673
cr:0.86385,iter:17,level:12,rank:0,datasize:46,operation:Interpolation
Time:0.00100571,bytes:2944,gbps:0.0234184
cr:1.00375,iter:17,level:12,rank:0,datasize:368,operation:Post-smoothing
Time:0.000300855,bytes:560,gbps:0.0148909
cr:0.906149,iter:17,level:12,rank:0,datasize:70,operation:Interpolation
SZ is downgraded to lossless mode.
SZ is downgraded to lossless mode.
Time:0.00145822,bytes:3832,gbps:0.0210229
cr:1.01483,iter:17,level:12,rank:0,datasize:479,operation:Post-smoothing
Time:0.000237284,bytes:592,gbps:0.0199592
cr:0.910769,iter:17,level:12,rank:0,datasize:74,operation:Interpolation
SZ is downgraded to lossless mode.
SZ is downgraded to lossless mode.
Time:0.00156338,bytes:4664,gbps:0.0238663
cr:1.0199,iter:17,level:12,rank:0,datasize:583,operation:Post-smoothing
Time:0.000332711,bytes:896,gbps:0.0215442
cr:0.994451,iter:17,level:12,rank:0,datasize:112,operation:Interpolation
SZ is downgraded to lossless mode.
SZ is downgraded to lossless mode.
Time:0.00197778,bytes:5880,gbps:0.0237842
cr:1.02475,iter:17,level:12,rank:0,datasize:735,operation:Post-smoothing
Time:0.000423288,bytes:1184,gbps:0.0223772
cr:0.953301,iter:17,level:12,rank:0,datasize:148,operation:Interpolation
SZ is downgraded to lossless mode.
SZ is downgraded to lossless mode.
Time:0.00194535,bytes:7000,gbps:0.0287866
cr:1.02684,iter:17,level:12,rank:0,datasize:875,operation:Post-smoothing
Time:0.0023408,bytes:1600,gbps:0.00546822
cr:0.965018,iter:17,level:12,rank:0,datasize:200,operation:Interpolation
SZ is downgraded to lossless mode.
SZ is downgraded to lossless mode.
Time:0.00227112,bytes:6328,gbps:0.0222903
cr:1.02627,iter:17,level:12,rank:0,datasize:791,operation:Post-smoothing
Time:0.000972981,bytes:1848,gbps:0.0151945
cr:0.986126,iter:17,level:12,rank:0,datasize:231,operation:Interpolation
SZ is downgraded to lossless mode.
SZ is downgraded to lossless mode.
Time:0.00136451,bytes:5088,gbps:0.0298305
cr:1.02271,iter:17,level:12,rank:0,datasize:636,operation:Post-smoothing
Time:0.00102168,bytes:1688,gbps:0.0132174
cr:0.98311,iter:17,level:12,rank:0,datasize:211,operation:Interpolation
Time:0.00212523,bytes:4000,gbps:0.0150572
cr:1.03788,iter:17,level:12,rank:0,datasize:500,operation:Post-smoothing
Time:0.00144843,bytes:4000,gbps:0.0220928
cr:1.03734,iter:17,level:12,rank:0,datasize:500,operation:Residual-Norm
Time:0.00188053,bytes:4000,gbps:0.0170165
cr:1.03734,iter:18,level:0,rank:0,datasize:500,operation:Pre-Smoothing
Time:0.0015442,bytes:4000,gbps:0.0207227
cr:1.03815,iter:18,level:0,rank:0,datasize:500,operation:Residual
Time:0.000269822,bytes:5088,gbps:0.150855
cr:47.5514,iter:18,level:1,rank:0,datasize:636,operation:Pre-Smoothing
Time:0.000467204,bytes:5088,gbps:0.0871225
cr:4.30457,iter:18,level:1,rank:0,datasize:636,operation:Residual
Time:0.000287187,bytes:6328,gbps:0.176275
cr:59.1402,iter:18,level:2,rank:0,datasize:791,operation:Pre-Smoothing
Time:0.000502577,bytes:6328,gbps:0.100729
cr:4.72591,iter:18,level:2,rank:0,datasize:791,operation:Residual
Time:0.00029647,bytes:7000,gbps:0.188889
cr:65.4206,iter:18,level:3,rank:0,datasize:875,operation:Pre-Smoothing
Time:0.000701832,bytes:7000,gbps:0.0797912
cr:2.34663,iter:18,level:3,rank:0,datasize:875,operation:Residual
Time:0.000283671,bytes:5880,gbps:0.165826
cr:54.9533,iter:18,level:4,rank:0,datasize:735,operation:Pre-Smoothing
Time:0.000728393,bytes:5880,gbps:0.0645805
cr:1.80092,iter:18,level:4,rank:0,datasize:735,operation:Residual
Time:0.000268169,bytes:4664,gbps:0.139136
cr:43.5888,iter:18,level:5,rank:0,datasize:583,operation:Pre-Smoothing
Time:0.000847238,bytes:4664,gbps:0.0440396
cr:1.25376,iter:18,level:5,rank:0,datasize:583,operation:Residual
Time:0.000254961,bytes:3832,gbps:0.120238
cr:37.2039,iter:18,level:6,rank:0,datasize:479,operation:Pre-Smoothing
Time:0.000784245,bytes:3832,gbps:0.0390898
cr:1.09112,iter:18,level:6,rank:0,datasize:479,operation:Residual
Time:0.000255343,bytes:2944,gbps:0.0922367
cr:28.5825,iter:18,level:7,rank:0,datasize:368,operation:Pre-Smoothing
Time:0.00079271,bytes:2944,gbps:0.0297107
cr:1.0201,iter:18,level:7,rank:0,datasize:368,operation:Residual
Time:0.00024412,bytes:2176,gbps:0.0713092
cr:21.1262,iter:18,level:8,rank:0,datasize:272,operation:Pre-Smoothing
Time:0.000727839,bytes:2176,gbps:0.0239174
cr:0.990442,iter:18,level:8,rank:0,datasize:272,operation:Residual
Time:7.3645e-05,bytes:1312,gbps:0.142522
cr:11.9273,iter:18,level:9,rank:0,datasize:164,operation:Pre-Smoothing
Time:0.000249892,bytes:1312,gbps:0.0420021
cr:0.957664,iter:18,level:9,rank:0,datasize:164,operation:Residual
Time:5.7318e-05,bytes:584,gbps:0.0815102
cr:5.30909,iter:18,level:10,rank:0,datasize:73,operation:Pre-Smoothing
Time:0.000129644,bytes:584,gbps:0.0360371
cr:0.954248,iter:18,level:10,rank:0,datasize:73,operation:Residual
Time:4.3661e-05,bytes:216,gbps:0.0395777
cr:1.96364,iter:18,level:11,rank:0,datasize:27,operation:Pre-Smoothing
Time:7.2801e-05,bytes:216,gbps:0.0237359
cr:0.791209,iter:18,level:11,rank:0,datasize:27,operation:Residual
Time:5.6972e-05,bytes:64,gbps:0.00898687
cr:0.528926,iter:18,level:12,rank:0,datasize:8,operation:Interpolation
Time:7.3048e-05,bytes:216,gbps:0.0236557
cr:0.791209,iter:18,level:12,rank:0,datasize:27,operation:Post-smoothing
Time:5.407e-05,bytes:64,gbps:0.00946921
cr:0.528926,iter:18,level:12,rank:0,datasize:8,operation:Interpolation
Time:0.000155136,bytes:584,gbps:0.0301155
cr:0.921136,iter:18,level:12,rank:0,datasize:73,operation:Post-smoothing
Time:9.3371e-05,bytes:176,gbps:0.0150796
cr:0.755365,iter:18,level:12,rank:0,datasize:22,operation:Interpolation
Time:0.000244589,bytes:1312,gbps:0.0429128
cr:0.957664,iter:18,level:12,rank:0,datasize:164,operation:Post-smoothing
Time:0.000145081,bytes:256,gbps:0.0141163
cr:0.815287,iter:18,level:12,rank:0,datasize:32,operation:Interpolation
Time:0.000871882,bytes:2176,gbps:0.019966
cr:0.973602,iter:18,level:12,rank:0,datasize:272,operation:Post-smoothing
Time:0.000202948,bytes:368,gbps:0.0145062
cr:0.86385,iter:18,level:12,rank:0,datasize:46,operation:Interpolation
Time:0.000947043,bytes:2944,gbps:0.024869
cr:1.00068,iter:18,level:12,rank:0,datasize:368,operation:Post-smoothing
Time:0.000278429,bytes:560,gbps:0.0160903
cr:0.906149,iter:18,level:12,rank:0,datasize:70,operation:Interpolation
SZ is downgraded to lossless mode.
SZ is downgraded to lossless mode.
Time:0.00127503,bytes:3832,gbps:0.0240433
cr:1.01322,iter:18,level:12,rank:0,datasize:479,operation:Post-smoothing
Time:0.000230164,bytes:592,gbps:0.0205766
cr:0.916409,iter:18,level:12,rank:0,datasize:74,operation:Interpolation
SZ is downgraded to lossless mode.
SZ is downgraded to lossless mode.
Time:0.0015216,bytes:4664,gbps:0.0245216
cr:1.0179,iter:18,level:12,rank:0,datasize:583,operation:Post-smoothing
Time:0.000304231,bytes:896,gbps:0.023561
cr:0.997773,iter:18,level:12,rank:0,datasize:112,operation:Interpolation
SZ is downgraded to lossless mode.
SZ is downgraded to lossless mode.
Time:0.00159203,bytes:5880,gbps:0.0295471
cr:1.02279,iter:18,level:12,rank:0,datasize:735,operation:Post-smoothing
Time:0.000383817,bytes:1184,gbps:0.0246784
cr:0.953301,iter:18,level:12,rank:0,datasize:148,operation:Interpolation
SZ is downgraded to lossless mode.
SZ is downgraded to lossless mode.
Time:0.00185963,bytes:7000,gbps:0.0301135
cr:1.02549,iter:18,level:12,rank:0,datasize:875,operation:Post-smoothing
Time:0.0016049,bytes:1600,gbps:0.00797559
cr:0.965018,iter:18,level:12,rank:0,datasize:200,operation:Interpolation
SZ is downgraded to lossless mode.
SZ is downgraded to lossless mode.
Time:0.00233175,bytes:6328,gbps:0.0217107
cr:1.02312,iter:18,level:12,rank:0,datasize:791,operation:Post-smoothing
Time:0.000862489,bytes:1848,gbps:0.0171411
cr:0.96957,iter:18,level:12,rank:0,datasize:231,operation:Interpolation
SZ is downgraded to lossless mode.
SZ is downgraded to lossless mode.
Time:0.00127859,bytes:5088,gbps:0.031835
cr:1.02066,iter:18,level:12,rank:0,datasize:636,operation:Post-smoothing
Time:0.00100065,bytes:1688,gbps:0.0134952
cr:0.966781,iter:18,level:12,rank:0,datasize:211,operation:Interpolation
Time:0.00217246,bytes:4000,gbps:0.0147299
cr:1.03681,iter:18,level:12,rank:0,datasize:500,operation:Post-smoothing
Time:0.00154823,bytes:4000,gbps:0.0206688
cr:1.03681,iter:18,level:12,rank:0,datasize:500,operation:Residual-Norm
Time:0.00192601,bytes:4000,gbps:0.0166147
cr:1.03681,iter:19,level:0,rank:0,datasize:500,operation:Pre-Smoothing
Time:0.00153174,bytes:4000,gbps:0.0208913
cr:1.03788,iter:19,level:0,rank:0,datasize:500,operation:Residual
Time:0.000272242,bytes:5088,gbps:0.149514
cr:47.5514,iter:19,level:1,rank:0,datasize:636,operation:Pre-Smoothing
Time:0.000463213,bytes:5088,gbps:0.0878732
cr:4.42435,iter:19,level:1,rank:0,datasize:636,operation:Residual
Time:0.000286279,bytes:6328,gbps:0.176834
cr:59.1402,iter:19,level:2,rank:0,datasize:791,operation:Pre-Smoothing
Time:0.000524817,bytes:6328,gbps:0.0964603
cr:4.30476,iter:19,level:2,rank:0,datasize:791,operation:Residual
Time:0.000298909,bytes:7000,gbps:0.187348
cr:65.4206,iter:19,level:3,rank:0,datasize:875,operation:Pre-Smoothing
Time:0.000662337,bytes:7000,gbps:0.0845491
cr:2.6475,iter:19,level:3,rank:0,datasize:875,operation:Residual
Time:0.000284821,bytes:5880,gbps:0.165156
cr:54.9533,iter:19,level:4,rank:0,datasize:735,operation:Pre-Smoothing
Time:0.000695593,bytes:5880,gbps:0.0676258
cr:2.01094,iter:19,level:4,rank:0,datasize:735,operation:Residual
Time:0.000269899,bytes:4664,gbps:0.138244
cr:43.5888,iter:19,level:5,rank:0,datasize:583,operation:Pre-Smoothing
Time:0.000778366,bytes:4664,gbps:0.0479363
cr:1.29989,iter:19,level:5,rank:0,datasize:583,operation:Residual
Time:0.000263982,bytes:3832,gbps:0.116129
cr:37.2039,iter:19,level:6,rank:0,datasize:479,operation:Pre-Smoothing
Time:0.000799834,bytes:3832,gbps:0.038328
cr:1.07399,iter:19,level:6,rank:0,datasize:479,operation:Residual
Time:0.000257824,bytes:2944,gbps:0.0913491
cr:28.5825,iter:19,level:7,rank:0,datasize:368,operation:Pre-Smoothing
Time:0.000782189,bytes:2944,gbps:0.0301104
cr:1.04471,iter:19,level:7,rank:0,datasize:368,operation:Residual
Time:0.00025267,bytes:2176,gbps:0.0688962
cr:21.1262,iter:19,level:8,rank:0,datasize:272,operation:Pre-Smoothing
Time:0.000684267,bytes:2176,gbps:0.0254404
cr:0.992701,iter:19,level:8,rank:0,datasize:272,operation:Residual
Time:7.3928e-05,bytes:1312,gbps:0.141976
cr:11.9273,iter:19,level:9,rank:0,datasize:164,operation:Pre-Smoothing
Time:0.000225495,bytes:1312,gbps:0.0465465
cr:0.957664,iter:19,level:9,rank:0,datasize:164,operation:Residual
Time:5.5742e-05,bytes:584,gbps:0.0838147
cr:5.30909,iter:19,level:10,rank:0,datasize:73,operation:Pre-Smoothing
Time:0.000127394,bytes:584,gbps:0.0366736
cr:0.965289,iter:19,level:10,rank:0,datasize:73,operation:Residual
Time:4.9832e-05,bytes:216,gbps:0.0346765
cr:1.96364,iter:19,level:11,rank:0,datasize:27,operation:Pre-Smoothing
Time:7.1687e-05,bytes:216,gbps:0.0241048
cr:0.791209,iter:19,level:11,rank:0,datasize:27,operation:Residual
Time:5.4154e-05,bytes:64,gbps:0.00945452
cr:0.528926,iter:19,level:12,rank:0,datasize:8,operation:Interpolation
Time:7.1479e-05,bytes:216,gbps:0.0241749
cr:0.791209,iter:19,level:12,rank:0,datasize:27,operation:Post-smoothing
Time:5.1896e-05,bytes:64,gbps:0.00986589
cr:0.528926,iter:19,level:12,rank:0,datasize:8,operation:Interpolation
Time:0.000130631,bytes:584,gbps:0.0357649
cr:0.957377,iter:19,level:12,rank:0,datasize:73,operation:Post-smoothing
Time:9.3772e-05,bytes:176,gbps:0.0150151
cr:0.755365,iter:19,level:12,rank:0,datasize:22,operation:Interpolation
Time:0.000228546,bytes:1312,gbps:0.0459251
cr:0.957664,iter:19,level:12,rank:0,datasize:164,operation:Post-smoothing
Time:0.000137445,bytes:256,gbps:0.0149005
cr:0.815287,iter:19,level:12,rank:0,datasize:32,operation:Interpolation
Time:0.000780196,bytes:2176,gbps:0.0223123
cr:0.973602,iter:19,level:12,rank:0,datasize:272,operation:Post-smoothing
Time:0.000181022,bytes:368,gbps:0.0162632
cr:0.86385,iter:19,level:12,rank:0,datasize:46,operation:Interpolation
Time:0.000877529,bytes:2944,gbps:0.026839
cr:1.00068,iter:19,level:12,rank:0,datasize:368,operation:Post-smoothing
Time:0.000253632,bytes:560,gbps:0.0176634
cr:0.906149,iter:19,level:12,rank:0,datasize:70,operation:Interpolation
SZ is downgraded to lossless mode.
SZ is downgraded to lossless mode.
Time:0.00113234,bytes:3832,gbps:0.0270732
cr:1.01188,iter:19,level:12,rank:0,datasize:479,operation:Post-smoothing
Time:0.000213736,bytes:592,gbps:0.0221582
cr:0.910769,iter:19,level:12,rank:0,datasize:74,operation:Interpolation
SZ is downgraded to lossless mode.
SZ is downgraded to lossless mode.
Time:0.00133837,bytes:4664,gbps:0.0278786
cr:1.01901,iter:19,level:12,rank:0,datasize:583,operation:Post-smoothing
Time:0.000281256,bytes:896,gbps:0.0254857
cr:1.00112,iter:19,level:12,rank:0,datasize:112,operation:Interpolation
SZ is downgraded to lossless mode.
SZ is downgraded to lossless mode.
Time:0.00147419,bytes:5880,gbps:0.031909
cr:1.02332,iter:19,level:12,rank:0,datasize:735,operation:Post-smoothing
Time:0.000356427,bytes:1184,gbps:0.0265749
cr:0.953301,iter:19,level:12,rank:0,datasize:148,operation:Interpolation
SZ is downgraded to lossless mode.
SZ is downgraded to lossless mode.
Time:0.00171314,bytes:7000,gbps:0.0326885
cr:1.02534,iter:19,level:12,rank:0,datasize:875,operation:Post-smoothing
Time:0.00150472,bytes:1600,gbps:0.00850654
cr:0.965018,iter:19,level:12,rank:0,datasize:200,operation:Interpolation
SZ is downgraded to lossless mode.
SZ is downgraded to lossless mode.
Time:0.00189647,bytes:6328,gbps:0.0266939
cr:1.02329,iter:19,level:12,rank:0,datasize:791,operation:Post-smoothing
Time:0.000735023,bytes:1848,gbps:0.0201137
cr:0.990354,iter:19,level:12,rank:0,datasize:231,operation:Interpolation
SZ is downgraded to lossless mode.
SZ is downgraded to lossless mode.
Time:0.00131765,bytes:5088,gbps:0.0308913
cr:1.01821,iter:19,level:12,rank:0,datasize:636,operation:Post-smoothing
Time:0.00092628,bytes:1688,gbps:0.0145787
cr:0.966781,iter:19,level:12,rank:0,datasize:211,operation:Interpolation
Time:0.00223959,bytes:4000,gbps:0.0142883
cr:1.036,iter:19,level:12,rank:0,datasize:500,operation:Post-smoothing
Time:0.00158936,bytes:4000,gbps:0.0201338
cr:1.03708,iter:19,level:12,rank:0,datasize:500,operation:Residual-Norm
Time:0.00193254,bytes:4000,gbps:0.0165585
cr:1.03708,iter:20,level:0,rank:0,datasize:500,operation:Pre-Smoothing
Time:0.00156422,bytes:4000,gbps:0.0204575
cr:1.03788,iter:20,level:0,rank:0,datasize:500,operation:Residual
Time:0.000273606,bytes:5088,gbps:0.148769
cr:47.5514,iter:20,level:1,rank:0,datasize:636,operation:Pre-Smoothing
Time:0.000424402,bytes:5088,gbps:0.0959091
cr:6.11538,iter:20,level:1,rank:0,datasize:636,operation:Residual
Time:0.000289343,bytes:6328,gbps:0.174962
cr:59.1402,iter:20,level:2,rank:0,datasize:791,operation:Pre-Smoothing
Time:0.000472455,bytes:6328,gbps:0.107151
cr:5.61989,iter:20,level:2,rank:0,datasize:791,operation:Residual
Time:0.000305152,bytes:7000,gbps:0.183515
cr:65.4206,iter:20,level:3,rank:0,datasize:875,operation:Pre-Smoothing
Time:0.0005742,bytes:7000,gbps:0.097527
cr:3.41131,iter:20,level:3,rank:0,datasize:875,operation:Residual
Time:0.000283439,bytes:5880,gbps:0.165962
cr:54.9533,iter:20,level:4,rank:0,datasize:735,operation:Pre-Smoothing
Time:0.000646952,bytes:5880,gbps:0.0727102
cr:2.28172,iter:20,level:4,rank:0,datasize:735,operation:Residual
Time:0.000291531,bytes:4664,gbps:0.127986
cr:43.5888,iter:20,level:5,rank:0,datasize:583,operation:Pre-Smoothing
Time:0.000740244,bytes:4664,gbps:0.050405
cr:1.37136,iter:20,level:5,rank:0,datasize:583,operation:Residual
Time:0.000262198,bytes:3832,gbps:0.116919
cr:37.2039,iter:20,level:6,rank:0,datasize:479,operation:Pre-Smoothing
Time:0.000730166,bytes:3832,gbps:0.041985
cr:1.17835,iter:20,level:6,rank:0,datasize:479,operation:Residual
Time:0.000257516,bytes:2944,gbps:0.0914584
cr:28.5825,iter:20,level:7,rank:0,datasize:368,operation:Pre-Smoothing
Time:0.000760374,bytes:2944,gbps:0.0309742
cr:1.04955,iter:20,level:7,rank:0,datasize:368,operation:Residual
Time:0.000253452,bytes:2176,gbps:0.0686836
cr:21.1262,iter:20,level:8,rank:0,datasize:272,operation:Pre-Smoothing
Time:0.000665063,bytes:2176,gbps:0.026175
cr:1.02448,iter:20,level:8,rank:0,datasize:272,operation:Residual
Time:7.3818e-05,bytes:1312,gbps:0.142188
cr:11.9273,iter:20,level:9,rank:0,datasize:164,operation:Pre-Smoothing
Time:0.000221382,bytes:1312,gbps:0.0474113
cr:0.980568,iter:20,level:9,rank:0,datasize:164,operation:Residual
Time:5.4841e-05,bytes:584,gbps:0.0851917
cr:5.30909,iter:20,level:10,rank:0,datasize:73,operation:Pre-Smoothing
Time:0.000123713,bytes:584,gbps:0.0377648
cr:0.954248,iter:20,level:10,rank:0,datasize:73,operation:Residual
Time:4.3334e-05,bytes:216,gbps:0.0398763
cr:1.96364,iter:20,level:11,rank:0,datasize:27,operation:Pre-Smoothing
Time:7.5069e-05,bytes:216,gbps:0.0230188
cr:0.791209,iter:20,level:11,rank:0,datasize:27,operation:Residual
Time:5.4659e-05,bytes:64,gbps:0.00936717
cr:0.528926,iter:20,level:12,rank:0,datasize:8,operation:Interpolation
Time:7.3444e-05,bytes:216,gbps:0.0235281
cr:0.791209,iter:20,level:12,rank:0,datasize:27,operation:Post-smoothing
Time:5.2986e-05,bytes:64,gbps:0.00966293
cr:0.528926,iter:20,level:12,rank:0,datasize:8,operation:Interpolation
Time:0.000132132,bytes:584,gbps:0.0353586
cr:0.948052,iter:20,level:12,rank:0,datasize:73,operation:Post-smoothing
Time:8.85e-05,bytes:176,gbps:0.0159096
cr:0.755365,iter:20,level:12,rank:0,datasize:22,operation:Interpolation
Time:0.000217708,bytes:1312,gbps:0.0482114
cr:0.957664,iter:20,level:12,rank:0,datasize:164,operation:Post-smoothing
Time:0.000127321,bytes:256,gbps:0.0160853
cr:0.815287,iter:20,level:12,rank:0,datasize:32,operation:Interpolation
Time:0.000703845,bytes:2176,gbps:0.0247327
cr:0.973602,iter:20,level:12,rank:0,datasize:272,operation:Post-smoothing
Time:0.000167548,bytes:368,gbps:0.0175711
cr:0.86385,iter:20,level:12,rank:0,datasize:46,operation:Interpolation
Time:0.000820521,bytes:2944,gbps:0.0287037
cr:0.99966,iter:20,level:12,rank:0,datasize:368,operation:Post-smoothing
Time:0.000229359,bytes:560,gbps:0.0195327
cr:0.906149,iter:20,level:12,rank:0,datasize:70,operation:Interpolation
SZ is downgraded to lossless mode.
SZ is downgraded to lossless mode.
Time:0.0010444,bytes:3832,gbps:0.0293527
cr:1.00895,iter:20,level:12,rank:0,datasize:479,operation:Post-smoothing
Time:0.000194286,bytes:592,gbps:0.0243764
cr:0.910769,iter:20,level:12,rank:0,datasize:74,operation:Interpolation
SZ is downgraded to lossless mode.
SZ is downgraded to lossless mode.
Time:0.00121499,bytes:4664,gbps:0.0307097
cr:1.01701,iter:20,level:12,rank:0,datasize:583,operation:Post-smoothing
Time:0.000258558,bytes:896,gbps:0.027723
cr:1.00448,iter:20,level:12,rank:0,datasize:112,operation:Interpolation
SZ is downgraded to lossless mode.
SZ is downgraded to lossless mode.
Time:0.00125914,bytes:5880,gbps:0.0373588
cr:1.02137,iter:20,level:12,rank:0,datasize:735,operation:Post-smoothing
Time:0.000331183,bytes:1184,gbps:0.0286005
cr:0.953301,iter:20,level:12,rank:0,datasize:148,operation:Interpolation
SZ is downgraded to lossless mode.
SZ is downgraded to lossless mode.
Time:0.00152302,bytes:7000,gbps:0.036769
cr:1.02549,iter:20,level:12,rank:0,datasize:875,operation:Post-smoothing
Time:0.0013794,bytes:1600,gbps:0.00927942
cr:0.965018,iter:20,level:12,rank:0,datasize:200,operation:Interpolation
SZ is downgraded to lossless mode.
SZ is downgraded to lossless mode.
Time:0.00175916,bytes:6328,gbps:0.0287774
cr:1.02229,iter:20,level:12,rank:0,datasize:791,operation:Post-smoothing
Time:0.000738137,bytes:1848,gbps:0.0200288
cr:0.990885,iter:20,level:12,rank:0,datasize:231,operation:Interpolation
SZ is downgraded to lossless mode.
Time:0.00134037,bytes:5088,gbps:0.0303678
cr:1.01964,iter:20,level:12,rank:0,datasize:636,operation:Post-smoothing
Time:0.000879447,bytes:1688,gbps:0.0153551
cr:0.988869,iter:20,level:12,rank:0,datasize:211,operation:Interpolation
Time:0.00225871,bytes:4000,gbps:0.0141674
cr:1.03761,iter:20,level:12,rank:0,datasize:500,operation:Post-smoothing
Time:0.00154496,bytes:4000,gbps:0.0207125
cr:1.03761,iter:20,level:12,rank:0,datasize:500,operation:Residual-Norm
Time:0.00190095,bytes:4000,gbps:0.0168337
cr:1.03761,iter:21,level:0,rank:0,datasize:500,operation:Pre-Smoothing
Time:0.00158308,bytes:4000,gbps:0.0202138
cr:1.036,iter:21,level:0,rank:0,datasize:500,operation:Residual
Time:0.000302915,bytes:5088,gbps:0.134374
cr:47.5514,iter:21,level:1,rank:0,datasize:636,operation:Pre-Smoothing
Time:0.000444677,bytes:5088,gbps:0.0915361
cr:5.68492,iter:21,level:1,rank:0,datasize:636,operation:Residual
Time:0.000289855,bytes:6328,gbps:0.174653
cr:59.1402,iter:21,level:2,rank:0,datasize:791,operation:Pre-Smoothing
Time:0.000488713,bytes:6328,gbps:0.103586
cr:5.4271,iter:21,level:2,rank:0,datasize:791,operation:Residual
Time:0.000297984,bytes:7000,gbps:0.18793
cr:65.4206,iter:21,level:3,rank:0,datasize:875,operation:Pre-Smoothing
Time:0.000659362,bytes:7000,gbps:0.0849306
cr:2.64851,iter:21,level:3,rank:0,datasize:875,operation:Residual
Time:0.000305213,bytes:5880,gbps:0.154122
cr:54.9533,iter:21,level:4,rank:0,datasize:735,operation:Pre-Smoothing
Time:0.000647839,bytes:5880,gbps:0.0726106
cr:2.24857,iter:21,level:4,rank:0,datasize:735,operation:Residual
Time:0.0002684,bytes:4664,gbps:0.139016
cr:43.5888,iter:21,level:5,rank:0,datasize:583,operation:Pre-Smoothing
Time:0.000717757,bytes:4664,gbps:0.0519842
cr:1.46759,iter:21,level:5,rank:0,datasize:583,operation:Residual
Time:0.000255481,bytes:3832,gbps:0.119993
cr:37.2039,iter:21,level:6,rank:0,datasize:479,operation:Pre-Smoothing
Time:0.000714733,bytes:3832,gbps:0.0428915
cr:1.19191,iter:21,level:6,rank:0,datasize:479,operation:Residual
Time:0.00026717,bytes:2944,gbps:0.0881536
cr:28.5825,iter:21,level:7,rank:0,datasize:368,operation:Pre-Smoothing
Time:0.00072201,bytes:2944,gbps:0.03262
cr:1.07918,iter:21,level:7,rank:0,datasize:368,operation:Residual
Time:0.000246587,bytes:2176,gbps:0.0705958
cr:21.1262,iter:21,level:8,rank:0,datasize:272,operation:Pre-Smoothing
Time:0.000619191,bytes:2176,gbps:0.0281141
cr:1.05172,iter:21,level:8,rank:0,datasize:272,operation:Residual
Time:7.4076e-05,bytes:1312,gbps:0.141692
cr:11.9273,iter:21,level:9,rank:0,datasize:164,operation:Pre-Smoothing
Time:0.000207976,bytes:1312,gbps:0.0504674
cr:1.00846,iter:21,level:9,rank:0,datasize:164,operation:Residual
Time:5.3901e-05,bytes:584,gbps:0.0866774
cr:5.30909,iter:21,level:10,rank:0,datasize:73,operation:Pre-Smoothing
Time:0.000123262,bytes:584,gbps:0.037903
cr:0.960526,iter:21,level:10,rank:0,datasize:73,operation:Residual
Time:4.5383e-05,bytes:216,gbps:0.0380759
cr:1.96364,iter:21,level:11,rank:0,datasize:27,operation:Pre-Smoothing
Time:7.1125e-05,bytes:216,gbps:0.0242953
cr:0.791209,iter:21,level:11,rank:0,datasize:27,operation:Residual
Time:5.3724e-05,bytes:64,gbps:0.00953019
cr:0.528926,iter:21,level:12,rank:0,datasize:8,operation:Interpolation
Time:7.0589e-05,bytes:216,gbps:0.0244797
cr:0.791209,iter:21,level:12,rank:0,datasize:27,operation:Post-smoothing
Time:5.1122e-05,bytes:64,gbps:0.0100153
cr:0.528926,iter:21,level:12,rank:0,datasize:8,operation:Interpolation
Time:0.000125302,bytes:584,gbps:0.0372859
cr:0.931419,iter:21,level:12,rank:0,datasize:73,operation:Post-smoothing
Time:8.143e-05,bytes:176,gbps:0.0172909
cr:0.755365,iter:21,level:12,rank:0,datasize:22,operation:Interpolation
Time:0.000214185,bytes:1312,gbps:0.0490044
cr:0.967552,iter:21,level:12,rank:0,datasize:164,operation:Post-smoothing
Time:0.000116317,bytes:256,gbps:0.0176071
cr:0.815287,iter:21,level:12,rank:0,datasize:32,operation:Interpolation
Time:0.0007163,bytes:2176,gbps:0.0243027
cr:0.976661,iter:21,level:12,rank:0,datasize:272,operation:Post-smoothing
Time:0.000156662,bytes:368,gbps:0.018792
cr:0.86385,iter:21,level:12,rank:0,datasize:46,operation:Interpolation
Time:0.000810639,bytes:2944,gbps:0.0290536
cr:0.997628,iter:21,level:12,rank:0,datasize:368,operation:Post-smoothing
Time:0.000211023,bytes:560,gbps:0.0212299
cr:0.906149,iter:21,level:12,rank:0,datasize:70,operation:Interpolation
SZ is downgraded to lossless mode.
SZ is downgraded to lossless mode.
Time:0.000978515,bytes:3832,gbps:0.0313291
cr:1.01002,iter:21,level:12,rank:0,datasize:479,operation:Post-smoothing
Time:0.000193618,bytes:592,gbps:0.0244605
cr:0.910769,iter:21,level:12,rank:0,datasize:74,operation:Interpolation
SZ is downgraded to lossless mode.
SZ is downgraded to lossless mode.
Time:0.00120122,bytes:4664,gbps:0.0310618
cr:1.01568,iter:21,level:12,rank:0,datasize:583,operation:Post-smoothing
Time:0.000240894,bytes:896,gbps:0.0297558
cr:1.02283,iter:21,level:12,rank:0,datasize:112,operation:Interpolation
SZ is downgraded to lossless mode.
SZ is downgraded to lossless mode.
Time:0.0012744,bytes:5880,gbps:0.0369114
cr:1.02048,iter:21,level:12,rank:0,datasize:735,operation:Post-smoothing
Time:0.000307768,bytes:1184,gbps:0.0307764
cr:0.953301,iter:21,level:12,rank:0,datasize:148,operation:Interpolation
SZ is downgraded to lossless mode.
SZ is downgraded to lossless mode.
Time:0.00146054,bytes:7000,gbps:0.038342
cr:1.02444,iter:21,level:12,rank:0,datasize:875,operation:Post-smoothing
Time:0.00121409,bytes:1600,gbps:0.0105429
cr:0.965018,iter:21,level:12,rank:0,datasize:200,operation:Interpolation
SZ is downgraded to lossless mode.
SZ is downgraded to lossless mode.
Time:0.00152586,bytes:6328,gbps:0.0331774
cr:1.02048,iter:21,level:12,rank:0,datasize:791,operation:Post-smoothing
Time:0.000698347,bytes:1848,gbps:0.02117
cr:0.991416,iter:21,level:12,rank:0,datasize:231,operation:Interpolation
Time:0.00101294,bytes:5088,gbps:0.0401841
cr:1.18381,iter:21,level:12,rank:0,datasize:636,operation:Post-smoothing
Time:0.000757745,bytes:1688,gbps:0.0178213
cr:1,iter:21,level:12,rank:0,datasize:211,operation:Interpolation
Time:0.00228247,bytes:4000,gbps:0.0140199
cr:1.03815,iter:21,level:12,rank:0,datasize:500,operation:Post-smoothing
Time:0.00186487,bytes:4000,gbps:0.0171594
cr:1.03654,iter:21,level:12,rank:0,datasize:500,operation:Residual-Norm
Time:0.00177403,bytes:4000,gbps:0.0180381
cr:1.03654,iter:22,level:0,rank:0,datasize:500,operation:Pre-Smoothing
Time:0.00155242,bytes:4000,gbps:0.020613
cr:1.03761,iter:22,level:0,rank:0,datasize:500,operation:Residual
Time:0.000271032,bytes:5088,gbps:0.150182
cr:47.5514,iter:22,level:1,rank:0,datasize:636,operation:Pre-Smoothing
Time:0.00041643,bytes:5088,gbps:0.0977451
cr:6.18226,iter:22,level:1,rank:0,datasize:636,operation:Residual
Time:0.000284901,bytes:6328,gbps:0.17769
cr:59.1402,iter:22,level:2,rank:0,datasize:791,operation:Pre-Smoothing
Time:0.000455874,bytes:6328,gbps:0.111048
cr:6.82632,iter:22,level:2,rank:0,datasize:791,operation:Residual
Time:0.000299554,bytes:7000,gbps:0.186945
cr:65.4206,iter:22,level:3,rank:0,datasize:875,operation:Pre-Smoothing
Time:0.000528642,bytes:7000,gbps:0.105932
cr:4.46713,iter:22,level:3,rank:0,datasize:875,operation:Residual
Time:0.000286684,bytes:5880,gbps:0.164083
cr:54.9533,iter:22,level:4,rank:0,datasize:735,operation:Pre-Smoothing
Time:0.000670732,bytes:5880,gbps:0.0701323
cr:2.49364,iter:22,level:4,rank:0,datasize:735,operation:Residual
Time:0.000266442,bytes:4664,gbps:0.140038
cr:43.5888,iter:22,level:5,rank:0,datasize:583,operation:Pre-Smoothing
Time:0.000659845,bytes:4664,gbps:0.0565466
cr:1.75934,iter:22,level:5,rank:0,datasize:583,operation:Residual
Time:0.000261048,bytes:3832,gbps:0.117434
cr:37.2039,iter:22,level:6,rank:0,datasize:479,operation:Pre-Smoothing
Time:0.000677345,bytes:3832,gbps:0.0452591
cr:1.27351,iter:22,level:6,rank:0,datasize:479,operation:Residual
Time:0.00025536,bytes:2944,gbps:0.0922306
cr:28.5825,iter:22,level:7,rank:0,datasize:368,operation:Pre-Smoothing
Time:0.000682621,bytes:2944,gbps:0.0345023
cr:1.1527,iter:22,level:7,rank:0,datasize:368,operation:Residual
Time:0.000249002,bytes:2176,gbps:0.0699111
cr:21.1262,iter:22,level:8,rank:0,datasize:272,operation:Pre-Smoothing
Time:0.000590506,bytes:2176,gbps:0.0294798
cr:1.0558,iter:22,level:8,rank:0,datasize:272,operation:Residual
Time:7.2572e-05,bytes:1312,gbps:0.144629
cr:11.9273,iter:22,level:9,rank:0,datasize:164,operation:Pre-Smoothing
Time:0.000206102,bytes:1312,gbps:0.0509262
cr:1.0226,iter:22,level:9,rank:0,datasize:164,operation:Residual
Time:5.2434e-05,bytes:584,gbps:0.0891025
cr:5.30909,iter:22,level:10,rank:0,datasize:73,operation:Pre-Smoothing
Time:0.000116439,bytes:584,gbps:0.040124
cr:1.00172,iter:22,level:10,rank:0,datasize:73,operation:Residual
Time:4.3271e-05,bytes:216,gbps:0.0399344
cr:1.96364,iter:22,level:11,rank:0,datasize:27,operation:Pre-Smoothing
Time:7.0664e-05,bytes:216,gbps:0.0244538
cr:0.791209,iter:22,level:11,rank:0,datasize:27,operation:Residual
Time:5.4819e-05,bytes:64,gbps:0.00933983
cr:0.528926,iter:22,level:12,rank:0,datasize:8,operation:Interpolation
Time:6.9372e-05,bytes:216,gbps:0.0249092
cr:0.791209,iter:22,level:12,rank:0,datasize:27,operation:Post-smoothing
Time:5.1845e-05,bytes:64,gbps:0.00987559
cr:0.528926,iter:22,level:12,rank:0,datasize:8,operation:Interpolation
Time:0.000119904,bytes:584,gbps:0.0389645
cr:0.973333,iter:22,level:12,rank:0,datasize:73,operation:Post-smoothing
Time:7.846e-05,bytes:176,gbps:0.0179454
cr:0.755365,iter:22,level:12,rank:0,datasize:22,operation:Interpolation
Time:0.000238374,bytes:1312,gbps:0.0440316
cr:0.963997,iter:22,level:12,rank:0,datasize:164,operation:Post-smoothing
Time:0.000107393,bytes:256,gbps:0.0190701
cr:0.815287,iter:22,level:12,rank:0,datasize:32,operation:Interpolation
Time:0.00062317,bytes:2176,gbps:0.0279346
cr:0.981949,iter:22,level:12,rank:0,datasize:272,operation:Post-smoothing
Time:0.000141675,bytes:368,gbps:0.02078
cr:0.86385,iter:22,level:12,rank:0,datasize:46,operation:Interpolation
Time:0.000748074,bytes:2944,gbps:0.0314835
cr:1.00102,iter:22,level:12,rank:0,datasize:368,operation:Post-smoothing
Time:0.000196516,bytes:560,gbps:0.0227971
cr:0.906149,iter:22,level:12,rank:0,datasize:70,operation:Interpolation
SZ is downgraded to lossless mode.
SZ is downgraded to lossless mode.
Time:0.00109361,bytes:3832,gbps:0.028032
cr:1.00683,iter:22,level:12,rank:0,datasize:479,operation:Post-smoothing
Time:0.000170146,bytes:592,gbps:0.0278349
cr:0.936709,iter:22,level:12,rank:0,datasize:74,operation:Interpolation
SZ is downgraded to lossless mode.
SZ is downgraded to lossless mode.
Time:0.00115792,bytes:4664,gbps:0.0322233
cr:1.01568,iter:22,level:12,rank:0,datasize:583,operation:Post-smoothing
Time:0.000230917,bytes:896,gbps:0.0310415
cr:1.00787,iter:22,level:12,rank:0,datasize:112,operation:Interpolation
SZ is downgraded to lossless mode.
SZ is downgraded to lossless mode.
Time:0.00117572,bytes:5880,gbps:0.0400095
cr:1.01871,iter:22,level:12,rank:0,datasize:735,operation:Post-smoothing
Time:0.000291258,bytes:1184,gbps:0.032521
cr:0.953301,iter:22,level:12,rank:0,datasize:148,operation:Interpolation
SZ is downgraded to lossless mode.
SZ is downgraded to lossless mode.
Time:0.00137435,bytes:7000,gbps:0.0407467
cr:1.02279,iter:22,level:12,rank:0,datasize:875,operation:Post-smoothing
Time:0.00118228,bytes:1600,gbps:0.0108266
cr:0.965018,iter:22,level:12,rank:0,datasize:200,operation:Interpolation
SZ is downgraded to lossless mode.
SZ is downgraded to lossless mode.
Time:0.00139802,bytes:6328,gbps:0.0362113
cr:1.02081,iter:22,level:12,rank:0,datasize:791,operation:Post-smoothing
Time:0.000666399,bytes:1848,gbps:0.0221849
cr:1.00163,iter:22,level:12,rank:0,datasize:231,operation:Interpolation
Time:0.000949172,bytes:5088,gbps:0.0428837
cr:1.23766,iter:22,level:12,rank:0,datasize:636,operation:Post-smoothing
Time:0.000657966,bytes:1688,gbps:0.0205239
cr:1.04198,iter:22,level:12,rank:0,datasize:211,operation:Interpolation
Time:0.00220556,bytes:4000,gbps:0.0145088
cr:1.03815,iter:22,level:12,rank:0,datasize:500,operation:Post-smoothing
Time:0.00166823,bytes:4000,gbps:0.019182
cr:1.03681,iter:22,level:12,rank:0,datasize:500,operation:Residual-Norm
Time:0.00194731,bytes:4000,gbps:0.0164329
cr:1.03681,iter:23,level:0,rank:0,datasize:500,operation:Pre-Smoothing
Time:0.0015403,bytes:4000,gbps:0.0207751
cr:1.03734,iter:23,level:0,rank:0,datasize:500,operation:Residual
Time:0.000279464,bytes:5088,gbps:0.14565
cr:47.5514,iter:23,level:1,rank:0,datasize:636,operation:Pre-Smoothing
Time:0.000397517,bytes:5088,gbps:0.102396
cr:6.81124,iter:23,level:1,rank:0,datasize:636,operation:Residual
Time:0.000296403,bytes:6328,gbps:0.170794
cr:59.1402,iter:23,level:2,rank:0,datasize:791,operation:Pre-Smoothing
Time:0.000448471,bytes:6328,gbps:0.112881
cr:7.36671,iter:23,level:2,rank:0,datasize:791,operation:Residual
Time:0.000295096,bytes:7000,gbps:0.189769
cr:65.4206,iter:23,level:3,rank:0,datasize:875,operation:Pre-Smoothing
Time:0.000535986,bytes:7000,gbps:0.10448
cr:4.4164,iter:23,level:3,rank:0,datasize:875,operation:Residual
Time:0.000282651,bytes:5880,gbps:0.166424
cr:54.9533,iter:23,level:4,rank:0,datasize:735,operation:Pre-Smoothing
Time:0.00055819,bytes:5880,gbps:0.0842724
cr:3.09311,iter:23,level:4,rank:0,datasize:735,operation:Residual
Time:0.000269365,bytes:4664,gbps:0.138518
cr:43.5888,iter:23,level:5,rank:0,datasize:583,operation:Pre-Smoothing
Time:0.000625935,bytes:4664,gbps:0.05961
cr:1.99401,iter:23,level:5,rank:0,datasize:583,operation:Residual
Time:0.000261023,bytes:3832,gbps:0.117446
cr:37.2039,iter:23,level:6,rank:0,datasize:479,operation:Pre-Smoothing
Time:0.000701992,bytes:3832,gbps:0.04367
cr:1.23097,iter:23,level:6,rank:0,datasize:479,operation:Residual
Time:0.000270923,bytes:2944,gbps:0.0869324
cr:28.5825,iter:23,level:7,rank:0,datasize:368,operation:Pre-Smoothing
Time:0.000682834,bytes:2944,gbps:0.0344915
cr:1.16686,iter:23,level:7,rank:0,datasize:368,operation:Residual
Time:0.000248208,bytes:2176,gbps:0.0701347
cr:21.1262,iter:23,level:8,rank:0,datasize:272,operation:Pre-Smoothing
Time:0.000567804,bytes:2176,gbps:0.0306585
cr:1.06929,iter:23,level:8,rank:0,datasize:272,operation:Residual
Time:7.5679e-05,bytes:1312,gbps:0.138691
cr:11.9273,iter:23,level:9,rank:0,datasize:164,operation:Pre-Smoothing
Time:0.000199065,bytes:1312,gbps:0.0527265
cr:1.06063,iter:23,level:9,rank:0,datasize:164,operation:Residual
Time:5.9437e-05,bytes:584,gbps:0.0786042
cr:5.30909,iter:23,level:10,rank:0,datasize:73,operation:Pre-Smoothing
Time:0.000117311,bytes:584,gbps:0.0398258
cr:1.02456,iter:23,level:10,rank:0,datasize:73,operation:Residual
Time:5.0076e-05,bytes:216,gbps:0.0345075
cr:1.96364,iter:23,level:11,rank:0,datasize:27,operation:Pre-Smoothing
Time:7.6431e-05,bytes:216,gbps:0.0226086
cr:0.791209,iter:23,level:11,rank:0,datasize:27,operation:Residual
Time:5.5581e-05,bytes:64,gbps:0.00921178
cr:0.528926,iter:23,level:12,rank:0,datasize:8,operation:Interpolation
Time:7.0451e-05,bytes:216,gbps:0.0245277
cr:0.791209,iter:23,level:12,rank:0,datasize:27,operation:Post-smoothing
Time:5.1385e-05,bytes:64,gbps:0.009964
cr:0.528926,iter:23,level:12,rank:0,datasize:8,operation:Interpolation
Time:0.000130834,bytes:584,gbps:0.0357094
cr:1.01742,iter:23,level:12,rank:0,datasize:73,operation:Post-smoothing
Time:8.3141e-05,bytes:176,gbps:0.0169351
cr:0.755365,iter:23,level:12,rank:0,datasize:22,operation:Interpolation
Time:0.000203613,bytes:1312,gbps:0.0515488
cr:1.01391,iter:23,level:12,rank:0,datasize:164,operation:Post-smoothing
Time:0.00010346,bytes:256,gbps:0.0197951
cr:0.815287,iter:23,level:12,rank:0,datasize:32,operation:Interpolation
Time:0.000635758,bytes:2176,gbps:0.0273815
cr:1.00138,iter:23,level:12,rank:0,datasize:272,operation:Post-smoothing
Time:0.000157313,bytes:368,gbps:0.0187143
cr:0.86385,iter:23,level:12,rank:0,datasize:46,operation:Interpolation
Time:0.000752636,bytes:2944,gbps:0.0312927
cr:0.996615,iter:23,level:12,rank:0,datasize:368,operation:Post-smoothing
Time:0.000186207,bytes:560,gbps:0.0240592
cr:0.912052,iter:23,level:12,rank:0,datasize:70,operation:Interpolation
SZ is downgraded to lossless mode.
SZ is downgraded to lossless mode.
Time:0.000899938,bytes:3832,gbps:0.0340646
cr:1.00789,iter:23,level:12,rank:0,datasize:479,operation:Post-smoothing
Time:0.000168783,bytes:592,gbps:0.0280597
cr:0.926448,iter:23,level:12,rank:0,datasize:74,operation:Interpolation
SZ is downgraded to lossless mode.
SZ is downgraded to lossless mode.
Time:0.00101253,bytes:4664,gbps:0.0368501
cr:1.01413,iter:23,level:12,rank:0,datasize:583,operation:Post-smoothing
Time:0.000218315,bytes:896,gbps:0.0328333
cr:1.03944,iter:23,level:12,rank:0,datasize:112,operation:Interpolation
SZ is downgraded to lossless mode.
SZ is downgraded to lossless mode.
Time:0.00112784,bytes:5880,gbps:0.0417081
cr:1.01801,iter:23,level:12,rank:0,datasize:735,operation:Post-smoothing
Time:0.00027928,bytes:1184,gbps:0.0339158
cr:0.953301,iter:23,level:12,rank:0,datasize:148,operation:Interpolation
SZ is downgraded to lossless mode.
SZ is downgraded to lossless mode.
Time:0.00123343,bytes:7000,gbps:0.0454017
cr:1.02294,iter:23,level:12,rank:0,datasize:875,operation:Post-smoothing
Time:0.00102182,bytes:1600,gbps:0.0125267
cr:0.965018,iter:23,level:12,rank:0,datasize:200,operation:Interpolation
SZ is downgraded to lossless mode.
Time:0.00132868,bytes:6328,gbps:0.0381009
cr:1.01966,iter:23,level:12,rank:0,datasize:791,operation:Post-smoothing
Time:0.000637537,bytes:1848,gbps:0.0231892
cr:1.0506,iter:23,level:12,rank:0,datasize:231,operation:Interpolation
Time:0.00103592,bytes:5088,gbps:0.0392926
cr:1.29334,iter:23,level:12,rank:0,datasize:636,operation:Post-smoothing
Time:0.000661295,bytes:1688,gbps:0.0204205
cr:1.03558,iter:23,level:12,rank:0,datasize:211,operation:Interpolation
Time:0.00225961,bytes:4000,gbps:0.0141617
cr:1.03466,iter:23,level:12,rank:0,datasize:500,operation:Post-smoothing
Time:0.00163189,bytes:4000,gbps:0.0196092
cr:1.03681,iter:23,level:12,rank:0,datasize:500,operation:Residual-Norm
Time:0.00192385,bytes:4000,gbps:0.0166333
cr:1.03681,iter:24,level:0,rank:0,datasize:500,operation:Pre-Smoothing
Time:0.00157744,bytes:4000,gbps:0.0202861
cr:1.03708,iter:24,level:0,rank:0,datasize:500,operation:Residual
Time:0.000274371,bytes:5088,gbps:0.148354
cr:47.5514,iter:24,level:1,rank:0,datasize:636,operation:Pre-Smoothing
Time:0.000379771,bytes:5088,gbps:0.10718
cr:7.33141,iter:24,level:1,rank:0,datasize:636,operation:Residual
Time:0.000291333,bytes:6328,gbps:0.173767
cr:59.1402,iter:24,level:2,rank:0,datasize:791,operation:Pre-Smoothing
Time:0.00045331,bytes:6328,gbps:0.111676
cr:7.94975,iter:24,level:2,rank:0,datasize:791,operation:Residual
Time:0.000297196,bytes:7000,gbps:0.188428
cr:65.4206,iter:24,level:3,rank:0,datasize:875,operation:Pre-Smoothing
Time:0.000501394,bytes:7000,gbps:0.111689
cr:5.41377,iter:24,level:3,rank:0,datasize:875,operation:Residual
Time:0.00029138,bytes:5880,gbps:0.161439
cr:54.9533,iter:24,level:4,rank:0,datasize:735,operation:Pre-Smoothing
Time:0.000625162,bytes:5880,gbps:0.0752445
cr:2.50853,iter:24,level:4,rank:0,datasize:735,operation:Residual
Time:0.000274847,bytes:4664,gbps:0.135756
cr:43.5888,iter:24,level:5,rank:0,datasize:583,operation:Pre-Smoothing
Time:0.000609926,bytes:4664,gbps:0.0611746
cr:1.95146,iter:24,level:5,rank:0,datasize:583,operation:Residual
Time:0.000265668,bytes:3832,gbps:0.115392
cr:37.2039,iter:24,level:6,rank:0,datasize:479,operation:Pre-Smoothing
Time:0.000636327,bytes:3832,gbps:0.0481765
cr:1.42348,iter:24,level:6,rank:0,datasize:479,operation:Residual
Time:0.000279718,bytes:2944,gbps:0.0841991
cr:28.5825,iter:24,level:7,rank:0,datasize:368,operation:Pre-Smoothing
Time:0.000631426,bytes:2944,gbps:0.0372997
cr:1.25651,iter:24,level:7,rank:0,datasize:368,operation:Residual
Time:0.00025129,bytes:2176,gbps:0.0692745
cr:21.1262,iter:24,level:8,rank:0,datasize:272,operation:Pre-Smoothing
Time:0.000547742,bytes:2176,gbps:0.0317814
cr:1.12281,iter:24,level:8,rank:0,datasize:272,operation:Residual
Time:7.7509e-05,bytes:1312,gbps:0.135417
cr:11.9273,iter:24,level:9,rank:0,datasize:164,operation:Pre-Smoothing
Time:0.000194431,bytes:1312,gbps:0.0539832
cr:1.03633,iter:24,level:9,rank:0,datasize:164,operation:Residual
Time:5.6672e-05,bytes:584,gbps:0.0824393
cr:5.30909,iter:24,level:10,rank:0,datasize:73,operation:Pre-Smoothing
Time:0.000115453,bytes:584,gbps:0.0404667
cr:1.02998,iter:24,level:10,rank:0,datasize:73,operation:Residual
Time:4.3644e-05,bytes:216,gbps:0.0395931
cr:1.96364,iter:24,level:11,rank:0,datasize:27,operation:Pre-Smoothing
Time:7.3054e-05,bytes:216,gbps:0.0236537
cr:0.8,iter:24,level:11,rank:0,datasize:27,operation:Residual
Time:5.4221e-05,bytes:64,gbps:0.00944284
cr:0.528926,iter:24,level:12,rank:0,datasize:8,operation:Interpolation
Time:7.233e-05,bytes:216,gbps:0.0238905
cr:0.791209,iter:24,level:12,rank:0,datasize:27,operation:Post-smoothing
Time:5.1217e-05,bytes:64,gbps:0.00999668
cr:0.528926,iter:24,level:12,rank:0,datasize:8,operation:Interpolation
Time:0.000120508,bytes:584,gbps:0.0387692
cr:0.983165,iter:24,level:12,rank:0,datasize:73,operation:Post-smoothing
Time:7.3863e-05,bytes:176,gbps:0.0190623
cr:0.755365,iter:24,level:12,rank:0,datasize:22,operation:Interpolation
Time:0.000196101,bytes:1312,gbps:0.0535234
cr:1.00536,iter:24,level:12,rank:0,datasize:164,operation:Post-smoothing
Time:0.000100268,bytes:256,gbps:0.0204253
cr:0.815287,iter:24,level:12,rank:0,datasize:32,operation:Interpolation
Time:0.000612616,bytes:2176,gbps:0.0284158
cr:1.01968,iter:24,level:12,rank:0,datasize:272,operation:Post-smoothing
Time:0.000131796,bytes:368,gbps:0.0223376
cr:0.86385,iter:24,level:12,rank:0,datasize:46,operation:Interpolation
Time:0.000713382,bytes:2944,gbps:0.0330146
cr:1.01798,iter:24,level:12,rank:0,datasize:368,operation:Post-smoothing
Time:0.00017854,bytes:560,gbps:0.0250924
cr:0.906149,iter:24,level:12,rank:0,datasize:70,operation:Interpolation
SZ is downgraded to lossless mode.
SZ is downgraded to lossless mode.
Time:0.000843898,bytes:3832,gbps:0.0363267
cr:1.00683,iter:24,level:12,rank:0,datasize:479,operation:Post-smoothing
Time:0.000169952,bytes:592,gbps:0.0278667
cr:0.917829,iter:24,level:12,rank:0,datasize:74,operation:Interpolation
SZ is downgraded to lossless mode.
SZ is downgraded to lossless mode.
Time:0.000933975,bytes:4664,gbps:0.0399497
cr:1.01215,iter:24,level:12,rank:0,datasize:583,operation:Post-smoothing
Time:0.000207651,bytes:896,gbps:0.0345195
cr:1.02517,iter:24,level:12,rank:0,datasize:112,operation:Interpolation
SZ is downgraded to lossless mode.
SZ is downgraded to lossless mode.
Time:0.00115893,bytes:5880,gbps:0.0405891
cr:1.01783,iter:24,level:12,rank:0,datasize:735,operation:Post-smoothing
Time:0.000266143,bytes:1184,gbps:0.0355899
cr:0.953301,iter:24,level:12,rank:0,datasize:148,operation:Interpolation
SZ is downgraded to lossless mode.
SZ is downgraded to lossless mode.
Time:0.00117324,bytes:7000,gbps:0.047731
cr:1.02026,iter:24,level:12,rank:0,datasize:875,operation:Post-smoothing
Time:0.000877683,bytes:1600,gbps:0.0145839
cr:0.965018,iter:24,level:12,rank:0,datasize:200,operation:Interpolation
Time:0.00121769,bytes:6328,gbps:0.0415736
cr:1.29619,iter:24,level:12,rank:0,datasize:791,operation:Post-smoothing
Time:0.000600615,bytes:1848,gbps:0.0246148
cr:1.08324,iter:24,level:12,rank:0,datasize:231,operation:Interpolation
Time:0.000768575,bytes:5088,gbps:0.0529603
cr:1.45663,iter:24,level:12,rank:0,datasize:636,operation:Post-smoothing
Time:0.000612122,bytes:1688,gbps:0.022061
cr:1.04133,iter:24,level:12,rank:0,datasize:211,operation:Interpolation
Time:0.00230738,bytes:4000,gbps:0.0138685
cr:1.03681,iter:24,level:12,rank:0,datasize:500,operation:Post-smoothing
Time:0.00169761,bytes:4000,gbps:0.01885
cr:1.03734,iter:24,level:12,rank:0,datasize:500,operation:Residual-Norm
Time:0.00193248,bytes:4000,gbps:0.016559
cr:1.03734,iter:25,level:0,rank:0,datasize:500,operation:Pre-Smoothing
Time:0.00164487,bytes:4000,gbps:0.0194545
cr:1.03788,iter:25,level:0,rank:0,datasize:500,operation:Residual
Time:0.000275175,bytes:5088,gbps:0.14792
cr:47.5514,iter:25,level:1,rank:0,datasize:636,operation:Pre-Smoothing
Time:0.000354801,bytes:5088,gbps:0.114723
cr:9.26776,iter:25,level:1,rank:0,datasize:636,operation:Residual
Time:0.000303474,bytes:6328,gbps:0.166815
cr:59.1402,iter:25,level:2,rank:0,datasize:791,operation:Pre-Smoothing
Time:0.000452419,bytes:6328,gbps:0.111896
cr:7.41852,iter:25,level:2,rank:0,datasize:791,operation:Residual
Time:0.000339574,bytes:7000,gbps:0.164913
cr:65.4206,iter:25,level:3,rank:0,datasize:875,operation:Pre-Smoothing
Time:0.000556801,bytes:7000,gbps:0.100575
cr:5.95745,iter:25,level:3,rank:0,datasize:875,operation:Residual
Time:0.000283775,bytes:5880,gbps:0.165765
cr:54.9533,iter:25,level:4,rank:0,datasize:735,operation:Pre-Smoothing
Time:0.000526897,bytes:5880,gbps:0.0892774
cr:4.09756,iter:25,level:4,rank:0,datasize:735,operation:Residual
Time:0.000283681,bytes:4664,gbps:0.131528
cr:43.5888,iter:25,level:5,rank:0,datasize:583,operation:Pre-Smoothing
Time:0.00063513,bytes:4664,gbps:0.058747
cr:2.11328,iter:25,level:5,rank:0,datasize:583,operation:Residual
Time:0.000267665,bytes:3832,gbps:0.114531
cr:37.2039,iter:25,level:6,rank:0,datasize:479,operation:Pre-Smoothing
Time:0.000632634,bytes:3832,gbps:0.0484577
cr:1.54205,iter:25,level:6,rank:0,datasize:479,operation:Residual
Time:0.000268878,bytes:2944,gbps:0.0875936
cr:28.5825,iter:25,level:7,rank:0,datasize:368,operation:Pre-Smoothing
Time:0.000655981,bytes:2944,gbps:0.0359035
cr:1.23697,iter:25,level:7,rank:0,datasize:368,operation:Residual
Time:0.000257086,bytes:2176,gbps:0.0677127
cr:21.1262,iter:25,level:8,rank:0,datasize:272,operation:Pre-Smoothing
Time:0.000535697,bytes:2176,gbps:0.032496
cr:1.17052,iter:25,level:8,rank:0,datasize:272,operation:Residual
Time:7.3947e-05,bytes:1312,gbps:0.141939
cr:11.9273,iter:25,level:9,rank:0,datasize:164,operation:Pre-Smoothing
Time:0.000190777,bytes:1312,gbps:0.0550171
cr:1.07015,iter:25,level:9,rank:0,datasize:164,operation:Residual
Time:5.5867e-05,bytes:584,gbps:0.0836272
cr:5.30909,iter:25,level:10,rank:0,datasize:73,operation:Pre-Smoothing
Time:0.000113096,bytes:584,gbps:0.04131
cr:1.07353,iter:25,level:10,rank:0,datasize:73,operation:Residual
Time:4.4575e-05,bytes:216,gbps:0.0387661
cr:1.96364,iter:25,level:11,rank:0,datasize:27,operation:Pre-Smoothing
Time:7.3415e-05,bytes:216,gbps:0.0235374
cr:0.791209,iter:25,level:11,rank:0,datasize:27,operation:Residual
Time:5.5686e-05,bytes:64,gbps:0.00919441
cr:0.528926,iter:25,level:12,rank:0,datasize:8,operation:Interpolation
Time:6.7216e-05,bytes:216,gbps:0.0257082
cr:0.791209,iter:25,level:12,rank:0,datasize:27,operation:Post-smoothing
Time:4.9196e-05,bytes:64,gbps:0.0104074
cr:0.528926,iter:25,level:12,rank:0,datasize:8,operation:Interpolation
Time:0.000111323,bytes:584,gbps:0.041968
cr:1.07749,iter:25,level:12,rank:0,datasize:73,operation:Post-smoothing
Time:8.0965e-05,bytes:176,gbps:0.0173902
cr:0.755365,iter:25,level:12,rank:0,datasize:22,operation:Interpolation
Time:0.000202184,bytes:1312,gbps:0.0519131
cr:0.998478,iter:25,level:12,rank:0,datasize:164,operation:Post-smoothing
Time:9.4181e-05,bytes:256,gbps:0.0217454
cr:0.815287,iter:25,level:12,rank:0,datasize:32,operation:Interpolation
Time:0.000589794,bytes:2176,gbps:0.0295154
cr:1.02545,iter:25,level:12,rank:0,datasize:272,operation:Post-smoothing
Time:0.000124258,bytes:368,gbps:0.0236926
cr:0.86385,iter:25,level:12,rank:0,datasize:46,operation:Interpolation
Time:0.000690843,bytes:2944,gbps:0.0340917
cr:1.03262,iter:25,level:12,rank:0,datasize:368,operation:Post-smoothing
Time:0.000170851,bytes:560,gbps:0.0262217
cr:0.906149,iter:25,level:12,rank:0,datasize:70,operation:Interpolation
Time:0.000810951,bytes:3832,gbps:0.0378025
cr:1.08586,iter:25,level:12,rank:0,datasize:479,operation:Post-smoothing
Time:0.000161469,bytes:592,gbps:0.0293307
cr:0.938193,iter:25,level:12,rank:0,datasize:74,operation:Interpolation
SZ is downgraded to lossless mode.
SZ is downgraded to lossless mode.
Time:0.000949132,bytes:4664,gbps:0.0393117
cr:1.01215,iter:25,level:12,rank:0,datasize:583,operation:Post-smoothing
Time:0.000197846,bytes:896,gbps:0.0362302
cr:1.0287,iter:25,level:12,rank:0,datasize:112,operation:Interpolation
SZ is downgraded to lossless mode.
SZ is downgraded to lossless mode.
Time:0.00102605,bytes:5880,gbps:0.0458459
cr:1.0173,iter:25,level:12,rank:0,datasize:735,operation:Post-smoothing
Time:0.000250652,bytes:1184,gbps:0.0377894
cr:0.953301,iter:25,level:12,rank:0,datasize:148,operation:Interpolation
SZ is downgraded to lossless mode.
SZ is downgraded to lossless mode.
Time:0.001121,bytes:7000,gbps:0.0499556
cr:1.01996,iter:25,level:12,rank:0,datasize:875,operation:Post-smoothing
Time:0.00111425,bytes:1600,gbps:0.0114876
cr:0.966184,iter:25,level:12,rank:0,datasize:200,operation:Interpolation
Time:0.00114232,bytes:6328,gbps:0.0443168
cr:1.36262,iter:25,level:12,rank:0,datasize:791,operation:Post-smoothing
Time:0.000582199,bytes:1848,gbps:0.0253934
cr:1.10991,iter:25,level:12,rank:0,datasize:231,operation:Interpolation
Time:0.000845507,bytes:5088,gbps:0.0481415
cr:1.40011,iter:25,level:12,rank:0,datasize:636,operation:Post-smoothing
Time:0.000591943,bytes:1688,gbps:0.022813
cr:1.10761,iter:25,level:12,rank:0,datasize:211,operation:Interpolation
Time:0.00316539,bytes:4000,gbps:0.0101094
cr:1.03896,iter:25,level:12,rank:0,datasize:500,operation:Post-smoothing
Time:0.00169204,bytes:4000,gbps:0.0189121
cr:1.03842,iter:25,level:12,rank:0,datasize:500,operation:Residual-Norm
Time:0.00195652,bytes:4000,gbps:0.0163555
cr:1.03842,iter:26,level:0,rank:0,datasize:500,operation:Pre-Smoothing
Time:0.00166834,bytes:4000,gbps:0.0191807
cr:1.03842,iter:26,level:0,rank:0,datasize:500,operation:Residual
Time:0.000275169,bytes:5088,gbps:0.147924
cr:47.5514,iter:26,level:1,rank:0,datasize:636,operation:Pre-Smoothing
Time:0.000364781,bytes:5088,gbps:0.111585
cr:8.32733,iter:26,level:1,rank:0,datasize:636,operation:Residual
Time:0.000290056,bytes:6328,gbps:0.174532
cr:59.1402,iter:26,level:2,rank:0,datasize:791,operation:Pre-Smoothing
Time:0.00044317,bytes:6328,gbps:0.114232
cr:9.36095,iter:26,level:2,rank:0,datasize:791,operation:Residual
Time:0.000311364,bytes:7000,gbps:0.179854
cr:65.4206,iter:26,level:3,rank:0,datasize:875,operation:Pre-Smoothing
Time:0.000501689,bytes:7000,gbps:0.111623
cr:5.82363,iter:26,level:3,rank:0,datasize:875,operation:Residual
Time:0.000293543,bytes:5880,gbps:0.160249
cr:54.9533,iter:26,level:4,rank:0,datasize:735,operation:Pre-Smoothing
Time:0.000512158,bytes:5880,gbps:0.0918467
cr:3.94631,iter:26,level:4,rank:0,datasize:735,operation:Residual
Time:0.000271558,bytes:4664,gbps:0.1374
cr:43.5888,iter:26,level:5,rank:0,datasize:583,operation:Pre-Smoothing
Time:0.000569092,bytes:4664,gbps:0.0655641
cr:2.2718,iter:26,level:5,rank:0,datasize:583,operation:Residual
Time:0.000260815,bytes:3832,gbps:0.117539
cr:37.2039,iter:26,level:6,rank:0,datasize:479,operation:Pre-Smoothing
Time:0.000555978,bytes:3832,gbps:0.0551389
cr:1.78315,iter:26,level:6,rank:0,datasize:479,operation:Residual
Time:0.000267803,bytes:2944,gbps:0.0879452
cr:28.5825,iter:26,level:7,rank:0,datasize:368,operation:Pre-Smoothing
Time:0.000592193,bytes:2944,gbps:0.0397708
cr:1.42498,iter:26,level:7,rank:0,datasize:368,operation:Residual
Time:0.000246439,bytes:2176,gbps:0.0706382
cr:21.1262,iter:26,level:8,rank:0,datasize:272,operation:Pre-Smoothing
Time:0.000520781,bytes:2176,gbps:0.0334267
cr:1.20889,iter:26,level:8,rank:0,datasize:272,operation:Residual
Time:7.2839e-05,bytes:1312,gbps:0.144099
cr:11.9273,iter:26,level:9,rank:0,datasize:164,operation:Pre-Smoothing
Time:0.00017309,bytes:1312,gbps:0.060639
cr:1.29134,iter:26,level:9,rank:0,datasize:164,operation:Residual
Time:5.9604e-05,bytes:584,gbps:0.078384
cr:5.30909,iter:26,level:10,rank:0,datasize:73,operation:Pre-Smoothing
Time:0.000107178,bytes:584,gbps:0.043591
cr:1.08349,iter:26,level:10,rank:0,datasize:73,operation:Residual
Time:4.2683e-05,bytes:216,gbps:0.0404845
cr:1.96364,iter:26,level:11,rank:0,datasize:27,operation:Pre-Smoothing
Time:7.34e-05,bytes:216,gbps:0.0235422
cr:0.791209,iter:26,level:11,rank:0,datasize:27,operation:Residual
Time:5.2523e-05,bytes:64,gbps:0.00974811
cr:0.528926,iter:26,level:12,rank:0,datasize:8,operation:Interpolation
Time:6.5817e-05,bytes:216,gbps:0.0262546
cr:0.794118,iter:26,level:12,rank:0,datasize:27,operation:Post-smoothing
Time:5.2174e-05,bytes:64,gbps:0.00981332
cr:0.528926,iter:26,level:12,rank:0,datasize:8,operation:Interpolation
Time:0.000105562,bytes:584,gbps:0.0442584
cr:1.07948,iter:26,level:12,rank:0,datasize:73,operation:Post-smoothing
Time:9.2457e-05,bytes:176,gbps:0.0152287
cr:0.755365,iter:26,level:12,rank:0,datasize:22,operation:Interpolation
Time:0.000189482,bytes:1312,gbps:0.0553931
cr:1.0843,iter:26,level:12,rank:0,datasize:164,operation:Post-smoothing
Time:9.1456e-05,bytes:256,gbps:0.0223933
cr:0.815287,iter:26,level:12,rank:0,datasize:32,operation:Interpolation
Time:0.000538763,bytes:2176,gbps:0.0323111
cr:1.11418,iter:26,level:12,rank:0,datasize:272,operation:Post-smoothing
Time:0.000121627,bytes:368,gbps:0.0242052
cr:0.86385,iter:26,level:12,rank:0,datasize:46,operation:Interpolation
Time:0.000669318,bytes:2944,gbps:0.0351881
cr:1.04139,iter:26,level:12,rank:0,datasize:368,operation:Post-smoothing
Time:0.000165074,bytes:560,gbps:0.0271393
cr:0.92869,iter:26,level:12,rank:0,datasize:70,operation:Interpolation
Time:0.000825695,bytes:3832,gbps:0.0371275
cr:1.0761,iter:26,level:12,rank:0,datasize:479,operation:Post-smoothing
Time:0.000153731,bytes:592,gbps:0.0308071
cr:0.950241,iter:26,level:12,rank:0,datasize:74,operation:Interpolation
SZ is downgraded to lossless mode.
SZ is downgraded to lossless mode.
Time:0.000830532,bytes:4664,gbps:0.0449254
cr:1.01193,iter:26,level:12,rank:0,datasize:583,operation:Post-smoothing
Time:0.00019207,bytes:896,gbps:0.0373197
cr:1.04186,iter:26,level:12,rank:0,datasize:112,operation:Interpolation
SZ is downgraded to lossless mode.
SZ is downgraded to lossless mode.
Time:0.000933042,bytes:5880,gbps:0.0504157
cr:1.0166,iter:26,level:12,rank:0,datasize:735,operation:Post-smoothing
Time:0.00029665,bytes:1184,gbps:0.0319299
cr:0.958704,iter:26,level:12,rank:0,datasize:148,operation:Interpolation
SZ is downgraded to lossless mode.
SZ is downgraded to lossless mode.
Time:0.00103929,bytes:7000,gbps:0.0538827
cr:1.01981,iter:26,level:12,rank:0,datasize:875,operation:Post-smoothing
Time:0.00075438,bytes:1600,gbps:0.0169676
cr:0.979792,iter:26,level:12,rank:0,datasize:200,operation:Interpolation
Time:0.00105094,bytes:6328,gbps:0.0481701
cr:1.4056,iter:26,level:12,rank:0,datasize:791,operation:Post-smoothing
Time:0.000532396,bytes:1848,gbps:0.0277688
cr:1.16667,iter:26,level:12,rank:0,datasize:231,operation:Interpolation
Time:0.000826297,bytes:5088,gbps:0.0492607
cr:1.46081,iter:26,level:12,rank:0,datasize:636,operation:Post-smoothing
Time:0.000614682,bytes:1688,gbps:0.0219691
cr:1.30347,iter:26,level:12,rank:0,datasize:211,operation:Interpolation
Time:0.00226321,bytes:4000,gbps:0.0141392
cr:1.03788,iter:26,level:12,rank:0,datasize:500,operation:Post-smoothing
Time:0.00166858,bytes:4000,gbps:0.019178
cr:1.03546,iter:26,level:12,rank:0,datasize:500,operation:Residual-Norm
Time:0.00192758,bytes:4000,gbps:0.0166012
cr:1.03546,iter:27,level:0,rank:0,datasize:500,operation:Pre-Smoothing
Time:0.0015308,bytes:4000,gbps:0.0209041
cr:1.03654,iter:27,level:0,rank:0,datasize:500,operation:Residual
Time:0.000280619,bytes:5088,gbps:0.145051
cr:47.5514,iter:27,level:1,rank:0,datasize:636,operation:Pre-Smoothing
Time:0.000356824,bytes:5088,gbps:0.114073
cr:9.38745,iter:27,level:1,rank:0,datasize:636,operation:Residual
Time:0.000287293,bytes:6328,gbps:0.17621
cr:59.1402,iter:27,level:2,rank:0,datasize:791,operation:Pre-Smoothing
Time:0.000439355,bytes:6328,gbps:0.115223
cr:8.58616,iter:27,level:2,rank:0,datasize:791,operation:Residual
Time:0.000296759,bytes:7000,gbps:0.188705
cr:65.4206,iter:27,level:3,rank:0,datasize:875,operation:Pre-Smoothing
Time:0.000476859,bytes:7000,gbps:0.117435
cr:7,iter:27,level:3,rank:0,datasize:875,operation:Residual
Time:0.000286912,bytes:5880,gbps:0.163953
cr:54.9533,iter:27,level:4,rank:0,datasize:735,operation:Pre-Smoothing
Time:0.000503713,bytes:5880,gbps:0.0933865
cr:4.31718,iter:27,level:4,rank:0,datasize:735,operation:Residual
Time:0.000268708,bytes:4664,gbps:0.138857
cr:43.5888,iter:27,level:5,rank:0,datasize:583,operation:Pre-Smoothing
Time:0.000550029,bytes:4664,gbps:0.0678364
cr:2.54169,iter:27,level:5,rank:0,datasize:583,operation:Residual
Time:0.00026343,bytes:3832,gbps:0.116372
cr:37.2039,iter:27,level:6,rank:0,datasize:479,operation:Pre-Smoothing
Time:0.000560446,bytes:3832,gbps:0.0546993
cr:1.79822,iter:27,level:6,rank:0,datasize:479,operation:Residual
Time:0.000274876,bytes:2944,gbps:0.0856823
cr:28.5825,iter:27,level:7,rank:0,datasize:368,operation:Pre-Smoothing
Time:0.000563747,bytes:2944,gbps:0.0417776
cr:1.51129,iter:27,level:7,rank:0,datasize:368,operation:Residual
Time:0.000249013,bytes:2176,gbps:0.069908
cr:21.1262,iter:27,level:8,rank:0,datasize:272,operation:Pre-Smoothing
Time:0.000541336,bytes:2176,gbps:0.0321575
cr:1.17558,iter:27,level:8,rank:0,datasize:272,operation:Residual
Time:7.5976e-05,bytes:1312,gbps:0.138149
cr:11.9273,iter:27,level:9,rank:0,datasize:164,operation:Pre-Smoothing
Time:0.000168656,bytes:1312,gbps:0.0622332
cr:1.36809,iter:27,level:9,rank:0,datasize:164,operation:Residual
Time:5.7521e-05,bytes:584,gbps:0.0812225
cr:5.30909,iter:27,level:10,rank:0,datasize:73,operation:Pre-Smoothing
Time:0.000105638,bytes:584,gbps:0.0442265
cr:1.10397,iter:27,level:10,rank:0,datasize:73,operation:Residual
Time:4.2789e-05,bytes:216,gbps:0.0403842
cr:1.96364,iter:27,level:11,rank:0,datasize:27,operation:Pre-Smoothing
Time:7.0431e-05,bytes:216,gbps:0.0245347
cr:0.824427,iter:27,level:11,rank:0,datasize:27,operation:Residual
Time:5.9279e-05,bytes:64,gbps:0.00863712
cr:0.528926,iter:27,level:12,rank:0,datasize:8,operation:Interpolation
Time:6.8458e-05,bytes:216,gbps:0.0252418
cr:0.794118,iter:27,level:12,rank:0,datasize:27,operation:Post-smoothing
Time:5.5451e-05,bytes:64,gbps:0.00923338
cr:0.528926,iter:27,level:12,rank:0,datasize:8,operation:Interpolation
Time:0.000109322,bytes:584,gbps:0.0427361
cr:1.06569,iter:27,level:12,rank:0,datasize:73,operation:Post-smoothing
Time:7.5385e-05,bytes:176,gbps:0.0186775
cr:0.755365,iter:27,level:12,rank:0,datasize:22,operation:Interpolation
Time:0.000169064,bytes:1312,gbps:0.062083
cr:1.33605,iter:27,level:12,rank:0,datasize:164,operation:Post-smoothing
Time:8.9805e-05,bytes:256,gbps:0.022805
cr:0.815287,iter:27,level:12,rank:0,datasize:32,operation:Interpolation
Time:0.000545866,bytes:2176,gbps:0.0318906
cr:1.08044,iter:27,level:12,rank:0,datasize:272,operation:Post-smoothing
Time:0.000118734,bytes:368,gbps:0.0247949
cr:0.86385,iter:27,level:12,rank:0,datasize:46,operation:Interpolation
Time:0.000648194,bytes:2944,gbps:0.0363348
cr:1.08156,iter:27,level:12,rank:0,datasize:368,operation:Post-smoothing
Time:0.000162964,bytes:560,gbps:0.0274907
cr:0.910569,iter:27,level:12,rank:0,datasize:70,operation:Interpolation
Time:0.000809938,bytes:3832,gbps:0.0378498
cr:1.07249,iter:27,level:12,rank:0,datasize:479,operation:Post-smoothing
Time:0.000151642,bytes:592,gbps:0.0312315
cr:0.950241,iter:27,level:12,rank:0,datasize:74,operation:Interpolation
SZ is downgraded to lossless mode.
SZ is downgraded to lossless mode.
Time:0.000827884,bytes:4664,gbps:0.0450691
cr:1.01237,iter:27,level:12,rank:0,datasize:583,operation:Post-smoothing
Time:0.000186719,bytes:896,gbps:0.0383892
cr:1.03824,iter:27,level:12,rank:0,datasize:112,operation:Interpolation
SZ is downgraded to lossless mode.
SZ is downgraded to lossless mode.
Time:0.000983321,bytes:5880,gbps:0.0478379
cr:1.01642,iter:27,level:12,rank:0,datasize:735,operation:Post-smoothing
Time:0.000237524,bytes:1184,gbps:0.0398781
cr:0.974486,iter:27,level:12,rank:0,datasize:148,operation:Interpolation
SZ is downgraded to lossless mode.
SZ is downgraded to lossless mode.
Time:0.00112477,bytes:7000,gbps:0.0497877
cr:1.02056,iter:27,level:12,rank:0,datasize:875,operation:Post-smoothing
Time:0.000709527,bytes:1600,gbps:0.0180402
cr:0.983405,iter:27,level:12,rank:0,datasize:200,operation:Interpolation
Time:0.00102996,bytes:6328,gbps:0.0491512
cr:1.40497,iter:27,level:12,rank:0,datasize:791,operation:Post-smoothing
Time:0.000564364,bytes:1848,gbps:0.0261959
cr:1.1514,iter:27,level:12,rank:0,datasize:231,operation:Interpolation
Time:0.000691511,bytes:5088,gbps:0.0588624
cr:1.63286,iter:27,level:12,rank:0,datasize:636,operation:Post-smoothing
Time:0.000541465,bytes:1688,gbps:0.0249397
cr:1.14363,iter:27,level:12,rank:0,datasize:211,operation:Interpolation
Time:0.0023278,bytes:4000,gbps:0.0137469
cr:1.03708,iter:27,level:12,rank:0,datasize:500,operation:Post-smoothing
Time:0.00173567,bytes:4000,gbps:0.0184367
cr:1.03842,iter:27,level:12,rank:0,datasize:500,operation:Residual-Norm
Time:0.00195731,bytes:4000,gbps:0.0163489
cr:1.03842,iter:28,level:0,rank:0,datasize:500,operation:Pre-Smoothing
Time:0.00159415,bytes:4000,gbps:0.0200734
cr:1.03842,iter:28,level:0,rank:0,datasize:500,operation:Residual
Time:0.000274693,bytes:5088,gbps:0.14818
cr:47.5514,iter:28,level:1,rank:0,datasize:636,operation:Pre-Smoothing
Time:0.000345915,bytes:5088,gbps:0.117671
cr:10.1355,iter:28,level:1,rank:0,datasize:636,operation:Residual
Time:0.000290367,bytes:6328,gbps:0.174345
cr:59.1402,iter:28,level:2,rank:0,datasize:791,operation:Pre-Smoothing
Time:0.000425209,bytes:6328,gbps:0.119057
cr:11.443,iter:28,level:2,rank:0,datasize:791,operation:Residual
Time:0.000303973,bytes:7000,gbps:0.184227
cr:65.4206,iter:28,level:3,rank:0,datasize:875,operation:Pre-Smoothing
Time:0.000468899,bytes:7000,gbps:0.119429
cr:6.7243,iter:28,level:3,rank:0,datasize:875,operation:Residual
Time:0.000287998,bytes:5880,gbps:0.163334
cr:54.9533,iter:28,level:4,rank:0,datasize:735,operation:Pre-Smoothing
Time:0.000489134,bytes:5880,gbps:0.09617
cr:4.57944,iter:28,level:4,rank:0,datasize:735,operation:Residual
Time:0.000270595,bytes:4664,gbps:0.137889
cr:43.5888,iter:28,level:5,rank:0,datasize:583,operation:Pre-Smoothing
Time:0.000557415,bytes:4664,gbps:0.0669376
cr:2.76303,iter:28,level:5,rank:0,datasize:583,operation:Residual
Time:0.000260345,bytes:3832,gbps:0.117751
cr:37.2039,iter:28,level:6,rank:0,datasize:479,operation:Pre-Smoothing
Time:0.000563783,bytes:3832,gbps:0.0543755
cr:1.89985,iter:28,level:6,rank:0,datasize:479,operation:Residual
Time:0.000260622,bytes:2944,gbps:0.0903684
cr:28.5825,iter:28,level:7,rank:0,datasize:368,operation:Pre-Smoothing
Time:0.000546072,bytes:2944,gbps:0.0431298
cr:1.57855,iter:28,level:7,rank:0,datasize:368,operation:Residual
Time:0.000249116,bytes:2176,gbps:0.0698791
cr:21.1262,iter:28,level:8,rank:0,datasize:272,operation:Pre-Smoothing
Time:0.000479142,bytes:2176,gbps:0.0363316
cr:1.44297,iter:28,level:8,rank:0,datasize:272,operation:Residual
Time:7.2809e-05,bytes:1312,gbps:0.144158
cr:11.9273,iter:28,level:9,rank:0,datasize:164,operation:Pre-Smoothing
Time:0.000207653,bytes:1312,gbps:0.0505459
cr:1.42145,iter:28,level:9,rank:0,datasize:164,operation:Residual
Time:6.0092e-05,bytes:584,gbps:0.0777475
cr:5.30909,iter:28,level:10,rank:0,datasize:73,operation:Pre-Smoothing
Time:0.000120661,bytes:584,gbps:0.0387201
cr:1.07749,iter:28,level:10,rank:0,datasize:73,operation:Residual
Time:4.3797e-05,bytes:216,gbps:0.0394548
cr:1.96364,iter:28,level:11,rank:0,datasize:27,operation:Pre-Smoothing
Time:6.6034e-05,bytes:216,gbps:0.0261683
cr:0.81203,iter:28,level:11,rank:0,datasize:27,operation:Residual
Time:5.2734e-05,bytes:64,gbps:0.00970911
cr:0.528926,iter:28,level:12,rank:0,datasize:8,operation:Interpolation
Time:6.2611e-05,bytes:216,gbps:0.027599
cr:0.911392,iter:28,level:12,rank:0,datasize:27,operation:Post-smoothing
Time:5.6681e-05,bytes:64,gbps:0.00903301
cr:0.528926,iter:28,level:12,rank:0,datasize:8,operation:Interpolation
Time:0.00010179,bytes:584,gbps:0.0458984
cr:1.19184,iter:28,level:12,rank:0,datasize:73,operation:Post-smoothing
Time:6.9171e-05,bytes:176,gbps:0.0203554
cr:0.755365,iter:28,level:12,rank:0,datasize:22,operation:Interpolation
Time:0.000163632,bytes:1312,gbps:0.0641439
cr:1.32258,iter:28,level:12,rank:0,datasize:164,operation:Post-smoothing
Time:9.2626e-05,bytes:256,gbps:0.0221104
cr:0.815287,iter:28,level:12,rank:0,datasize:32,operation:Interpolation
Time:0.00053518,bytes:2176,gbps:0.0325274
cr:1.11992,iter:28,level:12,rank:0,datasize:272,operation:Post-smoothing
Time:0.000116376,bytes:368,gbps:0.0252973
cr:0.86385,iter:28,level:12,rank:0,datasize:46,operation:Interpolation
Time:0.000628038,bytes:2944,gbps:0.0375009
cr:1.17666,iter:28,level:12,rank:0,datasize:368,operation:Post-smoothing
Time:0.000152966,bytes:560,gbps:0.0292876
cr:0.918033,iter:28,level:12,rank:0,datasize:70,operation:Interpolation
Time:0.000729715,bytes:3832,gbps:0.0420109
cr:1.16262,iter:28,level:12,rank:0,datasize:479,operation:Post-smoothing
Time:0.000145699,bytes:592,gbps:0.0325054
cr:0.962602,iter:28,level:12,rank:0,datasize:74,operation:Interpolation
SZ is downgraded to lossless mode.
SZ is downgraded to lossless mode.
Time:0.000832264,bytes:4664,gbps:0.0448319
cr:1.01303,iter:28,level:12,rank:0,datasize:583,operation:Post-smoothing
Time:0.000187557,bytes:896,gbps:0.0382177
cr:1.05041,iter:28,level:12,rank:0,datasize:112,operation:Interpolation
SZ is downgraded to lossless mode.
SZ is downgraded to lossless mode.
Time:0.00100718,bytes:5880,gbps:0.0467045
cr:1.01783,iter:28,level:12,rank:0,datasize:735,operation:Post-smoothing
Time:0.00022505,bytes:1184,gbps:0.0420884
cr:0.964955,iter:28,level:12,rank:0,datasize:148,operation:Interpolation
SZ is downgraded to lossless mode.
Time:0.00103198,bytes:7000,gbps:0.0542647
cr:1.01937,iter:28,level:12,rank:0,datasize:875,operation:Post-smoothing
Time:0.000698361,bytes:1600,gbps:0.0183286
cr:0.971463,iter:28,level:12,rank:0,datasize:200,operation:Interpolation
Time:0.000985262,bytes:6328,gbps:0.0513813
cr:1.44343,iter:28,level:12,rank:0,datasize:791,operation:Post-smoothing
Time:0.000505659,bytes:1848,gbps:0.0292371
cr:1.24781,iter:28,level:12,rank:0,datasize:231,operation:Interpolation
Time:0.000721807,bytes:5088,gbps:0.0563918
cr:1.56843,iter:28,level:12,rank:0,datasize:636,operation:Post-smoothing
Time:0.000519559,bytes:1688,gbps:0.0259913
cr:1.18706,iter:28,level:12,rank:0,datasize:211,operation:Interpolation
Time:0.00228741,bytes:4000,gbps:0.0139896
cr:1.03681,iter:28,level:12,rank:0,datasize:500,operation:Post-smoothing
Time:0.0017441,bytes:4000,gbps:0.0183475
cr:1.03573,iter:28,level:12,rank:0,datasize:500,operation:Residual-Norm
Time:0.00195906,bytes:4000,gbps:0.0163343
cr:1.03573,iter:29,level:0,rank:0,datasize:500,operation:Pre-Smoothing
Time:0.00156737,bytes:4000,gbps:0.0204163
cr:1.03896,iter:29,level:0,rank:0,datasize:500,operation:Residual
Time:0.000274883,bytes:5088,gbps:0.148078
cr:47.5514,iter:29,level:1,rank:0,datasize:636,operation:Pre-Smoothing
Time:0.000343765,bytes:5088,gbps:0.118406
cr:10.9655,iter:29,level:1,rank:0,datasize:636,operation:Residual
Time:0.000294281,bytes:6328,gbps:0.172026
cr:59.1402,iter:29,level:2,rank:0,datasize:791,operation:Pre-Smoothing
Time:0.000420951,bytes:6328,gbps:0.120261
cr:10.4079,iter:29,level:2,rank:0,datasize:791,operation:Residual
Time:0.000297922,bytes:7000,gbps:0.187969
cr:65.4206,iter:29,level:3,rank:0,datasize:875,operation:Pre-Smoothing
Time:0.000504338,bytes:7000,gbps:0.111037
cr:7.64192,iter:29,level:3,rank:0,datasize:875,operation:Residual
Time:0.00028307,bytes:5880,gbps:0.166178
cr:54.9533,iter:29,level:4,rank:0,datasize:735,operation:Pre-Smoothing
Time:0.000480324,bytes:5880,gbps:0.0979339
cr:4.91228,iter:29,level:4,rank:0,datasize:735,operation:Residual
Time:0.000268164,bytes:4664,gbps:0.139139
cr:43.5888,iter:29,level:5,rank:0,datasize:583,operation:Pre-Smoothing
Time:0.000508715,bytes:4664,gbps:0.0733456
cr:3.02857,iter:29,level:5,rank:0,datasize:583,operation:Residual
Time:0.000255928,bytes:3832,gbps:0.119784
cr:37.2039,iter:29,level:6,rank:0,datasize:479,operation:Pre-Smoothing
Time:0.000534479,bytes:3832,gbps:0.0573568
cr:2.12182,iter:29,level:6,rank:0,datasize:479,operation:Residual
Time:0.000264552,bytes:2944,gbps:0.089026
cr:28.5825,iter:29,level:7,rank:0,datasize:368,operation:Pre-Smoothing
Time:0.000536462,bytes:2944,gbps:0.0439025
cr:1.79184,iter:29,level:7,rank:0,datasize:368,operation:Residual
Time:0.00025154,bytes:2176,gbps:0.0692057
cr:21.1262,iter:29,level:8,rank:0,datasize:272,operation:Pre-Smoothing
Time:0.000475006,bytes:2176,gbps:0.036648
cr:1.47027,iter:29,level:8,rank:0,datasize:272,operation:Residual
Time:7.305e-05,bytes:1312,gbps:0.143682
cr:11.9273,iter:29,level:9,rank:0,datasize:164,operation:Pre-Smoothing
Time:0.000158491,bytes:1312,gbps:0.0662246
cr:1.51152,iter:29,level:9,rank:0,datasize:164,operation:Residual
Time:5.7789e-05,bytes:584,gbps:0.0808458
cr:5.30909,iter:29,level:10,rank:0,datasize:73,operation:Pre-Smoothing
Time:0.000101391,bytes:584,gbps:0.046079
cr:1.14961,iter:29,level:10,rank:0,datasize:73,operation:Residual
Time:4.3116e-05,bytes:216,gbps:0.0400779
cr:1.96364,iter:29,level:11,rank:0,datasize:27,operation:Pre-Smoothing
Time:6.6319e-05,bytes:216,gbps:0.0260559
cr:0.81203,iter:29,level:11,rank:0,datasize:27,operation:Residual
Time:5.6345e-05,bytes:64,gbps:0.00908688
cr:0.528926,iter:29,level:12,rank:0,datasize:8,operation:Interpolation
Time:6.4227e-05,bytes:216,gbps:0.0269046
cr:0.874494,iter:29,level:12,rank:0,datasize:27,operation:Post-smoothing
Time:5.0354e-05,bytes:64,gbps:0.010168
cr:0.528926,iter:29,level:12,rank:0,datasize:8,operation:Interpolation
Time:0.000100452,bytes:584,gbps:0.0465098
cr:1.10816,iter:29,level:12,rank:0,datasize:73,operation:Post-smoothing
Time:6.7792e-05,bytes:176,gbps:0.0207694
cr:0.755365,iter:29,level:12,rank:0,datasize:22,operation:Interpolation
Time:0.000157291,bytes:1312,gbps:0.0667298
cr:1.42145,iter:29,level:12,rank:0,datasize:164,operation:Post-smoothing
Time:8.7869e-05,bytes:256,gbps:0.0233074
cr:0.815287,iter:29,level:12,rank:0,datasize:32,operation:Interpolation
Time:0.00055185,bytes:2176,gbps:0.0315448
cr:1.14106,iter:29,level:12,rank:0,datasize:272,operation:Post-smoothing
Time:0.000114731,bytes:368,gbps:0.02566
cr:0.86385,iter:29,level:12,rank:0,datasize:46,operation:Interpolation
Time:0.000642244,bytes:2944,gbps:0.0366714
cr:1.13844,iter:29,level:12,rank:0,datasize:368,operation:Post-smoothing
Time:0.000149871,bytes:560,gbps:0.0298924
cr:0.930233,iter:29,level:12,rank:0,datasize:70,operation:Interpolation
Time:0.000748728,bytes:3832,gbps:0.0409441
cr:1.16651,iter:29,level:12,rank:0,datasize:479,operation:Post-smoothing
Time:0.000152171,bytes:592,gbps:0.0311229
cr:0.956381,iter:29,level:12,rank:0,datasize:74,operation:Interpolation
Time:0.00078163,bytes:4664,gbps:0.0477361
cr:1.24906,iter:29,level:12,rank:0,datasize:583,operation:Post-smoothing
Time:0.000178044,bytes:896,gbps:0.0402597
cr:1.0566,iter:29,level:12,rank:0,datasize:112,operation:Interpolation
Time:0.000898054,bytes:5880,gbps:0.0523799
cr:1.27245,iter:29,level:12,rank:0,datasize:735,operation:Post-smoothing
Time:0.000218697,bytes:1184,gbps:0.0433111
cr:0.972085,iter:29,level:12,rank:0,datasize:148,operation:Interpolation
Time:0.000978614,bytes:7000,gbps:0.0572238
cr:1.38751,iter:29,level:12,rank:0,datasize:875,operation:Post-smoothing
Time:0.000704576,bytes:1600,gbps:0.018167
cr:0.993172,iter:29,level:12,rank:0,datasize:200,operation:Interpolation
Time:0.000895092,bytes:6328,gbps:0.0565573
cr:1.63009,iter:29,level:12,rank:0,datasize:791,operation:Post-smoothing
Time:0.000538455,bytes:1848,gbps:0.0274563
cr:1.19226,iter:29,level:12,rank:0,datasize:231,operation:Interpolation
Time:0.000779503,bytes:5088,gbps:0.0522179
cr:1.61935,iter:29,level:12,rank:0,datasize:636,operation:Post-smoothing
Time:0.000491831,bytes:1688,gbps:0.0274566
cr:1.26537,iter:29,level:12,rank:0,datasize:211,operation:Interpolation
Time:0.00231538,bytes:4000,gbps:0.0138206
cr:1.03734,iter:29,level:12,rank:0,datasize:500,operation:Post-smoothing
Time:0.00169352,bytes:4000,gbps:0.0188956
cr:1.03708,iter:29,level:12,rank:0,datasize:500,operation:Residual-Norm
Time:0.00198147,bytes:4000,gbps:0.0161496
cr:1.03708,iter:30,level:0,rank:0,datasize:500,operation:Pre-Smoothing
Time:0.00165255,bytes:4000,gbps:0.019364
cr:1.03842,iter:30,level:0,rank:0,datasize:500,operation:Residual
Time:0.000276162,bytes:5088,gbps:0.147392
cr:47.5514,iter:30,level:1,rank:0,datasize:636,operation:Pre-Smoothing
Time:0.000337141,bytes:5088,gbps:0.120733
cr:14.8772,iter:30,level:1,rank:0,datasize:636,operation:Residual
Time:0.000311873,bytes:6328,gbps:0.162322
cr:59.1402,iter:30,level:2,rank:0,datasize:791,operation:Pre-Smoothing
Time:0.000415734,bytes:6328,gbps:0.12177
cr:11.5686,iter:30,level:2,rank:0,datasize:791,operation:Residual
Time:0.000299219,bytes:7000,gbps:0.187154
cr:65.4206,iter:30,level:3,rank:0,datasize:875,operation:Pre-Smoothing
Time:0.00046128,bytes:7000,gbps:0.121401
cr:7.52688,iter:30,level:3,rank:0,datasize:875,operation:Residual
Time:0.000284338,bytes:5880,gbps:0.165437
cr:54.9533,iter:30,level:4,rank:0,datasize:735,operation:Pre-Smoothing
Time:0.00047594,bytes:5880,gbps:0.098836
cr:5.31646,iter:30,level:4,rank:0,datasize:735,operation:Residual
Time:0.000270028,bytes:4664,gbps:0.138178
cr:43.5888,iter:30,level:5,rank:0,datasize:583,operation:Pre-Smoothing
Time:0.000483986,bytes:4664,gbps:0.0770931
cr:3.57395,iter:30,level:5,rank:0,datasize:583,operation:Residual
Time:0.000263325,bytes:3832,gbps:0.116419
cr:37.2039,iter:30,level:6,rank:0,datasize:479,operation:Pre-Smoothing
Time:0.000543704,bytes:3832,gbps:0.0563836
cr:2.27824,iter:30,level:6,rank:0,datasize:479,operation:Residual
Time:0.000269944,bytes:2944,gbps:0.0872477
cr:28.5825,iter:30,level:7,rank:0,datasize:368,operation:Pre-Smoothing
Time:0.000550864,bytes:2944,gbps:0.0427547
cr:1.76182,iter:30,level:7,rank:0,datasize:368,operation:Residual
Time:0.000247481,bytes:2176,gbps:0.0703408
cr:21.1262,iter:30,level:8,rank:0,datasize:272,operation:Pre-Smoothing
Time:0.000470836,bytes:2176,gbps:0.0369725
cr:1.68682,iter:30,level:8,rank:0,datasize:272,operation:Residual
Time:7.5874e-05,bytes:1312,gbps:0.138335
cr:11.9273,iter:30,level:9,rank:0,datasize:164,operation:Pre-Smoothing
Time:0.000158794,bytes:1312,gbps:0.0660982
cr:1.52736,iter:30,level:9,rank:0,datasize:164,operation:Residual
Time:5.4835e-05,bytes:584,gbps:0.0852011
cr:5.30909,iter:30,level:10,rank:0,datasize:73,operation:Pre-Smoothing
Time:0.000101523,bytes:584,gbps:0.0460191
cr:1.22689,iter:30,level:10,rank:0,datasize:73,operation:Residual
Time:4.407e-05,bytes:216,gbps:0.0392103
cr:1.96364,iter:30,level:11,rank:0,datasize:27,operation:Pre-Smoothing
Time:6.4403e-05,bytes:216,gbps:0.026831
cr:0.93913,iter:30,level:11,rank:0,datasize:27,operation:Residual
Time:4.9601e-05,bytes:64,gbps:0.0103224
cr:0.528926,iter:30,level:12,rank:0,datasize:8,operation:Interpolation
Time:6.4035e-05,bytes:216,gbps:0.0269852
cr:0.896266,iter:30,level:12,rank:0,datasize:27,operation:Post-smoothing
Time:5.2399e-05,bytes:64,gbps:0.00977118
cr:0.528926,iter:30,level:12,rank:0,datasize:8,operation:Interpolation
Time:0.000100559,bytes:584,gbps:0.0464603
cr:1.14062,iter:30,level:12,rank:0,datasize:73,operation:Post-smoothing
Time:7.0714e-05,bytes:176,gbps:0.0199112
cr:0.755365,iter:30,level:12,rank:0,datasize:22,operation:Interpolation
Time:0.000155535,bytes:1312,gbps:0.0674832
cr:1.47914,iter:30,level:12,rank:0,datasize:164,operation:Post-smoothing
Time:8.7384e-05,bytes:256,gbps:0.0234368
cr:0.815287,iter:30,level:12,rank:0,datasize:32,operation:Interpolation
Time:0.000544505,bytes:2176,gbps:0.0319703
cr:1.13392,iter:30,level:12,rank:0,datasize:272,operation:Post-smoothing
Time:0.00011294,bytes:368,gbps:0.0260669
cr:0.86385,iter:30,level:12,rank:0,datasize:46,operation:Interpolation
Time:0.000611626,bytes:2944,gbps:0.0385072
cr:1.23854,iter:30,level:12,rank:0,datasize:368,operation:Post-smoothing
Time:0.000154594,bytes:560,gbps:0.0289791
cr:0.934891,iter:30,level:12,rank:0,datasize:70,operation:Interpolation
Time:0.000727541,bytes:3832,gbps:0.0421365
cr:1.19563,iter:30,level:12,rank:0,datasize:479,operation:Post-smoothing
Time:0.000142786,bytes:592,gbps:0.0331685
cr:0.957929,iter:30,level:12,rank:0,datasize:74,operation:Interpolation
Time:0.000738983,bytes:4664,gbps:0.050491
cr:1.35267,iter:30,level:12,rank:0,datasize:583,operation:Post-smoothing
Time:0.000173633,bytes:896,gbps:0.0412825
cr:1.04551,iter:30,level:12,rank:0,datasize:112,operation:Interpolation
Time:0.000846104,bytes:5880,gbps:0.055596
cr:1.47295,iter:30,level:12,rank:0,datasize:735,operation:Post-smoothing
Time:0.00022347,bytes:1184,gbps:0.042386
cr:0.994958,iter:30,level:12,rank:0,datasize:148,operation:Interpolation
Time:0.000905365,bytes:7000,gbps:0.0618535
cr:1.65367,iter:30,level:12,rank:0,datasize:875,operation:Post-smoothing
Time:0.000626744,bytes:1600,gbps:0.020423
cr:1.07744,iter:30,level:12,rank:0,datasize:200,operation:Interpolation
Time:0.000865661,bytes:6328,gbps:0.0584802
cr:1.65741,iter:30,level:12,rank:0,datasize:791,operation:Post-smoothing
Time:0.000489386,bytes:1848,gbps:0.0302093
cr:1.30416,iter:30,level:12,rank:0,datasize:231,operation:Interpolation
Time:0.000704466,bytes:5088,gbps:0.0577799
cr:1.75812,iter:30,level:12,rank:0,datasize:636,operation:Post-smoothing
Time:0.00047632,bytes:1688,gbps:0.0283507
cr:1.34717,iter:30,level:12,rank:0,datasize:211,operation:Interpolation
Time:0.0023452,bytes:4000,gbps:0.0136449
cr:1.03761,iter:30,level:12,rank:0,datasize:500,operation:Post-smoothing
Time:0.00175344,bytes:4000,gbps:0.0182499
cr:1.03842,iter:30,level:12,rank:0,datasize:500,operation:Residual-Norm
Time:0.00194046,bytes:4000,gbps:0.016491
cr:1.03842,iter:31,level:0,rank:0,datasize:500,operation:Pre-Smoothing
Time:0.00164152,bytes:4000,gbps:0.0194941
cr:1.03761,iter:31,level:0,rank:0,datasize:500,operation:Residual
Time:0.000275069,bytes:5088,gbps:0.147977
cr:47.5514,iter:31,level:1,rank:0,datasize:636,operation:Pre-Smoothing
Time:0.000338074,bytes:5088,gbps:0.1204
cr:13.1473,iter:31,level:1,rank:0,datasize:636,operation:Residual
Time:0.000295635,bytes:6328,gbps:0.171238
cr:59.1402,iter:31,level:2,rank:0,datasize:791,operation:Pre-Smoothing
Time:0.000417503,bytes:6328,gbps:0.121254
cr:12.3594,iter:31,level:2,rank:0,datasize:791,operation:Residual
Time:0.00029677,bytes:7000,gbps:0.188698
cr:65.4206,iter:31,level:3,rank:0,datasize:875,operation:Pre-Smoothing
Time:0.000474193,bytes:7000,gbps:0.118095
cr:9.32091,iter:31,level:3,rank:0,datasize:875,operation:Residual
Time:0.000285088,bytes:5880,gbps:0.165002
cr:54.9533,iter:31,level:4,rank:0,datasize:735,operation:Pre-Smoothing
Time:0.000467098,bytes:5880,gbps:0.100707
cr:5.65385,iter:31,level:4,rank:0,datasize:735,operation:Residual
Time:0.000268319,bytes:4664,gbps:0.139058
cr:43.5888,iter:31,level:5,rank:0,datasize:583,operation:Pre-Smoothing
Time:0.000467081,bytes:4664,gbps:0.0798834
cr:3.93255,iter:31,level:5,rank:0,datasize:583,operation:Residual
Time:0.000257435,bytes:3832,gbps:0.119082
cr:37.2039,iter:31,level:6,rank:0,datasize:479,operation:Pre-Smoothing
Time:0.000523366,bytes:3832,gbps:0.0585747
cr:2.2344,iter:31,level:6,rank:0,datasize:479,operation:Residual
Time:0.000264557,bytes:2944,gbps:0.0890243
cr:28.5825,iter:31,level:7,rank:0,datasize:368,operation:Pre-Smoothing
Time:0.000514637,bytes:2944,gbps:0.0457643
cr:1.86802,iter:31,level:7,rank:0,datasize:368,operation:Residual
Time:0.000246327,bytes:2176,gbps:0.0706703
cr:21.1262,iter:31,level:8,rank:0,datasize:272,operation:Pre-Smoothing
Time:0.000460286,bytes:2176,gbps:0.03782
cr:1.56098,iter:31,level:8,rank:0,datasize:272,operation:Residual
Time:7.4169e-05,bytes:1312,gbps:0.141515
cr:11.9273,iter:31,level:9,rank:0,datasize:164,operation:Pre-Smoothing
Time:0.000145135,bytes:1312,gbps:0.0723189
cr:1.69509,iter:31,level:9,rank:0,datasize:164,operation:Residual
Time:5.2896e-05,bytes:584,gbps:0.0883243
cr:5.30909,iter:31,level:10,rank:0,datasize:73,operation:Pre-Smoothing
Time:9.5992e-05,bytes:584,gbps:0.0486707
cr:1.20661,iter:31,level:10,rank:0,datasize:73,operation:Residual
Time:4.2319e-05,bytes:216,gbps:0.0408327
cr:1.96364,iter:31,level:11,rank:0,datasize:27,operation:Pre-Smoothing
Time:6.1555e-05,bytes:216,gbps:0.0280725
cr:0.96,iter:31,level:11,rank:0,datasize:27,operation:Residual
Time:4.8363e-05,bytes:64,gbps:0.0105866
cr:0.528926,iter:31,level:12,rank:0,datasize:8,operation:Interpolation
Time:6.5245e-05,bytes:216,gbps:0.0264848
cr:0.815094,iter:31,level:12,rank:0,datasize:27,operation:Post-smoothing
Time:5.1039e-05,bytes:64,gbps:0.0100315
cr:0.528926,iter:31,level:12,rank:0,datasize:8,operation:Interpolation
Time:9.8918e-05,bytes:584,gbps:0.047231
cr:1.14961,iter:31,level:12,rank:0,datasize:73,operation:Post-smoothing
Time:6.7606e-05,bytes:176,gbps:0.0208266
cr:0.755365,iter:31,level:12,rank:0,datasize:22,operation:Interpolation
Time:0.000149786,bytes:1312,gbps:0.0700733
cr:1.49601,iter:31,level:12,rank:0,datasize:164,operation:Post-smoothing
Time:8.3515e-05,bytes:256,gbps:0.0245225
cr:0.815287,iter:31,level:12,rank:0,datasize:32,operation:Interpolation
Time:0.00048337,bytes:2176,gbps:0.0360138
cr:1.35239,iter:31,level:12,rank:0,datasize:272,operation:Post-smoothing
Time:0.000108202,bytes:368,gbps:0.0272084
cr:0.86385,iter:31,level:12,rank:0,datasize:46,operation:Interpolation
Time:0.00062559,bytes:2944,gbps:0.0376477
cr:1.24219,iter:31,level:12,rank:0,datasize:368,operation:Post-smoothing
Time:0.00013605,bytes:560,gbps:0.0329291
cr:0.949153,iter:31,level:12,rank:0,datasize:70,operation:Interpolation
Time:0.000693438,bytes:3832,gbps:0.0442087
cr:1.24699,iter:31,level:12,rank:0,datasize:479,operation:Post-smoothing
Time:0.000139364,bytes:592,gbps:0.033983
cr:0.994958,iter:31,level:12,rank:0,datasize:74,operation:Interpolation
Time:0.00071289,bytes:4664,gbps:0.0523391
cr:1.43862,iter:31,level:12,rank:0,datasize:583,operation:Post-smoothing
Time:0.000171109,bytes:896,gbps:0.0418914
cr:1.06667,iter:31,level:12,rank:0,datasize:112,operation:Interpolation
Time:0.000845523,bytes:5880,gbps:0.0556342
cr:1.4094,iter:31,level:12,rank:0,datasize:735,operation:Post-smoothing
Time:0.000209171,bytes:1184,gbps:0.0452835
cr:1.19355,iter:31,level:12,rank:0,datasize:148,operation:Interpolation
Time:0.00091531,bytes:7000,gbps:0.0611815
cr:1.51515,iter:31,level:12,rank:0,datasize:875,operation:Post-smoothing
Time:0.000567994,bytes:1600,gbps:0.0225354
cr:1.08108,iter:31,level:12,rank:0,datasize:200,operation:Interpolation
Time:0.000851978,bytes:6328,gbps:0.0594194
cr:1.79314,iter:31,level:12,rank:0,datasize:791,operation:Post-smoothing
Time:0.000479121,bytes:1848,gbps:0.0308565
cr:1.36183,iter:31,level:12,rank:0,datasize:231,operation:Interpolation
Time:0.00065138,bytes:5088,gbps:0.0624889
cr:1.85761,iter:31,level:12,rank:0,datasize:636,operation:Post-smoothing
Time:0.000463594,bytes:1688,gbps:0.0291289
cr:1.358,iter:31,level:12,rank:0,datasize:211,operation:Interpolation
Time:0.00232053,bytes:4000,gbps:0.01379
cr:1.03896,iter:31,level:12,rank:0,datasize:500,operation:Post-smoothing
Time:0.00179903,bytes:4000,gbps:0.0177873
cr:1.03896,iter:31,level:12,rank:0,datasize:500,operation:Residual-Norm
Time:0.00201989,bytes:4000,gbps:0.0158424
cr:1.03896,iter:32,level:0,rank:0,datasize:500,operation:Pre-Smoothing
Time:0.0016695,bytes:4000,gbps:0.0191674
cr:1.03654,iter:32,level:0,rank:0,datasize:500,operation:Residual
Time:0.000297474,bytes:5088,gbps:0.136832
cr:47.5514,iter:32,level:1,rank:0,datasize:636,operation:Pre-Smoothing
Time:0.000335459,bytes:5088,gbps:0.121338
cr:17.1892,iter:32,level:1,rank:0,datasize:636,operation:Residual
Time:0.000305381,bytes:6328,gbps:0.165773
cr:59.1402,iter:32,level:2,rank:0,datasize:791,operation:Pre-Smoothing
Time:0.000400423,bytes:6328,gbps:0.126426
cr:13.3502,iter:32,level:2,rank:0,datasize:791,operation:Residual
Time:0.000296363,bytes:7000,gbps:0.188957
cr:65.4206,iter:32,level:3,rank:0,datasize:875,operation:Pre-Smoothing
Time:0.000456412,bytes:7000,gbps:0.122696
cr:8.11124,iter:32,level:3,rank:0,datasize:875,operation:Residual
Time:0.000297683,bytes:5880,gbps:0.15802
cr:54.9533,iter:32,level:4,rank:0,datasize:735,operation:Pre-Smoothing
Time:0.000474184,bytes:5880,gbps:0.099202
cr:6.20908,iter:32,level:4,rank:0,datasize:735,operation:Residual
Time:0.000282783,bytes:4664,gbps:0.131946
cr:43.5888,iter:32,level:5,rank:0,datasize:583,operation:Pre-Smoothing
Time:0.000473723,bytes:4664,gbps:0.0787633
cr:4.26325,iter:32,level:5,rank:0,datasize:583,operation:Residual
Time:0.000262543,bytes:3832,gbps:0.116766
cr:37.2039,iter:32,level:6,rank:0,datasize:479,operation:Pre-Smoothing
Time:0.000516788,bytes:3832,gbps:0.0593203
cr:2.27284,iter:32,level:6,rank:0,datasize:479,operation:Residual
Time:0.00025761,bytes:2944,gbps:0.091425
cr:28.5825,iter:32,level:7,rank:0,datasize:368,operation:Pre-Smoothing
Time:0.000497067,bytes:2944,gbps:0.0473819
cr:2.04444,iter:32,level:7,rank:0,datasize:368,operation:Residual
Time:0.000245448,bytes:2176,gbps:0.0709234
cr:21.1262,iter:32,level:8,rank:0,datasize:272,operation:Pre-Smoothing
Time:0.00045853,bytes:2176,gbps:0.0379648
cr:1.59064,iter:32,level:8,rank:0,datasize:272,operation:Residual
Time:7.4844e-05,bytes:1312,gbps:0.140238
cr:11.9273,iter:32,level:9,rank:0,datasize:164,operation:Pre-Smoothing
Time:0.000143734,bytes:1312,gbps:0.0730238
cr:1.747,iter:32,level:9,rank:0,datasize:164,operation:Residual
Time:5.2895e-05,bytes:584,gbps:0.0883259
cr:5.30909,iter:32,level:10,rank:0,datasize:73,operation:Pre-Smoothing
Time:9.9704e-05,bytes:584,gbps:0.0468587
cr:1.26681,iter:32,level:10,rank:0,datasize:73,operation:Residual
Time:4.2903e-05,bytes:216,gbps:0.0402769
cr:1.96364,iter:32,level:11,rank:0,datasize:27,operation:Pre-Smoothing
Time:6.1744e-05,bytes:216,gbps:0.0279865
cr:1.00465,iter:32,level:11,rank:0,datasize:27,operation:Residual
Time:4.7469e-05,bytes:64,gbps:0.010786
cr:0.528926,iter:32,level:12,rank:0,datasize:8,operation:Interpolation
Time:6.4367e-05,bytes:216,gbps:0.0268461
cr:0.860558,iter:32,level:12,rank:0,datasize:27,operation:Post-smoothing
Time:5.0054e-05,bytes:64,gbps:0.010229
cr:0.528926,iter:32,level:12,rank:0,datasize:8,operation:Interpolation
Time:9.7947e-05,bytes:584,gbps:0.0476993
cr:1.17742,iter:32,level:12,rank:0,datasize:73,operation:Post-smoothing
Time:6.6986e-05,bytes:176,gbps:0.0210193
cr:0.755365,iter:32,level:12,rank:0,datasize:22,operation:Interpolation
Time:0.000144075,bytes:1312,gbps:0.0728509
cr:1.64205,iter:32,level:12,rank:0,datasize:164,operation:Post-smoothing
Time:8.059e-05,bytes:256,gbps:0.0254126
cr:0.815287,iter:32,level:12,rank:0,datasize:32,operation:Interpolation
Time:0.000497705,bytes:2176,gbps:0.0349765
cr:1.29524,iter:32,level:12,rank:0,datasize:272,operation:Post-smoothing
Time:0.000106678,bytes:368,gbps:0.0275971
cr:0.86385,iter:32,level:12,rank:0,datasize:46,operation:Interpolation
Time:0.000572248,bytes:2944,gbps:0.041157
cr:1.31194,iter:32,level:12,rank:0,datasize:368,operation:Post-smoothing
Time:0.000143077,bytes:560,gbps:0.0313118
cr:0.915033,iter:32,level:12,rank:0,datasize:70,operation:Interpolation
Time:0.000690943,bytes:3832,gbps:0.0443683
cr:1.32825,iter:32,level:12,rank:0,datasize:479,operation:Post-smoothing
Time:0.00013867,bytes:592,gbps:0.034153
cr:1.01718,iter:32,level:12,rank:0,datasize:74,operation:Interpolation
Time:0.000734181,bytes:4664,gbps:0.0508213
cr:1.34023,iter:32,level:12,rank:0,datasize:583,operation:Post-smoothing
Time:0.000168386,bytes:896,gbps:0.0425689
cr:1.0967,iter:32,level:12,rank:0,datasize:112,operation:Interpolation
Time:0.000790608,bytes:5880,gbps:0.0594985
cr:1.69795,iter:32,level:12,rank:0,datasize:735,operation:Post-smoothing
Time:0.000192092,bytes:1184,gbps:0.0493097
cr:1.18756,iter:32,level:12,rank:0,datasize:148,operation:Interpolation
Time:0.000802025,bytes:7000,gbps:0.0698233
cr:1.86966,iter:32,level:12,rank:0,datasize:875,operation:Post-smoothing
Time:0.000528783,bytes:1600,gbps:0.0242065
cr:1.14695,iter:32,level:12,rank:0,datasize:200,operation:Interpolation
Time:0.000785119,bytes:6328,gbps:0.0644794
cr:1.88277,iter:32,level:12,rank:0,datasize:791,operation:Post-smoothing
Time:0.000480426,bytes:1848,gbps:0.0307727
cr:1.35187,iter:32,level:12,rank:0,datasize:231,operation:Interpolation
Time:0.000626383,bytes:5088,gbps:0.0649826
cr:1.97362,iter:32,level:12,rank:0,datasize:636,operation:Post-smoothing
Time:0.000452383,bytes:1688,gbps:0.0298508
cr:1.59848,iter:32,level:12,rank:0,datasize:211,operation:Interpolation
Time:0.00233783,bytes:4000,gbps:0.0136879
cr:1.03788,iter:32,level:12,rank:0,datasize:500,operation:Post-smoothing
Time:0.00190035,bytes:4000,gbps:0.016839
cr:1.03734,iter:32,level:12,rank:0,datasize:500,operation:Residual-Norm
Time:0.00193339,bytes:4000,gbps:0.0165513
cr:1.03734,iter:33,level:0,rank:0,datasize:500,operation:Pre-Smoothing
Time:0.00157681,bytes:4000,gbps:0.0202942
cr:1.03654,iter:33,level:0,rank:0,datasize:500,operation:Residual
Time:0.000296751,bytes:5088,gbps:0.137166
cr:47.5514,iter:33,level:1,rank:0,datasize:636,operation:Pre-Smoothing
Time:0.000339839,bytes:5088,gbps:0.119774
cr:18.9851,iter:33,level:1,rank:0,datasize:636,operation:Residual
Time:0.000307355,bytes:6328,gbps:0.164709
cr:59.1402,iter:33,level:2,rank:0,datasize:791,operation:Pre-Smoothing
Time:0.000385586,bytes:6328,gbps:0.131291
cr:14.6481,iter:33,level:2,rank:0,datasize:791,operation:Residual
Time:0.000307583,bytes:7000,gbps:0.182065
cr:65.4206,iter:33,level:3,rank:0,datasize:875,operation:Pre-Smoothing
Time:0.000488321,bytes:7000,gbps:0.114679
cr:10.574,iter:33,level:3,rank:0,datasize:875,operation:Residual
Time:0.000286153,bytes:5880,gbps:0.164388
cr:54.9533,iter:33,level:4,rank:0,datasize:735,operation:Pre-Smoothing
Time:0.00044268,bytes:5880,gbps:0.106262
cr:6.65912,iter:33,level:4,rank:0,datasize:735,operation:Residual
Time:0.000265112,bytes:4664,gbps:0.140741
cr:43.5888,iter:33,level:5,rank:0,datasize:583,operation:Pre-Smoothing
Time:0.000427557,bytes:4664,gbps:0.0872679
cr:5.03128,iter:33,level:5,rank:0,datasize:583,operation:Residual
Time:0.000253104,bytes:3832,gbps:0.12112
cr:37.2039,iter:33,level:6,rank:0,datasize:479,operation:Pre-Smoothing
Time:0.000462556,bytes:3832,gbps:0.0662752
cr:2.93415,iter:33,level:6,rank:0,datasize:479,operation:Residual
Time:0.000268918,bytes:2944,gbps:0.0875806
cr:28.5825,iter:33,level:7,rank:0,datasize:368,operation:Pre-Smoothing
Time:0.000461918,bytes:2944,gbps:0.0509874
cr:2.74883,iter:33,level:7,rank:0,datasize:368,operation:Residual
Time:0.00024269,bytes:2176,gbps:0.0717294
cr:21.1262,iter:33,level:8,rank:0,datasize:272,operation:Pre-Smoothing
Time:0.000435123,bytes:2176,gbps:0.0400071
cr:2.07041,iter:33,level:8,rank:0,datasize:272,operation:Residual
Time:6.9891e-05,bytes:1312,gbps:0.150177
cr:11.9273,iter:33,level:9,rank:0,datasize:164,operation:Pre-Smoothing
Time:0.0001386,bytes:1312,gbps:0.0757287
cr:1.74468,iter:33,level:9,rank:0,datasize:164,operation:Residual
Time:5.3175e-05,bytes:584,gbps:0.0878608
cr:5.30909,iter:33,level:10,rank:0,datasize:73,operation:Pre-Smoothing
Time:9.1199e-05,bytes:584,gbps:0.0512286
cr:1.35499,iter:33,level:10,rank:0,datasize:73,operation:Residual
Time:4.6691e-05,bytes:216,gbps:0.0370093
cr:1.96364,iter:33,level:11,rank:0,datasize:27,operation:Pre-Smoothing
Time:6.0277e-05,bytes:216,gbps:0.0286677
cr:1.08543,iter:33,level:11,rank:0,datasize:27,operation:Residual
Time:5.216e-05,bytes:64,gbps:0.00981595
cr:0.528926,iter:33,level:12,rank:0,datasize:8,operation:Interpolation
Time:6.5211e-05,bytes:216,gbps:0.0264986
cr:0.915254,iter:33,level:12,rank:0,datasize:27,operation:Post-smoothing
Time:4.9454e-05,bytes:64,gbps:0.0103531
cr:0.528926,iter:33,level:12,rank:0,datasize:8,operation:Interpolation
Time:9.5302e-05,bytes:584,gbps:0.0490231
cr:1.28918,iter:33,level:12,rank:0,datasize:73,operation:Post-smoothing
Time:7.0377e-05,bytes:176,gbps:0.0200065
cr:0.755365,iter:33,level:12,rank:0,datasize:22,operation:Interpolation
Time:0.00014325,bytes:1312,gbps:0.0732705
cr:1.6,iter:33,level:12,rank:0,datasize:164,operation:Post-smoothing
Time:7.9179e-05,bytes:256,gbps:0.0258654
cr:0.825806,iter:33,level:12,rank:0,datasize:32,operation:Interpolation
Time:0.000472788,bytes:2176,gbps:0.0368199
cr:1.51427,iter:33,level:12,rank:0,datasize:272,operation:Post-smoothing
Time:0.000102869,bytes:368,gbps:0.0286189
cr:0.86385,iter:33,level:12,rank:0,datasize:46,operation:Interpolation
Time:0.000570173,bytes:2944,gbps:0.0413068
cr:1.35731,iter:33,level:12,rank:0,datasize:368,operation:Post-smoothing
Time:0.000139331,bytes:560,gbps:0.0321536
cr:0.957265,iter:33,level:12,rank:0,datasize:70,operation:Interpolation
Time:0.00064097,bytes:3832,gbps:0.0478275
cr:1.41142,iter:33,level:12,rank:0,datasize:479,operation:Post-smoothing
Time:0.00012897,bytes:592,gbps:0.0367217
cr:1.03316,iter:33,level:12,rank:0,datasize:74,operation:Interpolation
Time:0.000695395,bytes:4664,gbps:0.0536558
cr:1.50403,iter:33,level:12,rank:0,datasize:583,operation:Post-smoothing
Time:0.000160847,bytes:896,gbps:0.0445641
cr:1.13274,iter:33,level:12,rank:0,datasize:112,operation:Interpolation
Time:0.000766359,bytes:5880,gbps:0.0613812
cr:1.60568,iter:33,level:12,rank:0,datasize:735,operation:Post-smoothing
Time:0.000182322,bytes:1184,gbps:0.051952
cr:1.25424,iter:33,level:12,rank:0,datasize:148,operation:Interpolation
Time:0.000802332,bytes:7000,gbps:0.0697965
cr:1.82244,iter:33,level:12,rank:0,datasize:875,operation:Post-smoothing
Time:0.000511728,bytes:1600,gbps:0.0250133
cr:1.15274,iter:33,level:12,rank:0,datasize:200,operation:Interpolation
Time:0.000767927,bytes:6328,gbps:0.0659229
cr:1.88614,iter:33,level:12,rank:0,datasize:791,operation:Post-smoothing
Time:0.000466023,bytes:1848,gbps:0.0317238
cr:1.41393,iter:33,level:12,rank:0,datasize:231,operation:Interpolation
Time:0.000606857,bytes:5088,gbps:0.0670735
cr:2.06075,iter:33,level:12,rank:0,datasize:636,operation:Post-smoothing
Time:0.000455877,bytes:1688,gbps:0.029622
cr:1.38361,iter:33,level:12,rank:0,datasize:211,operation:Interpolation
Time:0.00230419,bytes:4000,gbps:0.0138878
cr:1.03734,iter:33,level:12,rank:0,datasize:500,operation:Post-smoothing
Time:0.00171026,bytes:4000,gbps:0.0187106
cr:1.03788,iter:33,level:12,rank:0,datasize:500,operation:Residual-Norm
Time:0.00192204,bytes:4000,gbps:0.0166489
cr:1.03788,iter:34,level:0,rank:0,datasize:500,operation:Pre-Smoothing
Time:0.00157018,bytes:4000,gbps:0.0203798
cr:1.03761,iter:34,level:0,rank:0,datasize:500,operation:Residual
Time:0.00027313,bytes:5088,gbps:0.149028
cr:47.5514,iter:34,level:1,rank:0,datasize:636,operation:Pre-Smoothing
Time:0.000319185,bytes:5088,gbps:0.127525
cr:19.875,iter:34,level:1,rank:0,datasize:636,operation:Residual
Time:0.000288869,bytes:6328,gbps:0.175249
cr:59.1402,iter:34,level:2,rank:0,datasize:791,operation:Pre-Smoothing
Time:0.000376808,bytes:6328,gbps:0.13435
cr:16.8298,iter:34,level:2,rank:0,datasize:791,operation:Residual
Time:0.00029464,bytes:7000,gbps:0.190062
cr:65.4206,iter:34,level:3,rank:0,datasize:875,operation:Pre-Smoothing
Time:0.000490721,bytes:7000,gbps:0.114118
cr:11.5512,iter:34,level:3,rank:0,datasize:875,operation:Residual
Time:0.000282558,bytes:5880,gbps:0.166479
cr:54.9533,iter:34,level:4,rank:0,datasize:735,operation:Pre-Smoothing
Time:0.000436057,bytes:5880,gbps:0.107876
cr:6.94215,iter:34,level:4,rank:0,datasize:735,operation:Residual
Time:0.000267233,bytes:4664,gbps:0.139623
cr:43.5888,iter:34,level:5,rank:0,datasize:583,operation:Pre-Smoothing
Time:0.000427686,bytes:4664,gbps:0.0872416
cr:4.90431,iter:34,level:5,rank:0,datasize:583,operation:Residual
Time:0.000258763,bytes:3832,gbps:0.118471
cr:37.2039,iter:34,level:6,rank:0,datasize:479,operation:Pre-Smoothing
Time:0.000462213,bytes:3832,gbps:0.0663244
cr:2.99609,iter:34,level:6,rank:0,datasize:479,operation:Residual
Time:0.000296374,bytes:2944,gbps:0.0794672
cr:28.5825,iter:34,level:7,rank:0,datasize:368,operation:Pre-Smoothing
Time:0.000439638,bytes:2944,gbps:0.0535713
cr:2.89194,iter:34,level:7,rank:0,datasize:368,operation:Residual
Time:0.000250195,bytes:2176,gbps:0.0695777
cr:21.1262,iter:34,level:8,rank:0,datasize:272,operation:Pre-Smoothing
Time:0.000421062,bytes:2176,gbps:0.0413431
cr:2.30021,iter:34,level:8,rank:0,datasize:272,operation:Residual
Time:7.0537e-05,bytes:1312,gbps:0.148801
cr:11.9273,iter:34,level:9,rank:0,datasize:164,operation:Pre-Smoothing
Time:0.000133745,bytes:1312,gbps:0.0784777
cr:1.85049,iter:34,level:9,rank:0,datasize:164,operation:Residual
Time:5.3445e-05,bytes:584,gbps:0.087417
cr:5.30909,iter:34,level:10,rank:0,datasize:73,operation:Pre-Smoothing
Time:8.8227e-05,bytes:584,gbps:0.0529543
cr:1.47848,iter:34,level:10,rank:0,datasize:73,operation:Residual
Time:4.5676e-05,bytes:216,gbps:0.0378317
cr:1.96364,iter:34,level:11,rank:0,datasize:27,operation:Pre-Smoothing
Time:6.3599e-05,bytes:216,gbps:0.0271702
cr:1.09645,iter:34,level:11,rank:0,datasize:27,operation:Residual
Time:4.7453e-05,bytes:64,gbps:0.0107896
cr:0.528926,iter:34,level:12,rank:0,datasize:8,operation:Interpolation
Time:6.9805e-05,bytes:216,gbps:0.0247547
cr:0.927039,iter:34,level:12,rank:0,datasize:27,operation:Post-smoothing
Time:5.0332e-05,bytes:64,gbps:0.0101725
cr:0.528926,iter:34,level:12,rank:0,datasize:8,operation:Interpolation
Time:9.1452e-05,bytes:584,gbps:0.0510869
cr:1.40723,iter:34,level:12,rank:0,datasize:73,operation:Post-smoothing
Time:6.6019e-05,bytes:176,gbps:0.0213272
cr:0.755365,iter:34,level:12,rank:0,datasize:22,operation:Interpolation
Time:0.000137958,bytes:1312,gbps:0.0760811
cr:1.74005,iter:34,level:12,rank:0,datasize:164,operation:Post-smoothing
Time:7.8097e-05,bytes:256,gbps:0.0262238
cr:0.820513,iter:34,level:12,rank:0,datasize:32,operation:Interpolation
Time:0.000459252,bytes:2176,gbps:0.0379051
cr:1.48634,iter:34,level:12,rank:0,datasize:272,operation:Post-smoothing
Time:0.000103488,bytes:368,gbps:0.0284477
cr:0.86385,iter:34,level:12,rank:0,datasize:46,operation:Interpolation
Time:0.000528312,bytes:2944,gbps:0.0445797
cr:1.46614,iter:34,level:12,rank:0,datasize:368,operation:Post-smoothing
Time:0.000133535,bytes:560,gbps:0.0335493
cr:0.968858,iter:34,level:12,rank:0,datasize:70,operation:Interpolation
Time:0.00064457,bytes:3832,gbps:0.0475604
cr:1.50275,iter:34,level:12,rank:0,datasize:479,operation:Post-smoothing
Time:0.000135427,bytes:592,gbps:0.0349709
cr:1.06859,iter:34,level:12,rank:0,datasize:74,operation:Interpolation
Time:0.000687056,bytes:4664,gbps:0.0543071
cr:1.56091,iter:34,level:12,rank:0,datasize:583,operation:Post-smoothing
Time:0.00015857,bytes:896,gbps:0.045204
cr:1.12422,iter:34,level:12,rank:0,datasize:112,operation:Interpolation
Time:0.000753847,bytes:5880,gbps:0.0623999
cr:1.65727,iter:34,level:12,rank:0,datasize:735,operation:Post-smoothing
Time:0.00018263,bytes:1184,gbps:0.0518644
cr:1.23077,iter:34,level:12,rank:0,datasize:148,operation:Interpolation
Time:0.000726853,bytes:7000,gbps:0.0770445
cr:2.22081,iter:34,level:12,rank:0,datasize:875,operation:Post-smoothing
Time:0.000498336,bytes:1600,gbps:0.0256855
cr:1.18431,iter:34,level:12,rank:0,datasize:200,operation:Interpolation
Time:0.000714408,bytes:6328,gbps:0.0708615
cr:2.09814,iter:34,level:12,rank:0,datasize:791,operation:Post-smoothing
Time:0.000455603,bytes:1848,gbps:0.0324493
cr:1.44941,iter:34,level:12,rank:0,datasize:231,operation:Interpolation
Time:0.000588488,bytes:5088,gbps:0.0691671
cr:2.18369,iter:34,level:12,rank:0,datasize:636,operation:Post-smoothing
Time:0.000422574,bytes:1688,gbps:0.0319565
cr:1.72951,iter:34,level:12,rank:0,datasize:211,operation:Interpolation
Time:0.00229263,bytes:4000,gbps:0.0139578
cr:1.03761,iter:34,level:12,rank:0,datasize:500,operation:Post-smoothing
Time:0.00172759,bytes:4000,gbps:0.018523
cr:1.03708,iter:34,level:12,rank:0,datasize:500,operation:Residual-Norm
Time:0.00192023,bytes:4000,gbps:0.0166646
cr:1.03708,iter:35,level:0,rank:0,datasize:500,operation:Pre-Smoothing
Time:0.00155497,bytes:4000,gbps:0.0205791
cr:1.03788,iter:35,level:0,rank:0,datasize:500,operation:Residual
Time:0.000272469,bytes:5088,gbps:0.149389
cr:47.5514,iter:35,level:1,rank:0,datasize:636,operation:Pre-Smoothing
Time:0.000311453,bytes:5088,gbps:0.130691
cr:19.0562,iter:35,level:1,rank:0,datasize:636,operation:Residual
Time:0.000290201,bytes:6328,gbps:0.174445
cr:59.1402,iter:35,level:2,rank:0,datasize:791,operation:Pre-Smoothing
Time:0.000363558,bytes:6328,gbps:0.139246
cr:20.5455,iter:35,level:2,rank:0,datasize:791,operation:Residual
Time:0.00030021,bytes:7000,gbps:0.186536
cr:65.4206,iter:35,level:3,rank:0,datasize:875,operation:Pre-Smoothing
Time:0.000453646,bytes:7000,gbps:0.123444
cr:12.0482,iter:35,level:3,rank:0,datasize:875,operation:Residual
Time:0.000284305,bytes:5880,gbps:0.165456
cr:54.9533,iter:35,level:4,rank:0,datasize:735,operation:Pre-Smoothing
Time:0.000426853,bytes:5880,gbps:0.110202
cr:7.61658,iter:35,level:4,rank:0,datasize:735,operation:Residual
Time:0.000266826,bytes:4664,gbps:0.139836
cr:43.5888,iter:35,level:5,rank:0,datasize:583,operation:Pre-Smoothing
Time:0.0004424,bytes:4664,gbps:0.08434
cr:5.25225,iter:35,level:5,rank:0,datasize:583,operation:Residual
Time:0.000252217,bytes:3832,gbps:0.121546
cr:37.2039,iter:35,level:6,rank:0,datasize:479,operation:Pre-Smoothing
Time:0.000432911,bytes:3832,gbps:0.0708136
cr:3.68108,iter:35,level:6,rank:0,datasize:479,operation:Residual
Time:0.000257872,bytes:2944,gbps:0.0913321
cr:28.5825,iter:35,level:7,rank:0,datasize:368,operation:Pre-Smoothing
Time:0.000425011,bytes:2944,gbps:0.055415
cr:3.15203,iter:35,level:7,rank:0,datasize:368,operation:Residual
Time:0.00024418,bytes:2176,gbps:0.0712917
cr:21.1262,iter:35,level:8,rank:0,datasize:272,operation:Pre-Smoothing
Time:0.000407047,bytes:2176,gbps:0.0427666
cr:2.34989,iter:35,level:8,rank:0,datasize:272,operation:Residual
Time:7.5642e-05,bytes:1312,gbps:0.138759
cr:11.9273,iter:35,level:9,rank:0,datasize:164,operation:Pre-Smoothing
Time:0.000126934,bytes:1312,gbps:0.0826886
cr:2.03096,iter:35,level:9,rank:0,datasize:164,operation:Residual
Time:5.5469e-05,bytes:584,gbps:0.0842272
cr:5.30909,iter:35,level:10,rank:0,datasize:73,operation:Pre-Smoothing
Time:9.3573e-05,bytes:584,gbps:0.0499289
cr:1.39379,iter:35,level:10,rank:0,datasize:73,operation:Residual
Time:4.2835e-05,bytes:216,gbps:0.0403408
cr:1.96364,iter:35,level:11,rank:0,datasize:27,operation:Pre-Smoothing
Time:6.4846e-05,bytes:216,gbps:0.0266478
cr:1.02857,iter:35,level:11,rank:0,datasize:27,operation:Residual
Time:4.7399e-05,bytes:64,gbps:0.0108019
cr:0.528926,iter:35,level:12,rank:0,datasize:8,operation:Interpolation
Time:6.327e-05,bytes:216,gbps:0.0273115
cr:1.08543,iter:35,level:12,rank:0,datasize:27,operation:Post-smoothing
Time:5.0302e-05,bytes:64,gbps:0.0101785
cr:0.528926,iter:35,level:12,rank:0,datasize:8,operation:Interpolation
Time:9.1585e-05,bytes:584,gbps:0.0510127
cr:1.41063,iter:35,level:12,rank:0,datasize:73,operation:Post-smoothing
Time:6.5415e-05,bytes:176,gbps:0.0215241
cr:0.755365,iter:35,level:12,rank:0,datasize:22,operation:Interpolation
Time:0.0001342,bytes:1312,gbps:0.0782116
cr:1.75636,iter:35,level:12,rank:0,datasize:164,operation:Post-smoothing
Time:7.5584e-05,bytes:256,gbps:0.0270957
cr:0.842105,iter:35,level:12,rank:0,datasize:32,operation:Interpolation
Time:0.000458882,bytes:2176,gbps:0.0379357
cr:1.7492,iter:35,level:12,rank:0,datasize:272,operation:Post-smoothing
Time:9.8353e-05,bytes:368,gbps:0.029933
cr:0.886747,iter:35,level:12,rank:0,datasize:46,operation:Interpolation
Time:0.000526792,bytes:2944,gbps:0.0447083
cr:1.53174,iter:35,level:12,rank:0,datasize:368,operation:Post-smoothing
Time:0.000129482,bytes:560,gbps:0.0345994
cr:1.01266,iter:35,level:12,rank:0,datasize:70,operation:Interpolation
Time:0.000605883,bytes:3832,gbps:0.0505972
cr:1.66609,iter:35,level:12,rank:0,datasize:479,operation:Post-smoothing
Time:0.000123554,bytes:592,gbps:0.0383314
cr:1.12762,iter:35,level:12,rank:0,datasize:74,operation:Interpolation
Time:0.000662827,bytes:4664,gbps:0.0562922
cr:1.66631,iter:35,level:12,rank:0,datasize:583,operation:Post-smoothing
Time:0.000177434,bytes:896,gbps:0.0403981
cr:1.12989,iter:35,level:12,rank:0,datasize:112,operation:Interpolation
Time:0.000684012,bytes:5880,gbps:0.0687707
cr:2.13974,iter:35,level:12,rank:0,datasize:735,operation:Post-smoothing
Time:0.000177546,bytes:1184,gbps:0.0533496
cr:1.28556,iter:35,level:12,rank:0,datasize:148,operation:Interpolation
Time:0.000746534,bytes:7000,gbps:0.0750133
cr:2.09832,iter:35,level:12,rank:0,datasize:875,operation:Post-smoothing
Time:0.000476452,bytes:1600,gbps:0.0268652
cr:1.25294,iter:35,level:12,rank:0,datasize:200,operation:Interpolation
Time:0.000698908,bytes:6328,gbps:0.072433
cr:2.28365,iter:35,level:12,rank:0,datasize:791,operation:Post-smoothing
Time:0.000426401,bytes:1848,gbps:0.0346716
cr:1.81532,iter:35,level:12,rank:0,datasize:231,operation:Interpolation
Time:0.000605745,bytes:5088,gbps:0.0671966
cr:2.26536,iter:35,level:12,rank:0,datasize:636,operation:Post-smoothing
Time:0.000424491,bytes:1688,gbps:0.0318122
cr:1.70161,iter:35,level:12,rank:0,datasize:211,operation:Interpolation
Time:0.00226154,bytes:4000,gbps:0.0141496
cr:1.03708,iter:35,level:12,rank:0,datasize:500,operation:Post-smoothing
Time:0.00172087,bytes:4000,gbps:0.0185952
cr:1.03708,iter:35,level:12,rank:0,datasize:500,operation:Residual-Norm
Time:0.00192491,bytes:4000,gbps:0.0166242
cr:1.03708,iter:36,level:0,rank:0,datasize:500,operation:Pre-Smoothing
Time:0.00151668,bytes:4000,gbps:0.0210987
cr:1.03788,iter:36,level:0,rank:0,datasize:500,operation:Residual
Time:0.000270317,bytes:5088,gbps:0.150579
cr:47.5514,iter:36,level:1,rank:0,datasize:636,operation:Pre-Smoothing
Time:0.000315053,bytes:5088,gbps:0.129197
cr:20.1107,iter:36,level:1,rank:0,datasize:636,operation:Residual
Time:0.000284932,bytes:6328,gbps:0.17767
cr:59.1402,iter:36,level:2,rank:0,datasize:791,operation:Pre-Smoothing
Time:0.000355801,bytes:6328,gbps:0.142282
cr:19.837,iter:36,level:2,rank:0,datasize:791,operation:Residual
Time:0.000298546,bytes:7000,gbps:0.187576
cr:65.4206,iter:36,level:3,rank:0,datasize:875,operation:Pre-Smoothing
Time:0.000440501,bytes:7000,gbps:0.127128
cr:14.3443,iter:36,level:3,rank:0,datasize:875,operation:Residual
Time:0.000278174,bytes:5880,gbps:0.169103
cr:54.9533,iter:36,level:4,rank:0,datasize:735,operation:Pre-Smoothing
Time:0.000412987,bytes:5880,gbps:0.113902
cr:9.62357,iter:36,level:4,rank:0,datasize:735,operation:Residual
Time:0.000268937,bytes:4664,gbps:0.138739
cr:43.5888,iter:36,level:5,rank:0,datasize:583,operation:Pre-Smoothing
Time:0.000405701,bytes:4664,gbps:0.0919692
cr:5.67397,iter:36,level:5,rank:0,datasize:583,operation:Residual
Time:0.000253913,bytes:3832,gbps:0.120734
cr:37.2039,iter:36,level:6,rank:0,datasize:479,operation:Pre-Smoothing
Time:0.00041363,bytes:3832,gbps:0.0741145
cr:4.00837,iter:36,level:6,rank:0,datasize:479,operation:Residual
Time:0.000253835,bytes:2944,gbps:0.0927847
cr:28.5825,iter:36,level:7,rank:0,datasize:368,operation:Pre-Smoothing
Time:0.000420813,bytes:2944,gbps:0.0559679
cr:3.0795,iter:36,level:7,rank:0,datasize:368,operation:Residual
Time:0.000270191,bytes:2176,gbps:0.0644285
cr:21.1262,iter:36,level:8,rank:0,datasize:272,operation:Pre-Smoothing
Time:0.000407506,bytes:2176,gbps:0.0427184
cr:2.47554,iter:36,level:8,rank:0,datasize:272,operation:Residual
Time:7.1115e-05,bytes:1312,gbps:0.147592
cr:11.9273,iter:36,level:9,rank:0,datasize:164,operation:Pre-Smoothing
Time:0.000120813,bytes:1312,gbps:0.0868781
cr:2.17219,iter:36,level:9,rank:0,datasize:164,operation:Residual
Time:5.1166e-05,bytes:584,gbps:0.0913106
cr:5.30909,iter:36,level:10,rank:0,datasize:73,operation:Pre-Smoothing
Time:8.3898e-05,bytes:584,gbps:0.0556867
cr:1.47103,iter:36,level:10,rank:0,datasize:73,operation:Residual
Time:4.266e-05,bytes:216,gbps:0.0405063
cr:1.96364,iter:36,level:11,rank:0,datasize:27,operation:Pre-Smoothing
Time:5.6109e-05,bytes:216,gbps:0.0307972
cr:1.27059,iter:36,level:11,rank:0,datasize:27,operation:Residual
Time:5.2776e-05,bytes:64,gbps:0.00970138
cr:0.528926,iter:36,level:12,rank:0,datasize:8,operation:Interpolation
Time:5.9434e-05,bytes:216,gbps:0.0290743
cr:1.29341,iter:36,level:12,rank:0,datasize:27,operation:Post-smoothing
Time:4.8758e-05,bytes:64,gbps:0.0105008
cr:0.528926,iter:36,level:12,rank:0,datasize:8,operation:Interpolation
Time:8.7457e-05,bytes:584,gbps:0.0534205
cr:1.53684,iter:36,level:12,rank:0,datasize:73,operation:Post-smoothing
Time:6.5096e-05,bytes:176,gbps:0.0216296
cr:0.755365,iter:36,level:12,rank:0,datasize:22,operation:Interpolation
Time:0.000129282,bytes:1312,gbps:0.0811869
cr:1.8427,iter:36,level:12,rank:0,datasize:164,operation:Post-smoothing
Time:7.6537e-05,bytes:256,gbps:0.0267583
cr:0.836601,iter:36,level:12,rank:0,datasize:32,operation:Interpolation
Time:0.000442739,bytes:2176,gbps:0.0393189
cr:1.99633,iter:36,level:12,rank:0,datasize:272,operation:Post-smoothing
Time:0.00011396,bytes:368,gbps:0.0258336
cr:0.904177,iter:36,level:12,rank:0,datasize:46,operation:Interpolation
Time:0.000507363,bytes:2944,gbps:0.0464204
cr:1.64561,iter:36,level:12,rank:0,datasize:368,operation:Post-smoothing
Time:0.000124621,bytes:560,gbps:0.035949
cr:1.01083,iter:36,level:12,rank:0,datasize:70,operation:Interpolation
Time:0.0005829,bytes:3832,gbps:0.0525922
cr:1.74658,iter:36,level:12,rank:0,datasize:479,operation:Post-smoothing
Time:0.000130891,bytes:592,gbps:0.0361828
cr:1.10654,iter:36,level:12,rank:0,datasize:74,operation:Interpolation
Time:0.000641224,bytes:4664,gbps:0.0581887
cr:1.75735,iter:36,level:12,rank:0,datasize:583,operation:Post-smoothing
Time:0.000156835,bytes:896,gbps:0.0457041
cr:1.17431,iter:36,level:12,rank:0,datasize:112,operation:Interpolation
Time:0.000642557,bytes:5880,gbps:0.0732075
cr:2.29419,iter:36,level:12,rank:0,datasize:735,operation:Post-smoothing
Time:0.000173554,bytes:1184,gbps:0.0545767
cr:1.30973,iter:36,level:12,rank:0,datasize:148,operation:Interpolation
Time:0.000667797,bytes:7000,gbps:0.0838578
cr:2.61878,iter:36,level:12,rank:0,datasize:875,operation:Post-smoothing
Time:0.000442038,bytes:1600,gbps:0.0289568
cr:1.68599,iter:36,level:12,rank:0,datasize:200,operation:Interpolation
Time:0.000661565,bytes:6328,gbps:0.0765216
cr:2.39063,iter:36,level:12,rank:0,datasize:791,operation:Post-smoothing
Time:0.000425114,bytes:1848,gbps:0.0347766
cr:1.85356,iter:36,level:12,rank:0,datasize:231,operation:Interpolation
Time:0.000548033,bytes:5088,gbps:0.0742729
cr:2.52632,iter:36,level:12,rank:0,datasize:636,operation:Post-smoothing
Time:0.000410303,bytes:1688,gbps:0.0329123
cr:1.9789,iter:36,level:12,rank:0,datasize:211,operation:Interpolation
Time:0.00230407,bytes:4000,gbps:0.0138885
cr:1.03708,iter:36,level:12,rank:0,datasize:500,operation:Post-smoothing
Time:0.00171948,bytes:4000,gbps:0.0186103
cr:1.03734,iter:36,level:12,rank:0,datasize:500,operation:Residual-Norm
Total iterations is: 37
Res[0] = 1.000000e+00
Res[1] = 1.153281e-01
Res[2] = 2.061976e-02
Res[3] = 4.812385e-03
Res[4] = 1.606713e-03
Res[5] = 7.093785e-04
Res[6] = 3.645079e-04
Res[7] = 2.050528e-04
Res[8] = 1.231066e-04
Res[9] = 7.778426e-05
Res[10] = 5.125432e-05
Res[11] = 3.498282e-05
Res[12] = 2.459920e-05
Res[13] = 1.774064e-05
Res[14] = 1.307108e-05
Res[15] = 9.805867e-06
Res[16] = 7.468779e-06
Res[17] = 5.761545e-06
Res[18] = 4.492278e-06
Res[19] = 3.534401e-06
Res[20] = 2.802054e-06
Res[21] = 2.235969e-06
Res[22] = 1.794312e-06
Res[23] = 1.446918e-06
Res[24] = 1.171518e-06
Res[25] = 9.521573e-07
Res[26] = 7.765639e-07
Res[27] = 6.350816e-07
Res[28] = 5.206490e-07
Res[29] = 4.280348e-07
Res[30] = 3.525253e-07
Res[31] = 2.907766e-07
Res[32] = 2.406025e-07
Res[33] = 1.991934e-07
Res[34] = 1.651811e-07
Res[35] = 1.371091e-07
Res[36] = 1.139950e-07
Res[37] = 9.488612e-08
Total iterations is: 37
Raptor AMG Matrix Grid Time: 6.708550e-01
Raptor AMG Setup Time: 5.476252e+00
Raptor AMG Solve Time: 9.998238e+00
